id,is_canceled
54530,0
21700,0
74790,1
92567,0
52846,0
37068,0
3369,0
72980,1
82741,1
96521,0
112276,0
23182,0
11895,0
61120,1
98933,0
78481,0
104448,0
112743,0
40028,0
17512,0
76437,1
114145,0
22246,0
108079,0
103679,0
80356,0
31913,0
50581,1
82147,1
99749,1
23200,1
105710,0
19165,0
88926,0
106333,0
88797,0
104719,0
51924,0
63269,1
85079,0
79220,0
102475,1
50890,0
37556,0
7935,1
30916,0
42792,1
105346,0
77126,0
12423,1
80605,0
102944,0
14073,0
90528,0
7889,0
102980,0
105846,1
91599,0
62576,0
114685,1
45016,0
13517,0
40009,0
52202,1
107671,0
76892,0
110938,0
115708,0
97118,0
86669,0
8867,0
13593,1
103726,0
106405,0
17905,0
49615,0
32617,0
52245,1
99536,0
32166,0
62331,0
38043,0
53985,1
22728,0
46060,1
81703,1
73201,1
62287,1
56005,1
18537,0
43517,1
76108,1
117632,0
23446,0
53261,1
53952,1
47530,0
89342,0
9441,1
72412,1
100547,0
48097,0
29184,0
59937,1
18180,0
38148,0
80061,1
28981,0
75888,1
49400,1
59582,0
76006,1
86051,0
19764,0
19917,0
46366,0
41723,1
102229,0
67961,0
17500,0
4004,1
51182,1
40280,1
46606,0
92647,0
113481,0
63788,0
36617,0
91554,0
111753,0
29827,0
9334,0
87511,1
43689,0
33329,0
69270,0
99447,0
102138,0
87947,0
19664,0
67398,1
2109,0
40795,0
88995,0
7821,0
51059,1
70393,0
52161,1
19597,0
36976,1
89630,0
7375,1
99066,0
14196,0
114683,1
88371,0
91909,0
115416,0
65004,0
108766,1
100604,0
243,0
98590,0
5509,1
116276,0
112713,0
47791,0
55553,1
69966,1
16125,0
85973,0
24682,0
52446,1
25970,0
75218,1
11494,0
61219,0
84131,0
104378,0
111442,0
52575,1
3267,0
58917,1
68890,0
93903,0
21354,0
116436,0
70204,1
50422,1
63610,0
90891,0
5354,0
40228,1
116268,0
102866,0
12776,0
99424,0
46443,1
25160,0
41331,1
97081,0
68323,1
88801,1
63484,1
67031,1
70804,1
65863,1
29029,0
32169,0
93879,0
7585,1
54531,1
66564,1
92295,1
24010,0
74799,1
103473,0
82774,1
108968,0
114671,0
60604,1
119150,0
95661,0
96155,1
16843,0
37226,0
68558,1
102357,0
87087,0
86010,0
16198,0
86419,0
112210,0
27904,0
13257,1
23228,0
36894,0
33620,0
63800,1
85941,1
57536,1
93144,0
39772,0
36799,0
42497,0
73114,1
107285,0
11709,1
91520,0
111110,0
61653,1
34704,0
95274,0
116562,1
52120,1
111605,0
551,0
5481,1
102034,0
4130,0
79721,0
83840,0
98905,0
69770,1
48198,1
33057,0
103626,0
102433,0
6737,0
11269,1
22642,0
4706,0
19820,0
29929,0
30353,0
21795,0
102419,0
30826,0
49423,1
6307,1
54800,1
112171,0
33972,0
18213,0
16646,0
81382,0
27673,0
14161,0
1477,0
32629,0
42934,0
47967,0
27222,0
80003,1
70965,1
49384,1
95744,0
51026,1
43040,0
595,0
31676,0
112487,0
54036,0
20375,0
22301,0
21900,0
117816,1
65782,0
42271,1
32491,0
113275,0
114336,1
98130,0
66447,1
24681,0
39655,1
49956,1
51380,1
114575,0
100422,0
8763,0
79006,1
113832,1
55576,1
21199,0
102726,0
115999,0
57916,0
56838,1
64523,0
34002,0
83836,1
80354,0
71440,1
59960,1
15928,0
109549,0
85184,0
114801,0
88792,0
54590,0
108250,0
72145,1
42764,0
105566,0
113517,0
5870,1
97364,0
106700,0
33874,0
74449,1
75611,1
79175,0
88916,1
32995,0
75890,1
17795,0
60229,1
116998,0
87114,0
5830,0
54843,1
115972,0
7041,0
41697,0
55877,1
80747,1
51536,1
28234,0
50213,1
25582,0
93317,0
2466,0
63921,1
77701,0
58644,0
84876,0
56651,1
78696,0
58093,1
39286,0
16978,0
56360,1
114037,1
56411,1
11657,1
27001,0
107379,1
117767,0
94608,0
93550,1
97431,0
69423,0
55981,1
38502,0
7965,1
37848,0
52699,1
53906,1
44310,1
33476,0
103926,0
69591,1
101210,0
81465,0
101772,0
96940,0
77721,0
58309,0
28542,0
101503,0
9819,0
118719,0
15289,0
74632,1
3396,0
86259,0
25435,0
52616,1
40044,0
32347,0
31660,0
91213,0
36849,0
13582,0
81124,1
97162,0
27287,0
59666,0
87810,0
94769,0
52667,1
8333,1
61035,0
51662,1
92002,0
49231,0
84519,0
119289,0
45817,0
46124,0
31256,0
69295,1
110247,0
22087,0
13217,0
50709,0
49284,0
81670,1
83872,0
100722,0
118428,0
81470,0
68810,0
86722,0
29588,0
81104,1
65285,1
111166,0
39153,0
53224,1
4748,0
108777,1
109513,0
44531,1
85782,1
38216,0
30118,0
59585,1
101878,0
109113,0
106401,0
110511,0
16957,0
97494,1
22320,0
25816,0
57538,1
44269,0
83386,0
10765,0
71737,1
107908,0
28598,0
42338,0
15667,1
40658,0
65040,1
60659,1
31293,0
93968,0
58204,1
90700,0
72324,1
91258,0
95987,0
26444,0
99298,0
32389,0
22988,0
44064,0
105069,0
62675,1
76077,1
105993,0
87016,0
66329,0
91167,0
50558,0
24516,0
54764,1
10430,1
58671,0
77746,0
92672,0
98846,0
39027,0
88640,0
114426,0
68998,0
23023,0
16882,0
14096,0
18019,0
57857,0
25128,0
45011,1
62532,1
117714,0
35109,0
39681,1
12526,1
12467,0
3904,1
18882,1
48880,1
23001,0
45473,1
22447,0
90699,0
61534,1
106455,1
101996,0
5777,0
62615,0
70261,1
22140,0
15061,0
23900,0
9788,0
32268,0
67923,0
117513,0
105613,0
118766,1
32993,0
31440,0
68449,1
99299,0
51233,1
93421,0
53467,1
90334,0
8939,1
51710,1
67770,1
55686,1
55243,1
65667,1
29031,1
75924,1
107094,0
112706,0
104440,0
115998,0
84924,0
43186,0
59200,1
69687,0
79041,0
23985,0
92065,0
86488,0
55667,1
7963,1
22364,0
107810,0
96872,0
110722,0
26645,0
98532,0
97954,0
117288,0
47173,0
7243,0
103438,0
79645,0
8665,1
24400,0
64510,1
91044,0
112507,0
75671,1
14981,1
73611,0
74039,1
58978,1
44880,0
2601,0
80646,0
48917,0
73772,1
28492,0
79842,1
35753,0
102886,0
13844,0
13705,1
52947,1
99864,0
85557,0
33310,0
19555,1
102066,0
32392,0
22800,0
101212,0
16972,0
41096,0
14872,1
93646,0
45963,1
116814,0
46303,0
100049,0
43456,1
30178,0
90285,0
99381,0
78966,1
72323,1
100115,0
55065,1
84398,1
31392,0
78987,0
102062,0
108132,0
67406,1
14243,0
87229,1
59816,1
64479,1
64140,1
86878,0
10140,0
110081,1
83463,0
66816,1
91116,0
18822,1
77186,1
21118,0
82192,0
37375,0
58636,1
12793,0
45249,1
93983,0
107701,0
11698,0
64054,0
47950,1
78573,0
73279,0
33047,0
823,0
14511,0
46265,0
22825,0
88839,0
57050,1
59027,0
58388,1
89175,0
2899,0
12028,0
74186,1
2520,0
113186,0
24074,0
77614,0
85993,0
55128,1
27334,0
31226,0
47397,0
62813,1
92783,0
93487,0
45291,0
114700,0
80089,1
108338,0
48958,0
16698,1
112836,0
28691,0
51460,1
19384,0
52211,1
44324,1
25815,0
113081,0
64077,0
47170,1
26343,0
47920,1
67424,1
104704,0
60030,1
10416,0
71552,1
11882,0
93478,0
12983,1
18463,0
100525,0
48529,1
108710,1
84121,0
30537,0
36991,0
96865,1
41358,0
61618,0
110608,0
8010,1
37948,0
2434,0
18335,1
39442,0
91220,0
29488,0
59171,1
82191,0
80454,1
15583,1
108789,0
79212,0
66902,1
24495,0
91281,0
17425,0
39559,1
41432,0
43733,0
49316,1
55496,1
64612,0
38373,0
87749,0
56407,1
100851,0
79204,0
19220,1
70897,1
65241,1
34414,0
73299,1
14430,0
73668,1
79922,1
100593,0
29675,0
112465,0
31964,0
74567,1
54987,1
33410,1
37037,0
19868,0
85536,1
58253,0
63094,1
72725,1
94009,0
117813,1
21255,0
104061,0
47238,0
106538,0
108908,0
50961,1
8353,0
57120,1
109089,0
14505,0
17573,0
101352,0
64921,1
11477,1
35808,0
79060,0
4567,0
61898,0
58756,1
83599,0
101613,1
116388,0
57109,1
3106,0
102001,0
30621,0
108187,0
102065,0
45047,1
1199,0
71675,0
83169,0
52327,1
39296,0
2756,0
69672,1
43245,0
111821,0
117051,0
12087,1
52622,1
33975,0
89634,0
33609,0
83117,0
12065,1
112901,1
17661,0
54343,1
118137,0
61430,0
71657,0
4033,0
101904,0
83330,0
14579,0
89588,0
65839,1
86544,0
4998,1
88699,0
27822,0
91308,0
82867,1
109462,0
102685,0
34188,0
29256,0
82371,1
105160,0
28360,0
41803,0
98416,0
98255,0
29484,0
80287,1
47328,1
103859,1
20904,1
92409,0
69690,0
45764,0
100192,0
42000,0
58805,1
84447,0
89427,0
64582,1
22424,0
15944,0
86533,0
95502,0
30980,0
67692,1
26511,0
8603,0
56504,1
58621,1
53365,0
73145,1
72354,1
93534,0
30232,0
67899,1
47675,1
55530,0
28887,0
36024,0
91714,0
34415,0
117010,0
120,0
88290,0
11787,0
115826,0
92105,0
29708,0
50566,0
60772,0
68790,1
58114,1
97357,0
58301,1
93132,0
46963,1
88490,0
51063,1
2724,0
5467,1
110775,1
119375,0
51236,1
18969,0
109412,1
116399,0
1857,0
19564,0
60863,1
87558,0
40370,0
51991,0
642,1
112263,0
11726,0
63048,0
20257,0
73793,1
34057,0
111462,0
57439,0
66667,1
795,0
17216,0
32830,0
50630,1
31606,0
87199,0
65666,1
28063,0
28212,0
8758,0
42783,1
46345,1
64473,0
74027,1
94993,0
55648,0
61963,1
35647,0
4840,1
98041,0
26395,0
55609,1
38187,0
92999,0
33485,0
91664,0
18917,0
22864,0
105170,0
64956,1
50800,0
35184,0
101796,0
7498,0
49411,1
115816,0
72944,1
7992,1
11442,1
107760,0
58013,1
15654,0
64914,0
35255,0
35316,0
20822,0
36091,0
92000,1
34837,0
29763,0
9822,0
68741,1
31795,0
10584,1
2898,0
99723,0
74276,1
86378,0
75831,1
49799,1
62078,1
115263,0
114143,0
10567,1
39932,0
71872,1
104687,0
5962,1
97942,0
14200,0
51834,0
16364,0
54514,1
32870,0
85434,0
119164,0
78745,0
105855,0
100297,0
59291,0
11703,0
10340,1
50969,1
102470,0
3846,0
65279,1
13041,1
74808,1
34129,0
109760,0
3988,0
114705,0
64522,0
65720,1
74035,1
37350,0
76666,0
72763,0
39266,0
27175,0
42307,0
25966,0
21296,0
50982,1
57028,1
118191,0
25790,0
111129,0
17921,0
81942,1
16096,0
118855,0
11190,1
99396,0
10992,0
44738,0
42428,1
39656,0
15752,0
25536,1
60103,0
20563,0
102235,1
113884,0
36786,0
91172,0
18696,0
75451,1
15220,1
71509,0
95245,0
101169,0
31141,0
52108,0
29806,0
96455,0
28319,0
114043,0
47642,0
92146,0
45440,0
54630,1
90267,0
58363,0
97454,0
78689,0
88658,1
16756,1
55030,1
94889,0
54780,0
118415,0
96463,0
45034,0
65081,1
44083,1
49082,1
60173,1
1015,0
118522,0
4351,1
75450,1
20846,0
118048,0
22276,1
51049,1
50823,1
50044,1
50736,1
40917,0
73889,1
26025,0
111361,1
17048,0
38509,0
31331,0
8664,1
88294,0
105058,0
56155,1
69177,0
2238,0
76629,0
37274,0
69833,1
36030,1
16509,0
66780,1
13009,1
47403,0
75844,1
107869,0
69180,1
38175,0
54939,0
53453,0
74215,1
52681,1
53137,1
38167,0
117874,0
7084,1
6342,1
23462,0
46605,0
100810,0
63085,0
44436,1
36527,0
76427,1
89584,0
35655,0
80911,0
73658,1
107522,0
51839,0
90199,0
34459,0
79318,1
85349,0
4437,1
102187,0
30344,0
41998,0
34875,0
16476,0
47817,0
84916,0
95355,0
112510,0
3309,0
31664,0
108609,0
82224,1
84831,0
80094,1
89911,0
8208,1
87965,0
95327,0
94405,0
45580,1
108728,1
6129,0
17314,0
66675,1
22213,0
50275,1
67083,0
104893,0
104444,0
30598,0
9764,1
113419,0
32704,0
8620,1
77052,1
94492,0
17734,0
54098,1
54993,0
115357,0
79642,0
108175,0
23378,0
74763,0
88740,0
61887,0
97291,0
94584,0
34883,0
35264,0
99349,0
89699,0
103072,1
57877,0
101866,0
5917,0
41572,0
79646,0
114046,0
37089,0
111475,0
108389,0
58630,1
959,1
3482,1
114668,0
18250,0
40320,0
31636,0
87617,0
89457,0
116158,0
89677,0
93377,0
76276,1
110716,0
44677,1
38476,0
66518,1
62667,1
40780,0
77225,0
25043,0
94290,0
28516,0
46032,0
94169,1
16562,1
103601,0
114564,0
22526,0
27928,0
66690,1
98908,0
19672,0
78224,0
90066,0
110799,1
90080,0
78792,0
116953,0
115170,1
116949,0
97710,0
35512,0
21152,0
110044,0
75575,0
18861,0
32565,0
96133,1
67057,1
31251,0
41341,0
103968,1
83577,0
35291,0
29307,0
41368,0
114288,0
44637,0
79758,0
35462,0
101988,0
81517,0
26589,0
4299,1
43096,1
17378,0
35057,0
92991,1
21936,0
50276,1
12611,0
72314,1
11028,0
48582,0
34978,0
3497,1
113087,0
52587,1
84889,0
39373,0
48798,1
83006,0
10274,0
96513,0
97731,0
10791,1
73979,1
40086,0
826,0
20952,0
12504,1
109917,0
14111,0
39586,0
30908,0
115390,0
89261,0
103580,0
59813,1
79303,0
76774,1
13440,0
48512,1
113880,1
46541,0
43281,0
58250,1
6515,1
24223,1
3393,1
43685,0
69993,1
87477,1
53401,1
9663,1
111023,0
43729,0
34781,1
55610,1
74647,1
89463,0
91967,0
109315,0
69713,1
49418,1
13305,0
5102,1
10222,0
82887,1
51091,0
15863,0
43711,0
110903,1
53113,1
88789,0
46962,0
36177,0
66747,1
4509,0
25299,0
15059,0
20579,0
51697,1
118686,1
58814,1
81224,1
28503,0
110752,0
102313,0
33624,0
86960,0
49222,1
100177,0
54554,1
103240,0
31642,0
110264,1
87488,0
17876,0
27964,0
81159,0
10664,1
103594,0
52353,1
11574,0
39935,0
57026,1
8546,1
47118,1
96980,0
51381,1
5698,1
95165,0
32465,0
60666,0
36235,0
37019,0
49061,1
9711,0
60662,0
80099,1
5542,0
52778,1
23919,0
10327,1
20536,0
106212,0
50546,0
95152,0
23710,0
90577,0
44217,0
39114,0
50533,0
56971,1
23915,0
60911,0
23373,0
47313,1
82152,1
65775,0
93703,0
101171,0
74740,1
92675,0
51289,1
25252,0
73565,0
62165,0
6107,0
23583,0
108347,0
18188,0
94381,0
104905,0
9568,0
38342,0
94531,0
115370,0
35521,0
87254,0
51987,1
33028,0
109150,0
12604,1
60121,1
76856,0
83784,0
24115,0
84841,0
23180,0
116028,0
5333,1
47867,1
90423,1
116183,0
71918,0
94478,0
58136,0
86294,0
16289,0
13835,0
112693,0
32648,0
48734,0
20397,0
32688,0
62814,1
21421,1
108081,0
77481,0
115393,0
65702,1
28054,0
116861,0
42602,0
23457,0
54220,1
92760,0
634,0
790,1
39728,0
27770,0
61018,1
79631,0
13897,0
27987,0
56469,0
9901,1
73037,1
46374,1
74680,1
114065,0
9481,1
69608,1
35855,0
51549,0
1053,1
7061,1
58656,0
14754,1
77986,1
103488,0
28646,0
5465,1
34758,0
57707,1
61320,0
39146,0
61663,1
50648,1
43019,0
77356,1
82725,0
55353,1
5988,1
42632,1
86642,1
94583,0
32728,0
38274,0
70514,1
101042,0
69459,0
49324,1
5970,1
64437,1
95272,0
96343,0
13211,0
21632,0
90017,0
32198,0
79414,1
68546,1
39315,0
8123,0
49491,1
3713,0
9501,1
48923,0
46814,0
73701,0
106590,0
40114,1
68303,1
13214,0
72468,0
62105,0
82158,1
56158,0
85957,0
64104,1
104488,0
79667,0
66972,0
111073,0
2147,0
75645,1
34376,0
71934,0
52791,1
72499,1
115901,0
118842,0
83191,0
91573,0
792,0
107301,0
27731,0
38699,0
105523,0
85580,0
117879,0
13702,1
103503,0
78785,0
6535,1
67763,0
76639,0
92328,0
73836,1
64968,1
66273,0
3334,0
20336,0
21997,0
74313,1
86022,0
33909,0
111524,0
94320,0
71347,1
97721,0
107199,0
69341,1
3678,0
12022,0
27307,0
42315,0
24819,0
52429,1
96001,0
61142,0
95836,0
26282,1
114710,1
109355,0
115702,0
33853,0
7865,1
73300,0
29094,0
19338,0
59934,1
81479,0
109003,0
15780,0
41925,0
9985,0
89292,0
98270,0
114112,1
38589,0
63067,0
109054,0
8881,1
109394,0
80891,0
99934,0
9321,0
13717,1
20425,0
56057,1
57241,1
38015,0
48280,1
24810,0
115645,0
107461,0
113833,1
63082,0
10492,1
72573,1
30085,0
100342,1
107407,0
14531,0
43510,0
87375,1
95436,0
18899,0
15236,0
47105,0
55850,1
43661,0
112969,0
8418,0
18833,0
105570,0
84768,0
49669,1
107638,0
69052,0
108374,0
68725,1
15497,0
11277,1
18466,0
19171,0
38897,0
59862,1
100792,0
1258,0
88821,0
57047,1
13749,0
12593,0
72075,1
26957,0
29002,0
1915,0
97543,0
12219,1
70587,0
68491,0
89095,0
112852,0
24888,0
76562,1
56361,1
118355,0
51440,0
57865,0
40697,0
115501,0
17072,0
64978,1
102947,1
18834,1
34228,0
70451,1
98475,0
41779,0
81741,1
15117,1
3494,1
82537,0
79265,1
61414,1
41423,0
46287,0
4478,0
7228,1
27923,0
87545,0
118687,1
97434,0
84885,0
60644,0
56931,0
13129,1
72761,1
63326,1
115292,0
43328,0
46241,0
40891,0
116855,0
83230,0
97370,0
108198,0
53307,0
47429,0
105099,1
50587,1
16591,0
92919,0
82981,0
89314,0
413,0
74795,1
71728,1
34,0
16986,0
79084,0
5269,1
34865,0
61349,1
93737,0
5472,1
81969,1
93688,0
88772,0
28806,0
47969,0
25887,0
935,0
103457,0
23193,0
57126,1
106213,0
77339,0
80461,1
12819,0
8830,1
9565,1
105473,1
107803,1
44147,0
84506,0
112553,0
89664,0
20728,0
73108,1
70780,0
2828,1
59864,0
22265,0
85107,0
3414,0
35726,0
75695,1
41746,0
110804,0
119359,0
72241,0
28100,0
16121,0
97049,0
89940,1
53976,1
24369,0
83267,0
95457,0
113104,1
67750,1
51474,1
73034,0
62303,1
75690,1
65052,1
6051,0
83679,0
5717,1
110224,0
25010,0
75361,1
34481,0
44996,0
69358,1
110912,0
60259,1
76872,1
93055,0
77361,1
118424,0
103529,0
113054,1
12584,1
25631,0
60764,0
27199,0
105773,1
76573,1
81817,1
36508,0
104881,0
42058,1
80190,1
86996,0
111165,0
58076,1
26966,0
41429,0
68969,1
22024,0
96937,0
19122,0
19240,0
95857,0
97209,0
94876,0
3173,0
17076,0
51519,1
16520,0
104912,0
98842,0
86504,0
75254,1
68527,1
34854,0
102996,0
9970,1
54321,1
67827,0
93174,0
108631,0
108625,0
14994,1
80393,1
44427,1
78999,0
47821,1
59218,1
39103,0
109802,0
90602,0
12706,0
406,0
78674,0
69756,1
75766,1
105758,0
83695,0
19322,0
99730,0
90264,0
93666,0
15340,1
56808,1
46928,0
37934,0
26188,0
40767,1
15124,0
91431,1
38550,0
116170,0
113698,0
42376,1
13885,0
64756,1
20003,0
91422,1
78267,1
29302,0
112649,0
52606,1
110598,0
68939,0
119039,0
62807,1
58740,1
116701,0
59520,1
34507,0
40496,1
3874,0
89219,1
12182,1
63049,1
98766,0
98970,0
76429,1
79022,1
12563,0
99896,0
67283,0
35653,0
32161,0
13407,1
38038,0
19601,0
52224,1
50794,0
31394,0
48409,1
63639,0
31546,0
16615,0
70964,1
10881,1
103543,0
58235,0
60321,1
65042,1
93053,0
65923,1
50789,1
40936,0
64391,1
77074,1
80916,0
18398,0
56038,1
28966,0
31492,1
113484,0
17355,0
5620,0
99842,0
62585,1
111220,0
73458,1
36016,0
99150,0
93305,0
9789,0
110786,0
103951,0
72774,1
70383,1
87101,0
99967,0
105290,0
97464,0
40311,1
31831,0
44701,1
66558,1
82439,0
38247,0
44073,1
37275,0
43527,1
15727,1
90974,1
61834,0
106824,1
31179,0
79147,0
18746,0
81629,1
114441,0
25327,0
115846,0
75738,1
91466,0
4234,0
77037,1
59203,0
26512,0
63386,0
96472,0
36380,0
67792,1
73474,1
48525,0
36398,0
61422,0
81583,1
36451,0
10601,0
47596,0
74796,1
36762,0
8096,1
98633,1
9300,0
50512,1
70211,1
112405,0
112773,0
10794,0
17494,0
42300,0
80592,0
91728,0
32854,0
74801,1
44174,0
94950,0
30942,0
62579,0
74554,1
52299,1
77845,0
24039,0
8627,1
104651,0
9034,1
19747,0
1037,0
1524,0
57848,1
49171,1
65190,0
66088,0
1406,0
104404,0
96416,0
49111,1
2250,0
31477,0
17003,0
107193,0
82432,0
32143,0
83439,0
10421,1
38527,1
48060,0
105126,0
1354,0
7305,0
46423,0
33054,0
109911,0
64840,0
40466,1
39391,0
66395,0
1480,1
119263,0
58151,1
115215,0
60411,1
55524,1
37627,0
78212,0
20584,0
39568,0
39981,0
96327,0
54144,1
88381,0
7792,1
26513,0
37076,0
27093,0
117395,0
17095,0
3718,0
78172,0
71207,0
37928,0
14761,1
17898,0
50583,0
60438,1
20601,0
2634,1
53851,1
117774,0
49463,1
55592,0
94729,0
29455,0
68196,1
67804,1
85542,0
40677,0
63412,0
63476,1
71405,0
28346,0
11470,1
86685,1
17195,0
94732,0
9930,0
19660,0
73314,0
28631,0
115309,0
75401,1
70630,0
4125,1
32072,0
118953,0
36035,0
100991,1
104535,1
44041,1
70508,1
117561,1
81044,1
115496,0
73620,1
115442,0
85095,0
53534,1
91825,0
13162,0
7765,0
80413,1
39314,0
40601,0
41439,0
43981,1
80491,1
79343,0
40075,0
58539,0
28294,0
86495,1
73577,1
114389,0
59685,1
57522,1
12143,0
80997,1
88576,1
9938,0
64475,0
113853,0
114570,1
46759,0
70402,0
22146,0
71938,0
68529,1
87139,1
79800,0
72712,0
42761,0
102002,0
26746,1
55059,1
108785,0
90807,1
25154,0
26494,0
94160,0
24678,0
5701,0
32112,0
112197,0
25382,0
35624,0
112875,0
96786,0
82276,0
63723,1
42109,0
46876,0
46285,0
14638,0
49862,0
68547,1
62746,1
30433,0
30970,0
2137,1
82573,1
55772,1
11557,1
72402,1
100360,0
2765,0
97037,0
10275,0
6199,0
62374,1
78318,0
19949,0
51947,0
110522,0
116185,0
90703,0
10964,0
29498,0
34341,0
5523,1
83932,0
117534,0
18681,0
49199,1
81197,0
22071,0
95102,0
109185,0
30369,0
66181,1
60251,1
103256,0
84553,0
8264,0
17784,0
36111,0
40757,0
109735,0
108332,0
67136,0
12585,1
94563,0
29520,0
37785,0
98698,0
8126,0
47119,0
38196,0
48726,0
93407,0
30045,0
111994,0
90650,0
26527,0
80353,0
66638,1
106184,0
102753,1
4638,1
49354,0
61741,1
24188,0
91709,0
45142,1
115763,0
79112,0
6317,1
81520,0
79982,0
84851,0
73970,1
27063,0
101892,0
49184,1
48069,0
86786,0
10205,0
78643,0
98017,0
111473,0
30198,0
45154,0
59669,1
57255,1
110971,0
67340,1
94906,0
31317,0
75050,1
11265,0
73143,1
104145,0
28852,0
16523,1
8080,1
115902,0
116012,0
68246,1
12789,1
116443,1
88739,0
15284,0
57727,1
16210,0
38307,0
90443,0
1742,0
45379,0
54117,1
48609,1
72109,0
86354,0
116339,0
5991,0
32980,0
16498,0
7135,1
109363,0
33334,0
59274,1
103001,0
32551,0
100066,1
58102,1
64613,1
47100,0
5082,0
54864,1
31431,0
30265,0
56713,1
45241,1
49045,0
101670,0
101049,0
41854,1
33012,0
20732,0
72784,0
50096,1
94686,0
46415,1
66923,1
26587,0
95596,1
22717,0
59071,1
48457,0
54010,1
113972,0
112526,0
52162,1
41522,0
112811,0
53792,1
55685,1
24730,0
18191,0
35422,1
87065,0
32722,0
37565,0
73468,0
80989,0
111451,0
77836,0
110141,0
59004,1
55513,0
60108,0
108504,0
106218,0
104841,0
104397,0
33285,0
92272,0
114222,1
102852,0
59396,1
57621,1
25933,1
1583,1
114554,0
98583,0
85057,0
86936,0
4735,1
32809,0
44927,0
10455,0
93822,0
45140,0
15278,0
48473,1
38685,0
63234,0
81759,1
106118,0
34482,0
98418,0
13964,0
111484,0
75785,1
46698,1
94235,0
45620,0
9552,0
91208,0
101348,0
1513,0
105305,0
95949,0
15840,0
38944,0
34886,0
52685,1
54569,1
19656,0
108821,0
111745,0
13322,0
83730,0
50400,1
8594,1
37054,0
49445,1
29527,0
3123,0
43443,1
99931,0
67249,1
92949,0
21568,1
20929,0
22840,0
5486,0
9023,0
33156,0
38565,0
69146,1
5505,1
5256,1
27266,0
40298,1
23270,0
23835,0
46262,0
63002,0
77491,0
66599,1
1531,0
4435,0
18529,0
12545,1
26445,0
39820,0
82025,1
45381,0
76314,0
7818,1
61955,1
91575,0
65884,1
21088,0
110811,0
20714,0
114178,0
46603,0
76399,0
110278,0
86096,0
75553,0
36888,0
78846,0
14070,0
97022,0
22263,0
97526,0
24836,0
76227,1
48339,0
79493,0
105271,0
30535,0
76891,0
91987,0
116641,0
56184,1
37423,0
7132,0
76776,1
72749,1
64300,1
20274,0
55942,1
78210,0
24447,0
15202,1
44090,1
64662,0
7808,0
111717,0
75909,1
98997,0
118351,0
79435,1
29130,0
40058,0
56428,0
10917,0
45836,0
69685,0
54033,1
116928,0
42048,1
9350,1
43518,0
2265,0
6930,0
104932,0
104091,0
5113,1
105556,0
50475,1
21903,0
14464,0
107362,0
88834,0
28399,0
100850,0
95467,0
27542,0
94609,0
6542,0
15741,0
68388,1
54132,0
492,0
35357,0
99992,0
24708,0
38964,0
31355,0
69224,1
10842,0
82357,1
117759,0
29098,0
55699,1
52897,1
62967,1
28576,0
38203,0
116776,0
88367,0
60075,1
88238,0
117928,0
83120,1
23220,0
100785,0
98624,0
62315,1
101083,0
108212,0
92033,1
16825,1
48994,1
52635,0
13332,0
98348,0
44653,0
110603,0
31055,0
44237,0
35108,0
102534,0
90523,0
54896,1
56004,1
108798,0
107543,0
40221,1
53309,1
41366,0
114812,0
26150,0
79088,0
51366,1
74468,1
112165,0
5969,1
61901,0
27491,0
104293,0
58561,1
94332,1
70982,1
111468,0
100094,0
13669,1
93382,0
105944,0
102540,0
89766,1
59140,1
13018,1
70315,1
25406,0
68961,1
55517,0
50870,0
56875,0
109701,0
38052,0
59577,0
98634,0
98818,0
80856,0
68452,1
115228,1
86672,0
113005,0
43524,0
91995,0
25722,0
5742,0
106053,0
104661,0
32558,0
112976,1
12403,0
266,1
98884,0
48207,1
8721,0
52129,1
63768,1
87197,1
46692,0
58368,1
101946,0
77026,0
20047,0
40348,0
4612,1
48317,1
83185,0
80779,1
45095,0
82598,0
56620,1
98289,1
12694,1
84243,0
88891,0
16164,1
82767,1
33545,0
17812,0
47745,1
70339,0
84562,0
58945,0
40000,0
53060,1
101331,0
70717,1
73159,1
97468,0
88256,0
30818,0
35121,0
92376,0
111264,0
63061,0
32841,0
44815,0
17650,0
58191,0
17037,0
25986,1
325,0
109414,0
27480,0
112792,0
34675,0
110078,0
105580,0
60402,0
57092,0
32762,0
86365,0
40821,0
66913,1
59199,0
51968,1
97271,0
67325,1
102544,0
60311,1
92275,0
84996,0
67708,1
66827,1
104985,0
117754,0
59153,1
11928,1
52382,0
58899,1
113395,0
119005,0
102202,0
86626,1
79363,1
46672,0
92702,1
14448,0
79103,0
7242,1
94680,0
2579,0
115005,1
87313,0
6375,0
29191,0
34703,0
37552,0
92247,0
105608,0
44232,0
73475,1
11981,1
552,0
110004,1
12715,0
66612,1
55590,1
33623,0
113660,0
87083,0
7580,1
92551,0
12502,0
9165,0
83948,0
40473,1
39397,0
13277,1
18823,1
22497,0
105261,0
84797,0
39813,0
79485,0
77598,0
13950,0
57569,0
107549,0
100258,0
47188,1
67607,1
99796,0
4613,1
78371,0
16848,0
114486,0
110729,0
118267,0
28204,0
95484,0
98263,0
58154,1
44059,0
82864,1
12915,1
30969,0
9256,1
26436,1
42923,0
41283,0
1839,1
75377,1
43643,0
82187,1
14390,0
96214,0
94455,0
75623,1
53654,0
78994,0
82643,0
81190,0
51246,1
24896,0
57320,0
94262,0
84128,0
95210,1
53981,1
100226,0
81082,0
92746,0
43583,0
21579,0
60308,1
112462,0
7340,1
85699,0
63329,1
25269,0
23406,0
8872,0
30010,0
84472,0
37015,0
89511,0
49341,1
24625,0
116931,0
97313,0
86763,0
19960,0
14338,0
86688,0
14057,0
47242,1
22407,1
95280,0
80421,1
98065,0
73829,1
8252,1
112893,0
4512,1
16522,0
48124,1
92942,0
84656,0
30011,0
696,0
38300,0
90185,1
19619,0
31699,0
889,0
2244,0
61356,1
115395,0
106284,0
36280,0
113817,0
115908,0
52185,1
32931,0
79546,1
46127,0
29961,0
116800,0
51528,0
20577,0
56347,1
46869,0
6304,0
2764,0
71343,0
16160,0
115332,0
23625,0
45497,0
117242,0
79681,0
41997,0
13434,0
60129,1
43708,0
34122,0
25464,0
27519,0
2896,0
55528,1
13806,0
40117,1
32155,0
757,1
32074,0
2377,1
77029,0
51587,0
99182,0
6407,0
60948,1
23474,1
33446,0
50531,0
75303,1
81259,0
52498,1
99123,0
35078,0
66227,1
13053,0
109309,0
71740,0
81782,1
37721,0
27699,0
31346,0
93943,0
13384,1
82545,0
23641,0
106785,0
22554,0
106291,0
781,0
96317,0
44678,1
34620,0
31759,0
118710,0
76081,1
81123,1
45511,1
110997,0
27137,0
65737,0
55281,0
85069,0
68281,1
76460,1
48688,1
88661,1
50714,0
106170,0
73880,1
71677,0
8610,1
29347,0
5292,1
59829,1
49750,1
107,0
46827,0
103049,0
35197,0
67048,0
87045,0
99279,1
108692,0
2940,1
57789,0
86236,0
46258,0
100717,0
33996,0
25522,0
42726,1
103993,0
34346,0
58430,1
4368,0
36047,1
86991,0
30119,0
116361,1
96080,0
35768,0
114623,0
57483,1
25213,0
53716,1
42831,1
11910,1
10197,0
42970,0
103081,0
57735,1
77607,0
101682,0
2735,0
4604,0
78314,0
18220,0
78248,1
15791,0
71188,1
59486,1
25174,1
43110,0
86891,0
82859,1
96870,0
30877,0
91857,0
107771,0
64775,1
109488,0
35598,0
44424,0
1349,1
95830,1
80675,0
72420,0
47663,1
81282,0
20422,0
87437,0
9655,0
16396,0
56432,0
77747,0
41495,0
24826,0
107517,0
73747,1
15370,0
93171,0
106288,0
63762,0
5595,0
95082,0
55370,1
35632,0
60281,1
14955,0
62590,1
97899,0
90316,0
71377,0
1234,0
10836,1
65443,1
63102,1
102141,0
21177,0
49419,0
58257,1
68149,1
55067,1
30544,0
37563,0
62738,0
101146,0
24469,0
11645,1
62958,1
60964,1
115993,1
39870,0
78227,0
16272,0
47224,1
39473,1
21842,0
36312,0
73832,1
118680,0
3835,0
93412,0
33745,0
24850,0
76095,1
90647,0
19691,0
101280,0
103705,0
89275,0
9430,1
109732,0
91495,0
103094,0
96560,0
96850,1
36115,0
18508,0
91746,0
77938,0
25983,0
13312,0
11417,0
52077,1
56231,1
41252,0
91964,1
102543,0
7108,0
29464,0
83465,0
14237,0
115575,0
45178,0
89162,0
29769,0
69869,0
91576,1
24003,0
39484,0
45900,0
79404,1
5091,1
61991,0
107133,0
2638,1
112163,1
20427,0
75274,1
18594,1
38087,0
78600,1
78033,0
36202,0
30351,0
60454,0
47634,1
34389,0
81877,1
103970,1
11817,1
57747,0
81739,1
74601,1
23530,0
42887,1
12669,1
98056,0
109157,1
9532,0
38248,0
4747,0
90089,0
44443,1
751,1
56048,1
117301,1
48758,1
79846,1
4303,1
26248,0
15814,0
10862,1
81801,1
8538,1
107582,0
24562,0
36502,0
23681,0
106946,0
76787,1
91303,0
100989,0
5934,0
90207,0
49961,0
60425,1
72585,0
110211,0
52711,0
19648,0
97817,0
57944,1
47367,1
41800,0
44088,1
54148,1
26246,0
55189,0
86141,0
72539,1
93072,0
78038,0
56555,0
19449,1
67634,1
12295,0
27165,0
62656,1
64317,0
47314,1
60962,1
91246,0
20801,0
15893,0
101687,0
91841,0
7588,0
52852,1
85022,0
56978,1
64727,1
29246,0
110798,0
94198,0
37630,0
70560,0
83219,0
50802,1
13044,1
87720,0
77842,0
61923,1
114279,0
49,0
43127,0
20281,0
24825,0
93331,1
77267,1
39872,0
4076,1
15973,0
50602,0
36441,0
15951,1
17256,1
12109,0
65978,1
48251,1
70071,1
68847,0
84551,0
38390,0
9797,0
7219,1
107230,0
94942,0
72056,0
46516,0
82821,1
87626,0
70086,1
51383,1
28439,0
4316,0
88463,0
90401,0
62687,1
5140,0
64034,0
27721,0
12414,0
70384,1
32247,0
89148,0
117528,1
41827,0
102694,0
71254,1
24597,0
8381,1
22299,0
61794,1
92083,1
113004,0
112068,0
80335,1
63363,1
71676,1
94560,0
20989,0
68685,1
77550,1
69310,1
103973,0
44007,0
36464,0
112733,0
3022,0
68104,0
52195,1
12002,1
108701,0
674,1
60181,1
48979,1
113720,1
87464,1
105041,0
7382,0
11552,0
38392,0
111458,1
30255,0
29216,0
45147,0
62537,1
43556,1
58684,1
23888,0
94071,0
7193,0
96987,0
3196,0
116357,1
95808,0
42786,1
68742,1
16667,0
80068,0
6989,1
58663,0
14704,1
83876,0
30050,0
77581,0
65643,1
114560,0
71803,1
73202,0
83055,0
14940,1
54459,0
107382,0
72060,1
87308,0
14853,1
84068,0
18020,0
18707,0
79489,0
50307,1
40164,1
31156,0
110370,0
43654,0
78385,0
90570,0
22625,0
107685,0
113493,0
106188,0
16844,0
14854,1
91012,0
25097,0
75201,1
44518,0
82700,0
45450,0
23782,0
45679,0
70218,1
111045,0
44179,0
38814,0
97376,0
20367,0
97703,0
66213,1
53537,1
50500,1
20015,0
90656,0
51891,0
46599,0
106689,1
18125,0
56089,0
95468,0
52975,1
40618,1
76102,1
98443,1
72834,0
34495,0
3537,0
67086,1
1332,0
24778,0
37676,0
41043,0
63843,1
80402,1
71455,0
7351,1
60440,1
42505,0
52255,1
21749,0
98368,0
105205,0
50193,1
107550,1
106891,0
71149,1
22689,0
95811,0
77518,0
17963,0
110161,0
42653,0
76015,1
11624,0
31026,0
20062,0
72015,0
2316,1
50780,0
80697,0
100844,0
67772,1
67695,1
100518,0
85226,0
9344,0
109884,0
87777,1
45970,1
84673,0
91300,0
85362,0
119173,1
14460,1
84893,0
8164,0
20879,0
114562,0
98917,0
4722,0
114098,0
33506,0
42432,1
84257,0
81522,0
99417,0
110683,1
107656,0
38784,1
97033,0
58768,1
69531,1
27499,0
58123,1
33597,0
66812,1
91368,0
83058,0
83050,0
85357,0
52944,1
99249,0
7692,0
78368,0
13494,0
53623,1
101888,1
75222,1
89331,0
16614,0
105191,0
51450,1
39438,1
7887,0
49708,0
20520,0
17768,0
110063,0
35529,0
45719,0
93696,0
67537,1
106903,0
36017,1
16027,0
111077,0
29481,0
118869,0
95858,0
5898,0
25265,0
7925,0
55778,1
75486,1
30091,0
67117,0
111042,0
39047,0
112968,0
23168,0
117078,0
58521,1
4135,0
65676,1
68036,0
116534,0
22335,0
100340,0
48543,0
8217,1
81354,1
111901,1
86807,0
14583,0
14195,0
12815,0
94170,0
1294,0
118174,0
111123,0
24494,0
37886,0
64131,1
102180,0
40569,0
79138,0
87765,0
79317,1
107297,0
107906,0
48573,1
77527,0
9795,0
47384,0
99643,0
91238,0
53318,1
45660,0
76605,0
66910,1
78688,0
53455,1
4411,0
53360,1
108484,0
90706,1
97532,0
58780,0
23249,0
29389,1
97242,0
62043,0
109565,0
34185,0
118627,0
16485,0
22319,0
81030,1
5087,1
81335,0
9480,1
48109,1
28533,0
96843,0
56515,1
35970,0
11175,0
12353,1
82777,1
43152,0
109867,1
85672,0
59610,1
106839,0
33259,1
58190,1
119188,0
41754,1
6912,0
103115,0
114503,0
30400,0
20836,0
31631,0
105724,0
61069,0
45883,0
97755,0
38269,0
3595,1
58153,1
9653,0
55512,1
10120,1
113334,0
18333,1
88068,0
12610,0
103657,0
98007,0
35883,0
48513,0
63715,0
75318,1
68285,1
21189,0
25123,0
29459,0
62974,0
100885,0
110905,0
86007,0
57649,0
28990,0
60923,0
43078,0
8598,0
22941,0
25773,1
83437,0
64635,1
73068,0
4479,0
13454,1
105864,0
68791,1
34931,0
46023,0
26241,0
118110,0
23586,0
26190,0
1396,0
40099,0
57700,1
5673,1
110753,0
52726,0
47716,0
46809,0
65746,1
31704,0
66022,1
70892,1
47647,1
99132,0
116230,1
96185,0
71972,1
97119,0
77355,1
42955,1
1096,0
64206,1
24047,0
7127,1
41109,1
114967,1
21528,0
47246,0
93304,0
40346,1
67956,1
247,0
59752,1
36605,0
75281,1
94399,0
109171,0
97368,0
28963,0
14682,1
46386,1
1489,0
625,1
37545,0
45550,0
87047,0
61459,0
20821,0
31232,1
90624,0
76846,0
83896,0
56722,1
81988,1
118045,0
87388,0
80662,0
21849,0
78697,0
97610,0
62128,0
74294,1
119003,0
107999,0
44000,1
117495,1
28658,0
73964,1
20052,0
77976,0
89023,0
31980,0
85235,0
100220,0
21920,0
116524,0
45887,0
25853,0
31239,0
28548,0
58727,1
105448,0
84880,0
119301,0
31768,0
35615,0
25822,0
67095,0
56495,1
753,0
7866,0
114484,0
51655,1
37208,0
68349,0
60558,1
81004,1
108080,0
80971,0
17159,0
65523,0
12314,0
3197,0
26965,0
86893,0
24679,1
96925,0
25,0
88298,0
76150,1
109709,0
202,0
8278,1
78255,0
51854,0
21417,0
17412,1
65832,1
65465,1
80908,0
33266,0
21067,0
35553,0
86462,0
69383,1
88435,0
13134,1
109675,1
106054,0
68102,0
17623,0
76555,1
63264,0
58999,1
115113,1
30190,0
104489,1
74316,1
53542,0
50090,0
66221,1
32322,0
73166,0
107967,1
66666,1
14631,0
101602,1
114885,0
35081,0
98987,0
91925,0
18745,0
7686,1
34219,0
26633,0
77510,0
81466,0
59636,1
41258,1
87042,0
68384,0
44081,1
112576,0
16945,0
3235,0
13968,0
74129,1
49698,0
56311,0
34115,0
110380,0
78208,0
74843,1
114335,0
73060,1
75970,1
93872,0
40634,0
4619,1
116456,0
20955,0
31998,0
68223,1
65853,1
34815,0
71003,1
61326,1
67672,1
102473,0
93394,0
55135,1
4271,1
80612,1
97001,0
7750,0
61873,0
89597,0
107607,0
114865,0
86636,0
68368,1
51403,1
80336,1
23566,0
111844,0
97734,0
18615,0
114392,1
101514,0
46813,0
11327,0
78864,0
48087,1
1759,0
76019,1
1482,0
37889,0
6358,1
71490,0
16884,0
102723,0
40934,0
35712,1
18236,0
111454,0
28904,0
77388,1
45343,0
11561,0
94245,0
93510,0
56355,1
103278,0
96642,0
47718,0
72234,1
46119,1
102590,0
100188,0
96411,0
45189,0
13913,0
111786,0
52736,1
6352,1
4650,1
102181,0
38969,0
71076,1
119140,1
108499,0
42693,0
10244,0
94299,0
31290,0
53141,1
118562,0
81792,1
97091,0
18062,0
20216,0
100018,0
42157,0
5851,1
89306,0
47160,0
45832,0
17713,0
52662,1
80103,1
82556,0
13150,0
95515,0
12516,0
31151,0
117907,0
7032,1
50618,0
27472,0
41281,1
84919,0
117805,0
69876,1
33238,0
24441,0
31749,0
4363,0
38450,0
53955,1
81849,1
11555,1
86216,0
16206,0
38558,0
16733,0
113849,0
116723,0
87431,0
89965,0
82167,1
110878,0
43162,0
15576,0
22763,0
76712,0
57281,0
11353,1
21399,0
43860,1
82504,0
103609,0
43539,0
80331,1
6404,0
93295,0
65447,1
73330,0
107778,0
26239,0
60289,1
3493,1
47210,0
5794,1
22119,0
27646,0
42639,0
89198,0
26255,0
12573,0
93533,0
81927,1
50718,1
108105,0
114688,0
112715,0
44253,0
82668,0
16850,0
53431,0
18500,0
38548,1
52132,1
81903,1
37823,0
19758,0
46141,0
66171,1
35488,0
110525,0
88136,0
64609,1
56604,1
108350,0
95988,1
58300,0
116410,0
53296,1
10237,0
101930,0
80400,1
45165,0
105663,0
59933,1
3357,0
65446,1
66761,1
55181,1
73867,1
117801,1
60903,1
114329,0
109697,0
88191,0
34795,0
81490,0
52673,1
71840,0
100324,0
117952,1
31224,0
57312,0
83033,0
43658,0
99801,0
91937,0
97461,0
31255,0
75271,1
68800,1
37755,0
52543,1
8026,1
109518,0
9037,0
118156,0
116306,0
104243,0
40770,0
24705,0
63519,0
37801,0
94823,1
101833,0
7640,0
83130,0
72160,1
42780,1
41424,0
23328,0
58141,0
103185,0
45904,0
42704,0
50409,0
78681,1
111241,1
59998,1
21914,0
109590,0
105166,0
65380,1
24547,0
118449,1
81033,1
102972,0
112607,0
100008,0
70770,1
114264,1
55157,1
1514,1
57206,1
66786,1
81136,1
83677,0
70201,0
33287,0
65235,0
57303,1
22494,0
96099,0
86635,0
74377,1
21448,0
89857,1
95687,0
87719,0
111488,1
31328,0
58528,1
114443,0
13298,0
115648,0
35809,0
16689,1
106164,0
8284,1
108979,0
23693,0
35550,0
51512,0
8344,1
9048,0
5454,0
63331,1
57462,1
86062,0
104602,0
99623,0
97484,0
58263,0
7196,1
99197,0
112227,0
73000,0
101636,0
28352,0
67736,1
81679,1
105652,0
52909,1
79145,0
80415,1
57654,0
46128,0
23187,0
68637,1
33610,0
39971,0
97026,0
60152,0
92540,0
66686,1
14731,1
30239,0
104343,0
72076,1
52583,1
32022,0
15661,1
25873,0
25741,0
112303,0
85070,0
78884,0
17263,1
59260,0
100217,0
9606,0
77091,0
99442,0
56746,0
90505,0
110461,0
96704,0
118034,0
59283,1
2456,0
68652,1
93739,0
70474,1
60760,0
9707,0
93529,0
3553,0
87764,1
67511,1
107612,0
78305,0
9449,0
45393,0
102153,0
57421,0
48497,1
83707,0
81304,0
90810,0
34806,0
73245,0
61006,1
54507,0
53108,1
29189,0
58036,1
58786,1
10474,1
30058,0
104547,0
78309,0
83002,0
32293,0
37925,0
64345,0
77952,0
78562,0
107090,0
83881,0
42825,0
93466,0
40958,0
8431,1
24546,0
74932,1
109127,0
3877,0
25002,0
39142,0
8214,0
23247,0
105743,0
72064,0
78714,0
112518,0
18980,0
111352,0
71237,1
76933,1
46744,0
89650,0
83702,0
38490,0
30734,0
14224,0
74034,1
49215,1
101908,0
507,0
55464,0
25478,0
85470,0
63296,1
7596,0
58910,1
96798,0
40892,0
5230,0
51083,0
67126,0
116557,1
18079,0
105572,0
33588,0
60683,1
118996,0
92387,0
109084,0
84644,0
95308,0
55247,0
31655,0
15525,0
97379,0
89335,0
74242,1
118864,0
1940,0
78089,1
30655,0
10438,0
95042,0
99639,0
47545,0
78952,0
48871,1
79361,0
78896,0
33405,0
67317,1
4876,1
37777,0
65200,1
16404,0
28019,1
45677,0
84520,0
81840,1
46785,0
52519,1
27242,0
64275,0
70064,1
41856,0
51127,1
81075,0
31571,0
89564,1
44519,0
40349,0
4984,1
111366,0
36269,0
4635,0
70374,1
79495,0
35908,0
19056,0
25405,0
100469,0
32743,0
18911,0
86988,0
61609,1
21853,0
73711,1
118795,0
115510,0
14835,1
113097,0
3390,1
58119,0
94747,0
34361,0
59527,1
60485,1
90683,0
109646,0
108934,0
60313,1
77006,0
52572,1
13777,0
3304,0
69502,1
112659,0
97117,0
86386,0
29836,0
119283,1
61448,0
52154,1
55886,1
36002,0
45248,1
106755,0
36898,0
110253,0
61,1
115611,0
2888,0
108889,0
96643,0
80702,0
68544,1
36482,0
65703,1
93818,0
24827,1
35124,0
22761,0
89728,0
114454,0
1362,0
73014,1
117603,1
91872,0
70134,1
85799,0
44551,0
104458,0
47834,1
83768,0
103711,0
68161,0
72711,1
84956,0
49381,1
42180,0
63972,1
86738,0
96719,0
57378,0
63001,0
22738,0
14960,1
47379,0
47503,0
106364,0
110985,0
117886,0
73387,0
100724,0
45504,0
112996,0
58794,0
10527,0
24754,0
87022,0
60300,1
9475,0
96837,0
32219,0
36658,0
21928,0
34814,0
56770,0
36120,0
29099,0
2773,1
81240,0
80985,0
14050,0
27237,0
56086,0
86870,0
67273,1
22143,0
102880,1
28572,0
35091,0
117109,0
97603,0
44992,0
113452,0
19845,0
80764,1
42859,0
14236,0
68457,1
36934,1
93126,0
61502,1
4279,1
7782,1
92825,0
37452,0
87681,0
4924,0
20637,0
35608,0
77197,0
89071,1
65724,1
72514,0
10517,1
79042,0
32838,0
54077,1
62700,1
95448,0
87791,0
22957,0
22194,0
15641,0
4257,0
109641,1
92170,0
42519,0
81267,0
43239,0
29053,0
56475,1
70876,0
30679,0
29569,0
50488,1
75501,1
10278,0
39021,1
12879,0
109924,0
39041,0
17948,0
11139,0
42258,0
79792,0
73564,1
99794,0
50133,1
8577,1
63584,0
118453,0
73442,1
109212,0
13949,0
100082,0
32626,0
45920,0
87716,0
91513,0
63888,0
25586,0
118099,0
76690,0
26177,0
19876,0
40999,0
85239,0
112481,0
102888,0
96215,0
77823,0
118335,1
22344,0
17596,0
7239,1
115558,0
13083,1
60186,1
108435,0
55478,1
90092,0
22026,0
28556,0
59111,1
106119,0
38062,0
61999,0
74827,1
57676,0
85952,0
115135,0
86251,0
75410,1
81260,0
116920,0
42429,0
90288,0
18667,0
14736,1
6690,0
64905,0
37007,0
70279,0
18246,0
35032,0
107477,0
103548,0
100230,0
49551,1
60976,0
20141,0
64217,1
20852,0
93093,0
2821,1
80986,1
61434,0
33961,0
86832,0
103765,0
144,0
92384,0
80820,1
48624,1
29451,0
6725,0
55962,1
74938,1
82789,1
62031,0
51810,1
26973,0
44999,1
31499,0
103980,0
9671,0
105250,0
109826,0
81023,1
44684,1
22367,0
33001,1
20266,0
103551,0
99513,0
100817,0
100020,0
54721,1
80337,1
48879,1
100494,0
66811,1
60375,0
114548,0
117404,0
88073,0
76546,1
34832,0
71234,1
41028,0
34762,1
54624,1
94064,0
42408,0
92435,1
109958,0
31235,0
45712,0
99676,0
96991,0
77217,0
42743,0
12333,0
26442,0
6567,1
32068,0
99960,0
99053,0
26561,1
19636,0
118039,0
92632,0
76254,1
26805,0
14052,0
34439,0
91881,0
87900,0
84726,0
77108,0
63146,1
1419,0
7894,1
39816,0
32105,0
21249,0
83460,0
94854,0
77811,0
10721,0
104132,0
56741,1
42646,1
35997,0
58812,1
76307,0
18618,1
61591,0
6405,0
38852,1
103611,0
319,0
96657,0
107794,0
65436,1
49076,1
109829,0
102623,0
97695,0
20971,0
92335,0
110667,0
101830,0
74318,1
13544,0
55544,1
17984,0
118484,0
73596,0
14965,0
115595,1
51099,1
81690,0
73259,1
30358,0
12217,0
43598,0
16197,0
59177,1
118402,0
46223,0
105022,0
18701,0
59608,0
55215,0
119214,0
66891,1
96403,0
117277,0
112796,1
114440,0
86665,1
78909,0
71988,1
9307,0
7593,1
92345,0
6184,1
74984,1
53545,1
66435,1
6545,1
74425,1
94546,0
101254,0
10781,1
95133,0
39323,0
61382,1
15384,0
36890,0
12810,1
12240,1
64629,0
118862,0
17488,0
37935,0
55518,1
83425,0
68860,0
749,1
62868,1
21563,0
82218,1
48301,1
68837,1
97158,0
80329,1
68801,1
97092,0
54146,0
113173,0
15441,0
94540,0
1895,0
32172,0
96780,0
40479,0
4729,0
6837,0
97616,0
15719,1
31883,0
5043,0
72311,0
64147,1
28425,0
84911,0
12260,0
80818,0
29145,0
65314,0
5362,0
97098,0
26593,0
10213,0
8007,1
15748,0
67198,1
41790,1
113473,0
34437,0
28086,0
10942,1
681,0
117951,0
91069,0
75282,1
93460,0
68648,1
76821,0
7761,0
74580,1
11047,1
4679,0
79398,0
37294,0
22277,0
67733,0
17465,0
19542,0
11284,1
24022,1
107013,1
2539,0
40541,0
99524,0
4311,0
72305,0
34864,0
80340,1
67116,0
47453,0
105495,0
38713,0
31051,0
26054,0
17248,1
11309,0
16323,0
21784,0
53161,1
4557,0
66193,1
107400,0
5204,0
59989,1
68065,1
7940,1
48913,1
89932,0
73939,1
41116,0
9099,0
61658,1
79998,1
63608,0
83853,0
16370,0
22752,0
57613,1
96958,0
10744,0
112347,0
42403,0
3324,0
12963,0
59173,0
51459,1
98713,0
88102,1
107996,0
65998,0
87309,0
59014,0
10092,1
19311,0
73661,0
94856,0
33340,0
110451,0
97634,0
22112,0
25622,0
8251,0
88036,0
39208,0
100461,0
110083,0
12220,0
92973,0
34554,0
73591,0
59235,0
108878,0
66592,1
55895,0
58410,1
89987,0
103618,0
91144,0
51351,1
26507,0
76040,1
24660,0
38630,1
21043,1
27618,0
77371,1
38232,0
15844,0
74944,1
91011,0
43682,0
107645,0
108990,0
26143,0
79769,0
62383,1
83256,0
98315,0
37937,0
36965,0
29706,0
84216,0
93800,0
74551,1
4410,1
17874,0
42469,0
56639,1
111568,1
90340,0
3252,0
29264,0
58133,1
58111,0
70651,1
9793,0
88151,0
37055,0
39035,0
75878,1
14840,1
51820,1
49511,1
76968,1
90123,1
113225,1
44478,1
118944,0
97947,0
2041,0
35757,0
6195,1
22669,0
8876,1
90635,0
41494,0
19401,0
35369,0
105825,0
80790,0
76897,0
113470,0
24159,0
107293,0
94110,0
12609,1
93475,0
23844,0
6655,0
35710,0
107423,0
40657,0
28471,0
56818,1
79713,1
79339,0
75347,1
54049,1
67838,1
22106,0
27177,0
71063,1
104556,0
110229,0
111024,0
36238,0
116687,0
102656,0
1893,0
67769,1
87025,0
20495,0
14836,1
114474,0
24662,0
67509,1
14441,0
96612,0
115975,0
11040,1
42039,1
19840,0
93711,0
113863,0
41219,1
103343,0
20398,0
47989,1
54258,0
77313,0
39522,0
77688,1
84700,0
89236,0
79596,0
101269,0
6887,1
101983,0
109721,0
49793,1
94605,0
51580,0
24078,0
33834,0
65661,1
85556,0
60338,1
113027,0
62222,1
7067,0
38032,0
13697,0
73576,0
33542,0
87997,0
97606,0
101272,0
36492,0
36642,0
101591,0
57263,0
70548,0
85971,0
104755,0
71191,1
45074,0
34861,0
53450,0
108559,0
84058,0
34728,0
32391,1
35943,0
57913,0
84192,0
30782,0
92907,0
93857,1
84670,0
46977,0
57448,1
51023,1
59650,1
47547,0
68611,1
70159,1
114214,0
97668,1
95180,0
81108,1
73551,1
97266,0
27902,0
66249,1
119266,0
15657,1
41631,0
27128,0
33100,0
117633,0
95929,1
70115,0
26238,0
60791,1
103574,0
12471,1
71411,0
109173,0
13441,1
48436,0
56101,0
22563,1
7115,1
13868,0
109689,0
86076,0
61107,1
38524,0
22844,1
32642,0
96767,0
70662,1
29500,0
23575,0
56603,1
87041,0
101047,0
73955,1
33073,0
53898,1
70922,0
34496,0
47366,1
103258,0
64287,1
61405,1
27840,1
65367,0
44963,1
52266,1
96307,0
52876,1
68467,1
58615,1
68126,0
30107,0
29567,0
82004,1
81168,0
17752,0
38249,0
30765,0
62299,1
14900,1
44380,0
47450,0
74689,1
87006,0
110108,0
55162,0
47584,1
54256,1
77502,0
50060,1
106716,0
42862,0
44466,1
89607,0
19461,0
16387,0
59436,1
107335,0
31019,0
8663,0
111917,0
32318,0
33376,0
48955,1
53628,0
40209,0
69124,0
118187,1
10001,0
95703,0
11350,1
13525,0
107618,0
81164,1
61234,1
110789,0
110744,1
37851,0
114196,0
32579,0
49692,1
69253,1
29600,0
114633,1
56391,1
112453,0
85701,0
29889,0
87458,1
39061,0
117357,0
39569,0
91202,0
113632,0
33166,0
53698,1
102948,0
57696,1
5926,0
19969,0
33790,0
109663,0
62736,0
49229,1
11845,0
113095,1
58435,0
102789,0
24373,0
111769,0
30108,0
107859,0
5099,0
82569,0
84540,0
79859,1
22472,0
41799,0
30206,0
91597,1
13340,0
65655,1
44660,0
79683,0
81011,1
107953,0
74481,1
44913,0
92405,0
60761,0
44109,1
17881,0
69661,1
47704,0
101191,0
39404,0
2048,0
11053,0
88267,0
79608,0
72829,0
2654,1
113530,0
29782,0
14878,1
75381,1
106000,0
99913,0
69379,1
35780,0
52465,1
92625,0
87534,0
58374,1
72026,1
108199,0
43101,0
89756,0
95208,0
111564,0
68466,1
96533,0
37411,0
19972,0
16977,0
37680,0
22710,0
56274,1
102132,0
71193,1
63352,1
48973,0
24150,0
10412,1
5261,1
45514,1
105464,0
67076,1
112415,0
16025,0
50589,1
115522,0
52865,1
95089,0
82597,0
79302,0
113453,0
20590,0
80716,0
84595,0
96832,0
105197,0
31393,0
871,0
50757,1
34194,0
11096,0
96673,0
69949,1
54794,0
78955,0
111491,0
105939,0
58044,0
117025,0
116945,0
60118,0
78514,0
60707,0
1323,1
59155,1
21268,0
33173,0
64000,1
21398,0
36119,0
39943,0
1565,0
58557,1
11217,1
49909,1
9856,0
100191,0
98699,0
92722,0
56800,1
105073,0
72660,0
114242,1
30273,0
38197,0
49485,1
53496,1
29673,0
44180,0
114229,1
73226,1
32965,0
31911,0
93348,0
54503,1
91384,0
32478,0
67172,1
92512,0
8305,0
93976,0
9854,0
1297,0
22797,0
105264,0
42282,0
58518,1
89147,0
27589,0
36730,0
72386,0
90587,0
68689,1
56502,1
21878,1
106917,0
79906,0
106033,0
31878,0
68177,1
117532,0
5749,1
106457,1
43705,1
21689,0
83468,0
7711,1
86788,0
117824,0
108205,0
88122,0
47741,0
69407,1
26291,0
22618,0
4517,0
47717,1
108724,0
117122,0
56959,1
15885,0
57656,0
74086,1
99310,0
54497,0
50949,1
20686,0
40623,1
48309,1
70311,1
10193,0
26037,0
71378,1
42691,0
30809,0
46838,1
44941,1
84360,0
46435,0
64780,1
32665,0
59512,1
5661,0
99548,0
53829,1
66351,1
87780,0
34683,0
83547,0
4967,0
36058,0
14046,0
7309,0
105183,0
89862,0
8576,1
36608,0
80376,1
65905,1
98803,0
112825,1
95306,0
89079,0
23235,0
104925,0
79479,0
33864,0
106895,1
5128,0
84314,1
112584,0
103864,0
35210,0
67739,1
55418,1
81651,0
85732,0
101740,0
74678,1
108576,0
73380,1
73215,0
74304,1
111383,0
88894,0
81551,1
72882,1
5037,1
113442,0
29374,0
95329,0
38498,0
21022,0
96270,0
70967,1
26292,0
48822,1
35530,0
89636,0
81895,1
82974,0
79570,0
61015,1
109596,0
94518,0
72957,0
32585,0
68584,1
51117,1
96682,0
77436,0
108071,0
26180,0
109520,0
71989,0
79900,0
7597,1
103650,0
104407,0
86205,0
25672,0
22471,0
6682,0
68698,0
106769,0
52462,1
101043,0
85905,0
97505,0
91433,0
84038,0
13733,1
17502,0
40781,0
88249,0
49626,1
100337,0
34995,0
43599,1
42122,0
94278,0
89523,0
70228,1
14110,0
990,0
76988,1
108916,0
69778,1
101463,0
99783,0
96986,0
25776,0
61241,0
112662,0
49675,1
64992,1
75400,1
57345,1
94798,0
113659,0
107507,0
67291,0
91276,0
25347,0
26318,0
42007,0
93556,0
85925,0
21750,0
63183,1
29268,0
108760,0
7231,0
12727,0
75033,1
87618,0
118067,0
56962,0
73345,1
73135,0
21463,0
35797,0
24269,0
19357,0
102615,0
14457,0
96830,0
40951,0
84170,0
37053,0
70822,1
67918,1
87260,0
91866,0
117802,0
13376,0
90676,0
53963,1
89768,1
33383,0
111312,0
100698,0
98313,0
81356,0
50750,1
82360,1
3418,1
79686,0
16988,0
101451,0
42648,0
29486,0
22575,0
65054,0
113793,1
499,0
109609,0
104785,0
53147,1
115233,0
8796,0
52188,0
73234,1
89149,0
33885,0
59495,1
57343,1
99265,0
84606,0
111918,0
104395,0
100933,0
9567,0
60482,0
7081,0
28794,0
54230,1
53804,1
100589,0
85010,0
89971,0
86498,0
98814,0
103663,0
94135,0
96453,0
28005,0
52675,1
3659,0
8158,0
83924,0
34393,0
98689,0
45244,1
53344,1
72095,1
62208,0
19313,0
107512,0
99938,0
64146,1
59329,1
32280,0
2903,0
4704,0
10393,0
24227,0
43853,0
31391,0
74668,1
103696,0
13390,1
78892,0
117148,1
19806,0
92425,0
12051,0
66452,0
109235,0
73744,1
21401,0
108674,0
118253,0
59611,0
89205,0
91928,1
105003,0
39133,0
41860,0
95140,1
38945,0
64315,0
101056,0
70424,1
55372,0
95748,0
97004,0
1128,0
115152,1
48205,0
54802,1
112983,0
3991,1
33102,1
16662,0
67268,1
12949,0
47537,0
90674,0
57051,1
30269,0
96166,1
77587,0
50483,1
56785,1
95143,0
99340,1
109869,0
67574,0
119116,1
60608,1
41933,0
70485,1
98950,0
28282,0
111726,0
85198,0
63013,1
12730,1
62151,0
99184,0
13590,1
51783,0
12538,0
63505,0
67358,1
17747,0
85109,0
11150,0
50188,0
92249,0
73739,1
79050,1
105194,0
31138,0
17673,0
1779,0
778,1
51637,0
31531,0
32935,0
40970,1
72562,1
84028,0
88768,0
47555,0
110749,0
2404,0
2352,0
90322,0
21472,0
52099,0
114388,0
67199,1
107621,1
92842,0
92804,0
75843,1
51557,1
19155,0
98296,0
81553,1
83722,0
6136,0
39248,0
3656,0
532,0
114559,0
7659,0
82077,0
111810,0
91584,0
32779,0
31521,0
92208,1
86420,0
114469,0
117616,0
30681,0
70184,1
73952,1
10657,1
33297,0
6677,0
70274,1
68931,1
14575,0
24293,0
47155,1
40032,0
101440,0
14847,1
71520,0
110797,1
33712,0
70959,1
39380,0
80526,0
71021,1
86223,0
48292,1
80900,1
103712,0
36996,0
47179,1
9470,1
28704,0
32418,0
6657,0
19426,0
69495,0
31591,0
79872,1
74254,1
80420,1
103168,0
88522,0
34325,0
91169,0
60185,1
47953,0
84869,0
32416,0
47991,1
114019,0
55815,1
28527,0
99281,0
2461,0
36677,0
42085,0
27884,0
101555,0
100836,0
114260,0
105735,0
117747,0
4282,0
38365,0
4048,1
116645,0
74868,1
17871,0
97387,0
47462,0
11519,0
20042,0
41124,0
54405,0
70341,1
109933,0
23516,0
90773,0
89522,0
21029,0
55471,1
3174,0
95727,1
117836,0
51900,0
105552,0
79368,1
50432,1
56946,1
2641,1
61641,1
84711,0
92399,0
19363,0
89153,1
114915,0
21799,0
28925,0
9907,0
9623,0
81105,1
4214,1
54770,0
97287,0
91470,0
2741,0
17729,0
41604,0
6231,1
94894,0
113034,0
87885,1
98631,0
51982,1
119358,1
10313,1
103426,0
50747,1
101952,0
23766,0
54559,1
101637,1
84405,0
10787,1
114081,0
32815,0
104738,1
93698,0
44792,0
1663,1
72981,1
56817,0
85902,0
51103,1
92204,0
77322,1
49056,1
89828,0
88544,1
43768,0
30291,0
86749,0
35869,0
48521,1
7779,1
19703,0
107572,0
26575,0
76571,1
87192,0
62508,1
118800,0
64124,1
53091,1
50499,1
35686,0
97090,1
61346,1
88002,0
85786,0
84999,1
87650,0
69629,1
16384,0
38917,0
26870,0
5937,0
27805,0
6695,1
20510,0
17280,0
16703,0
61557,1
68082,0
107624,0
117906,0
117416,0
113968,0
28241,0
49424,1
71120,0
691,1
67595,1
112938,0
43982,1
106863,1
48402,1
93340,0
39179,0
12478,0
50025,1
97142,0
38438,0
49273,1
92232,0
56090,0
75578,0
61477,0
40140,1
98545,0
29368,0
110911,0
54735,1
95490,0
40806,0
98977,0
46363,0
94022,0
3329,1
48485,1
104599,0
112305,0
89617,1
43780,0
1564,1
115072,0
48065,0
57430,1
116322,0
112593,0
10230,0
77104,0
67820,1
86454,0
23663,0
100890,0
724,0
79575,0
114480,0
23061,0
34099,0
114152,0
57996,1
93484,1
86724,0
75482,1
92795,0
50507,1
9227,0
109282,0
56075,1
92928,0
33605,0
109597,0
108419,1
57993,1
79864,1
30853,0
110016,0
24111,0
20618,0
59285,0
53578,1
33974,0
67531,0
34792,1
71546,1
37170,0
7723,1
79431,1
73394,1
37499,0
17756,0
53488,0
116097,0
101250,0
48791,1
35717,0
10695,1
52979,0
87092,1
14212,0
56503,1
48304,1
2069,0
8386,0
91519,0
9150,1
108768,0
928,0
96690,0
80295,1
94759,0
101156,0
19486,0
96687,0
43525,0
93084,0
88479,0
4000,1
104390,0
77439,1
97321,0
78901,0
44146,0
20899,0
48137,1
92997,0
3421,0
97036,0
41956,0
110657,0
31965,0
118400,0
48826,1
73645,1
70696,0
22791,0
115669,1
36918,0
110144,0
81992,1
8760,0
111523,0
104381,0
2070,0
56477,0
66663,1
65246,1
7677,0
12351,1
54870,1
819,1
204,0
85975,0
99372,0
57626,1
103220,0
26428,0
34613,0
69642,0
40399,0
85025,0
19639,0
21603,0
75648,1
102719,0
66879,1
13565,0
28929,0
67363,0
84013,0
78713,0
54047,1
29636,0
112373,0
18034,0
92016,1
12454,1
10960,0
77927,0
60500,0
52760,1
82673,0
47143,0
100534,0
94083,0
94517,0
62456,1
31756,0
29557,0
36382,0
26961,1
93401,0
48366,1
88785,0
95864,0
69003,1
43846,1
103287,0
40266,1
107576,0
11736,0
101899,0
55148,0
49482,1
8651,0
110814,0
93945,0
80641,0
16909,0
8690,0
50469,0
1816,0
103017,0
28744,0
77023,0
62009,0
31119,0
22281,1
111031,0
4366,0
97708,0
112229,0
116608,0
59180,1
59793,0
55627,1
49957,1
42217,0
30583,0
105844,0
82716,0
66220,1
53575,0
53247,1
92941,0
78296,0
73273,0
10046,1
98405,0
92894,1
96351,0
113428,0
61235,0
52712,0
79994,1
60665,0
2356,0
19135,1
67020,0
49851,1
40896,0
99490,0
101476,0
10146,0
88598,0
42427,0
20968,0
79459,1
68986,1
42330,0
1095,0
624,0
78947,0
30740,0
60935,1
19445,0
61331,1
14120,0
100779,0
17764,0
42223,0
13252,1
67296,1
104147,0
48667,1
4786,0
68528,1
12851,1
98301,0
111358,0
114401,0
89921,0
8416,1
67948,1
51268,1
32231,0
66238,1
63119,1
98882,0
45734,1
56624,1
59645,1
80553,1
37385,0
88085,0
31740,0
82302,0
10513,1
61627,0
101147,0
94929,0
107314,0
49652,1
20438,0
44602,0
16137,0
10713,0
39735,0
15013,1
79989,0
91418,0
96116,0
37516,0
90212,0
95022,0
29418,0
27134,0
48131,1
38335,0
49364,1
59241,0
62130,0
70825,1
90591,0
10498,0
113671,1
53927,0
65188,0
64098,1
57808,1
113519,0
56621,0
112641,0
41138,0
64595,1
76280,1
101203,0
14344,0
65207,1
80784,0
118251,0
65101,0
42698,1
30639,0
37873,0
85790,0
77659,0
115042,0
102533,0
13157,0
111911,0
81720,1
23261,0
37772,0
52629,1
84868,0
45019,1
39520,0
57507,1
96854,0
100414,1
95631,0
28878,0
81504,0
89401,0
62640,1
60871,0
79544,1
90324,0
62413,1
1982,0
53749,1
113304,0
35756,0
56116,1
82796,1
95364,0
14950,1
5216,0
32771,0
112182,0
20944,0
81706,1
86474,1
4175,1
91145,0
107634,1
35071,0
64019,1
101431,0
1433,1
119360,0
11640,0
47836,0
9442,1
71426,1
70856,0
26691,1
85456,0
30217,0
46268,0
38281,0
95337,0
76810,0
26986,0
34537,0
98158,0
56930,1
7269,0
116392,0
86218,0
3195,0
100737,0
53918,0
9758,0
106881,0
24742,0
38692,0
4883,0
13874,0
51180,0
25420,0
54071,1
50248,1
33332,0
56896,1
67032,1
87546,0
74757,1
9081,1
57513,1
72743,0
30438,0
26776,0
14839,1
97702,0
59965,1
77661,0
12613,1
60513,1
101601,0
39113,0
62285,0
1159,0
83611,0
24692,0
112214,0
100733,1
85419,0
83723,0
77154,0
66095,1
99394,0
7456,0
92005,0
103332,0
47903,0
34543,0
26843,0
21731,0
78253,0
94179,0
91898,0
1023,1
61083,1
24622,0
50203,0
13962,0
83388,0
63392,1
32093,0
36401,0
30907,0
43582,0
43313,0
78568,0
9769,1
37594,0
104883,0
66855,1
86962,0
24051,0
40750,0
68952,0
57632,1
64178,1
101428,0
14144,0
15978,0
30252,0
102920,1
51309,1
109028,0
74549,1
57677,0
20828,0
118524,0
100007,0
79830,1
115857,0
76928,1
37063,1
93140,0
108603,0
110745,1
31098,0
44515,1
115701,1
91411,0
117517,0
114332,0
67411,1
10483,1
48470,0
116844,0
78667,0
43331,1
28726,0
21318,0
9210,1
29165,0
33398,0
117843,0
104169,0
17193,0
9988,0
62581,1
3157,1
74121,1
60503,1
93941,0
62884,0
112932,1
113138,0
64404,1
72473,1
36746,0
70031,0
9971,0
68782,1
3319,0
93846,0
27865,0
113264,0
81498,1
112965,1
22518,0
80574,0
105216,0
113332,0
103723,0
52546,1
78170,0
100720,0
110177,0
4582,0
71142,1
82405,1
51223,1
79801,0
95691,0
103671,0
47312,1
13574,0
98445,1
119187,0
25309,0
43197,0
34015,0
47491,1
3779,0
13784,1
49758,1
110453,0
22387,0
69777,1
73040,0
62950,1
106906,1
11590,1
102101,0
24257,0
38975,0
106783,0
42230,0
102720,0
54480,1
70685,1
25506,0
64853,1
108521,0
42128,0
103023,0
6641,0
79993,1
32816,0
29784,0
65047,1
18455,0
75986,1
74702,0
73035,0
60468,0
52270,1
12849,1
69536,1
52041,1
35802,0
2355,0
60157,1
30835,0
92910,0
47457,0
3452,0
35017,0
46065,1
81573,1
66699,1
105323,0
10949,0
117799,1
58139,0
4275,1
110089,0
52743,1
4925,1
63749,1
128,0
45153,0
56072,0
65883,0
29979,0
102778,0
97230,0
38984,0
90350,0
98004,0
64888,1
51609,1
102776,1
67752,1
25340,0
85185,0
9776,1
5865,1
43694,0
16303,0
94673,0
6792,1
21668,0
105709,1
106266,0
6890,1
77153,0
33865,0
102183,0
23477,0
35021,0
83766,0
34335,0
104900,0
112407,1
30192,0
69720,1
2831,0
101962,0
100679,0
46819,0
72982,1
44353,0
4559,1
69797,0
58060,1
94568,0
74463,1
95433,0
82639,0
41738,0
25177,0
70674,0
87272,0
28405,0
89304,0
15945,0
32814,0
71943,0
56858,1
43719,0
3117,0
89167,0
49446,1
73849,1
12766,1
114045,0
351,0
103940,0
61222,0
118396,1
30631,0
16346,0
19716,0
8177,0
69129,1
25532,0
19287,1
22588,0
37164,0
90166,0
9279,0
80723,1
87984,0
96426,0
29716,0
1868,0
48835,0
29299,0
57015,1
68244,1
58790,1
106423,0
51980,0
50102,0
86775,0
50911,0
46185,1
29874,0
114398,0
85825,0
15460,0
39255,0
89268,0
20650,0
53241,1
74518,1
105331,0
115746,0
115312,1
74560,1
19372,0
43336,0
28926,0
38264,0
65656,1
93585,0
81441,0
102531,0
29646,0
113985,0
116123,0
114626,1
74597,1
7707,0
27048,0
13619,0
47939,0
108857,0
10062,1
60781,0
113184,0
119205,0
79617,0
92834,0
96879,0
95583,0
14990,1
78366,0
111795,1
98411,0
91550,0
71227,1
97788,0
114643,0
52486,1
42603,0
114978,1
117008,1
64661,0
99511,0
66468,1
77921,1
75711,1
91809,0
54839,1
5704,0
34655,0
30422,0
33179,0
100619,0
51138,0
2955,0
44708,0
68417,0
13807,0
66378,0
71115,1
106677,0
74726,0
57259,1
114645,0
100623,0
57934,1
4415,0
107271,0
115905,0
39982,0
32061,0
74360,1
46882,0
50825,1
83511,0
49363,0
77821,0
102897,0
54635,1
32479,0
108027,0
17670,0
62792,1
33987,1
118746,0
44277,0
6282,1
107773,0
71325,1
36870,0
87725,0
19646,0
30250,0
35060,0
105242,0
1004,1
46362,1
81339,0
98086,0
95403,1
49036,1
74897,1
3138,0
32823,0
29611,1
12205,0
6651,0
71915,1
83000,0
63478,1
10390,0
113878,1
99843,0
89594,0
74189,1
45643,0
75691,1
9676,0
52748,0
44690,1
93863,0
42482,0
79412,1
50864,0
38242,0
65715,1
21706,0
45990,1
59191,1
105090,0
23815,0
81571,1
111625,0
58530,1
4586,0
6520,0
111216,0
74964,1
96281,0
55458,1
407,0
36766,0
8367,1
86395,0
30570,0
73007,0
104193,0
75921,1
22127,0
95966,0
111600,0
106531,0
34513,0
3280,1
116261,0
28323,0
89805,0
65283,1
19608,0
85656,0
110397,0
1688,0
26496,0
82548,0
49564,1
62192,0
87238,0
114294,0
41879,0
75463,1
104797,0
62244,1
117587,0
62642,1
50658,0
6390,1
17351,0
56588,1
111152,0
43893,1
26200,0
75502,1
84947,0
65992,0
86442,0
29536,0
85222,0
31873,0
113410,0
82257,0
115157,0
70923,0
8441,1
94796,0
60136,0
114702,0
13351,1
75893,1
90259,1
11083,0
80588,0
116523,0
84547,0
81763,1
112000,0
73871,1
40968,1
77259,1
4765,0
79052,0
80720,0
36562,0
97440,0
94432,1
115854,0
92459,0
45141,0
20255,0
8761,0
51330,1
26945,0
66851,1
62277,1
52663,1
81118,1
24274,0
59607,0
6013,0
88941,0
116751,0
90290,1
63709,1
35945,0
77865,0
34383,0
40045,0
39358,0
106176,0
40431,1
81628,1
111089,0
7224,1
89578,0
87482,0
87379,1
47297,0
40620,1
25343,0
78811,0
98479,0
34087,0
92228,0
21871,0
99668,0
60639,0
3818,0
752,0
55361,1
2662,1
2506,0
48855,1
75693,1
37833,0
21070,0
90250,0
113158,0
108971,0
71776,1
91179,0
67120,1
34489,0
74748,1
68317,1
49270,1
101662,0
78624,0
8565,0
29187,0
28290,0
33993,0
72918,1
97270,0
74094,1
107360,0
18923,0
9395,0
5546,0
57994,1
2956,0
90673,0
106509,0
44245,0
4543,0
9093,0
93358,0
76268,1
99990,0
100707,0
1735,0
92480,0
71390,0
16216,0
59087,1
113738,0
73694,0
47575,0
27372,0
60567,1
15021,0
77140,0
29960,0
36939,0
99710,0
81264,0
95372,0
71553,1
31140,0
53066,1
94114,0
15596,0
2228,0
18905,0
112351,0
24354,0
50878,1
102957,0
609,1
23685,0
64471,1
108362,0
104546,0
29233,0
100979,0
33841,0
61223,0
38777,0
51220,1
19126,0
117096,0
51504,1
65609,1
42220,0
102871,0
85267,0
112156,0
39723,0
114380,0
52096,0
99468,0
72890,1
42742,0
56889,1
102653,0
116310,0
90335,0
34755,0
94774,0
43980,1
118127,0
88372,0
34607,0
89385,0
28491,0
71930,1
54034,0
12589,0
100812,0
25409,0
36549,0
68408,1
97399,0
78135,0
106029,0
16714,0
67503,1
88819,0
98556,0
91467,0
86336,0
99832,0
82625,0
69001,1
14404,0
33906,0
15456,0
84043,0
44165,0
86871,0
82482,0
76663,0
8277,1
110897,0
83530,0
40003,0
8245,0
33653,0
72936,1
105551,0
46329,1
68369,1
118791,0
81860,1
59226,0
19125,0
20388,0
7546,0
14703,1
72642,0
72130,0
102489,0
85797,0
14509,0
17247,1
46797,0
15268,0
56413,0
33302,0
118743,0
97277,0
112492,0
24741,0
83027,0
119196,0
111775,0
62123,0
32507,0
83319,0
94878,0
57925,1
53212,1
38339,0
15396,0
77135,0
89337,0
38947,0
83873,1
25623,0
104798,0
32518,0
68509,1
64348,0
33192,0
44494,0
31210,0
105753,0
56513,1
29972,0
81626,1
39896,0
14665,0
82039,1
67920,1
89567,0
5609,0
56958,1
83043,0
102401,0
92694,1
54234,0
49749,1
65069,0
23761,0
116908,0
56577,0
17275,0
28924,0
43536,0
87433,0
96013,0
112413,1
30806,0
114246,0
42609,0
66203,1
55234,0
86473,0
73333,1
113790,0
21971,0
71557,0
16141,0
87131,0
46352,0
101179,1
64203,1
24379,0
100466,0
11990,0
114413,0
373,0
44321,1
114859,0
57191,1
60619,1
111022,1
113539,0
11291,1
31710,0
58626,1
74008,1
965,0
26813,0
56323,1
76953,1
20507,0
72845,0
42914,1
104806,1
111537,0
105794,1
40524,0
21097,1
90603,0
32140,0
90754,0
99049,0
94913,0
86087,0
84427,0
73529,1
73689,0
106660,0
98213,0
47941,0
54202,1
17168,1
47823,1
14203,0
59969,1
29508,0
54799,1
76088,1
35292,0
22746,1
29870,0
75912,1
48613,1
101971,0
81538,1
83140,0
12570,0
77454,1
57875,1
41126,0
18353,1
39953,0
54629,1
67035,1
2085,0
31192,0
49285,1
53204,1
88065,0
100653,0
106042,1
82913,0
68366,1
76792,1
32985,0
92164,0
34159,0
97803,0
47653,1
96855,0
70391,1
55760,1
114922,1
42034,0
97524,1
57282,1
113287,0
102714,0
115062,0
95237,0
20997,0
114874,0
61136,0
75522,1
73430,1
56373,1
22870,0
16343,1
38849,0
78119,0
112261,0
60174,1
89334,0
109472,1
78912,0
18545,0
111281,0
28125,0
25165,0
80153,0
4081,0
116452,0
45921,0
3560,0
89124,0
81859,1
7893,1
46106,0
33498,0
31453,0
29172,0
106998,0
53070,1
9012,1
61467,1
41828,0
4553,0
70882,1
112821,0
65068,1
107860,1
58103,1
39923,0
80414,1
25923,0
36683,0
65482,1
57283,1
70111,1
8486,1
64640,1
14320,0
20285,0
6394,1
13485,1
89537,0
98090,0
62135,0
83346,0
98333,0
21323,0
23690,0
64552,0
80470,1
113492,0
59221,1
96277,0
110219,0
3804,0
36708,0
91771,0
16041,1
97079,0
101577,0
102592,1
49815,0
92985,1
67889,1
53439,1
32251,0
108585,0
36598,0
48210,1
107536,0
112879,0
29108,0
98819,0
29665,0
96488,0
48672,1
113143,1
58879,1
90308,1
77660,0
90597,0
90096,0
3897,1
32253,0
56960,0
95841,0
87706,0
106872,1
67292,1
19458,0
115782,0
93966,0
74767,0
6256,0
100350,0
33674,0
50423,0
41855,0
21457,0
54439,1
71187,0
53807,1
788,0
116174,0
108980,0
1864,1
77397,0
74119,1
104570,0
31687,0
90516,0
19145,0
92653,0
87845,0
23488,0
12948,0
23324,0
10735,0
50606,1
62263,0
98683,0
47182,1
81014,1
61846,1
30720,0
67418,0
41179,1
32536,0
45114,0
24485,0
90949,0
28426,0
3915,1
75396,1
53688,0
54909,1
64192,1
58620,1
53608,1
100586,0
53681,1
100765,0
109817,0
58880,1
58342,0
12303,0
29878,0
72433,0
51656,1
50038,1
60018,1
15638,0
26254,1
51879,0
21408,0
109197,1
64016,1
11062,0
56652,1
39150,1
96334,0
67496,1
14536,1
38813,0
68711,1
38530,0
74114,1
40451,0
50641,1
67669,0
10350,1
97232,0
51741,1
10603,0
81201,0
15325,1
101762,0
6187,0
47783,1
37537,0
42072,1
67320,1
101818,1
109377,0
107720,0
14947,1
79657,0
114949,0
32797,0
38689,0
68737,1
53702,1
110653,0
48788,1
42938,0
77005,0
118605,0
17931,0
22241,0
63730,1
20232,0
77730,1
7975,0
45130,0
97717,0
53500,1
100746,0
113084,0
93124,1
7785,1
110609,0
41046,0
50249,1
72070,0
22857,0
57759,1
45286,0
55174,0
1281,0
109564,0
12619,1
40497,1
10231,0
60918,1
44829,0
1554,0
54877,1
7667,0
101945,0
100854,0
17667,0
36189,0
12289,0
58541,1
92537,0
102938,0
78618,1
55775,1
13804,0
77605,0
100560,0
23383,0
78099,0
19883,0
31289,0
55680,1
49158,1
52230,1
95941,0
7024,1
76540,1
50346,1
14537,0
4811,0
63562,1
61771,1
95183,0
12107,1
41506,0
90631,0
74076,1
78812,0
61087,1
75810,1
4179,0
69840,0
49130,0
81204,0
79222,1
2589,0
17536,0
1220,0
73005,0
9581,0
110121,0
112628,0
52874,1
1694,0
107774,1
112771,0
69198,1
50704,0
118457,0
39646,0
74956,1
67062,0
20059,0
41410,0
49706,1
65802,0
83362,0
114079,0
26377,0
44645,0
12368,1
30684,0
66920,1
37444,0
57787,1
47721,0
79507,0
110328,0
33325,0
70831,1
50655,1
49488,1
64498,1
11439,0
79480,0
78858,1
83173,0
10908,1
48713,1
112519,0
111887,0
83557,0
79127,0
37011,0
118970,1
70343,1
8569,0
8975,1
79756,0
37999,0
71848,0
43984,0
48572,1
66187,1
98089,1
27636,1
9635,0
73089,1
117656,0
58268,1
94046,0
84692,0
83898,0
25924,0
80472,1
12447,0
60249,1
86239,0
34777,0
22211,0
55693,1
105204,1
47217,0
23668,0
118238,0
3128,0
52624,1
20167,0
60508,0
17901,0
59175,0
21791,0
30739,0
74533,1
66111,1
96147,0
102140,0
18860,0
66173,1
111299,0
47510,0
42939,0
90472,0
65044,0
21009,0
118327,0
111860,0
17705,0
66853,1
87938,0
46973,0
97671,0
101938,0
34373,0
55806,1
75686,1
61362,0
9640,0
54697,0
69359,1
65792,1
15080,1
35263,0
78655,0
118740,0
63416,1
62089,1
51666,1
108605,0
66144,1
93780,0
14545,0
13982,0
75862,1
2494,0
46116,0
21834,0
12359,1
62406,0
76299,1
56082,0
100872,0
94815,1
6169,1
52158,1
95446,0
48876,1
18379,0
95937,0
118645,0
39555,0
74426,1
34221,0
90362,0
28206,0
92350,0
1054,0
81290,0
22065,0
117166,0
77774,0
112317,0
13515,0
65383,1
16901,0
13155,1
41405,0
8731,0
68435,1
83997,0
43567,0
24604,0
88152,0
70182,1
29213,0
31977,0
63657,1
2690,0
56553,0
458,0
26488,0
47876,1
59220,1
79417,1
31299,0
33147,0
9462,0
102135,0
76804,0
64776,1
42739,1
87694,0
113466,0
106319,0
619,1
89327,0
108314,0
67907,1
4424,0
36966,0
103,0
72123,1
71452,0
24669,0
111843,0
8420,0
32407,0
19579,0
13624,0
75149,1
9111,0
42303,0
116807,0
80638,0
38787,0
54947,1
76520,1
40506,1
58697,1
113807,0
62992,1
112637,1
2951,0
7244,1
712,1
44102,1
35413,0
111009,0
30891,0
108348,0
41792,0
106688,0
18585,0
45005,0
95590,0
7183,0
93439,0
76607,0
44493,0
78898,1
70823,1
63983,1
23169,0
31539,0
93050,0
68298,1
33113,0
99718,0
48615,1
4585,0
57341,1
85347,0
19227,1
85299,0
19839,0
76423,1
34914,0
89726,0
73618,0
19013,0
106254,0
54184,1
39577,0
97424,0
86229,0
109068,0
27824,0
57504,1
53229,1
80788,0
95330,1
36913,0
81125,1
68346,1
105662,0
52799,1
89574,0
46390,0
67973,0
111287,0
21658,0
34869,0
119177,0
56633,1
27683,0
20764,0
50115,0
29777,0
29126,1
13911,0
32543,0
62563,1
60312,1
2981,0
94689,0
108890,0
66846,1
73176,0
28708,0
72492,1
62861,1
57850,1
113261,1
48160,1
48584,1
78917,1
107979,0
111160,0
85913,0
110852,0
24929,0
106745,0
34659,0
104726,0
119181,0
71240,1
65049,1
95653,1
36342,0
29112,0
76532,1
29750,0
112842,0
6137,0
15681,0
8911,0
9202,0
33680,0
29628,0
110116,0
14707,1
95126,0
88605,0
9452,0
63031,1
71502,0
106399,0
107165,0
62035,1
79168,0
79121,0
14936,0
87793,0
49689,0
92130,0
17274,0
54709,1
87102,0
24978,0
53766,0
115825,0
100973,0
109172,0
94499,0
119106,0
112139,0
99922,0
14750,1
39202,0
94250,0
53951,1
56276,1
110029,0
33289,0
107048,0
29178,0
57703,1
79604,0
8913,0
52930,1
88090,0
16372,0
76974,1
102912,0
112891,0
27659,1
73049,0
5107,0
4847,0
63222,0
17457,0
13603,0
47272,0
65250,1
103562,0
29289,0
91412,0
62820,1
28569,0
110432,0
14689,1
108202,0
82727,1
112695,0
15896,1
58176,0
57471,1
7411,0
40277,1
61092,0
82699,1
61911,1
76121,1
5106,0
93565,0
31989,0
107960,1
31065,0
25422,0
43441,1
16735,0
59730,1
105957,0
22453,0
60699,0
102196,0
59000,1
87338,0
107628,0
117138,1
47163,0
70268,1
84707,0
63350,0
25778,0
18024,0
97433,0
23313,0
6616,1
77974,0
3958,1
29825,0
5034,0
70423,1
1847,0
69276,1
70728,1
57446,0
85747,0
50597,1
46378,1
42585,0
52085,1
14663,0
60292,1
21553,0
35442,0
4289,0
82589,0
96667,0
42837,0
60729,0
55861,1
31537,0
79261,1
102913,0
116059,0
98114,0
67148,0
73264,0
99863,0
66877,1
45296,0
69586,0
46056,0
67371,1
35688,0
100408,0
72149,0
63507,1
99047,0
53984,1
91108,0
80428,1
69065,1
9551,0
35331,0
8318,0
70041,1
108877,1
77641,0
52655,1
44089,1
40689,0
15362,0
39000,0
67938,1
47432,0
69400,1
4162,0
95481,0
55216,1
30699,0
50524,0
51928,0
33998,0
31484,0
69825,1
58185,1
61272,0
86772,0
33250,0
61117,1
27859,0
35942,0
64670,1
80861,0
29474,0
3446,0
30950,0
112400,1
41965,0
115586,0
87811,0
43650,0
84221,0
85935,0
70668,1
50180,1
11983,0
54557,1
10623,0
51994,1
107809,0
15607,0
107925,0
29214,0
90780,0
88058,0
40713,0
68971,1
59586,0
69118,1
70246,0
70549,1
91357,0
33198,0
118671,0
27306,0
15608,0
47070,0
79484,0
93207,0
94423,0
6254,1
26695,1
100313,0
59368,0
30914,0
87539,0
119016,0
22621,0
57886,0
68010,1
113471,0
61565,0
75022,1
22288,0
4908,0
36036,0
93810,0
21261,0
98864,0
21814,0
69952,1
67926,0
114576,1
29417,0
10107,0
28909,0
115140,0
116984,1
56547,0
62931,1
36232,0
21688,0
6861,1
81349,0
26284,1
90697,0
40048,0
84181,0
45680,0
100409,0
44143,0
22291,0
28965,0
69352,1
68127,1
91097,0
17991,0
3060,0
26847,0
70382,0
104210,0
101046,0
61464,1
60247,1
25794,0
2788,1
14330,0
115160,0
44737,0
53227,1
110293,0
48527,1
114556,1
74395,1
20192,0
52903,1
1546,0
22590,0
46850,0
97931,0
72025,0
43393,0
93540,1
41381,0
69273,1
86886,0
18517,0
83732,0
89186,0
32503,0
83658,0
88847,0
91667,0
65906,1
106976,0
35510,0
73255,1
71970,1
79912,0
103605,0
81826,1
26722,0
111563,0
57525,0
85033,0
89293,0
58232,0
91655,0
101221,0
109660,0
70398,1
34275,0
85339,0
116245,1
36528,0
107488,0
116238,0
26353,0
13103,0
14833,1
108823,0
14697,1
60443,0
68484,0
83494,0
103030,0
79536,1
113166,0
43920,1
51693,1
38084,0
85009,0
74013,1
19742,0
69332,1
110139,0
46031,0
59341,1
2931,0
66845,1
34216,0
79046,0
19884,0
30238,0
51578,1
104582,0
115893,0
81996,1
212,0
54655,1
101758,0
28338,0
97361,0
68783,1
69883,1
28450,0
21290,0
81634,1
24982,0
89470,0
25236,0
28332,0
20742,0
10008,0
84541,0
22259,0
44192,0
115534,0
89042,0
114510,1
101005,0
95215,0
9492,1
93495,0
22889,0
111597,0
72548,1
4448,1
18097,0
86664,1
19451,0
80821,0
50592,0
118451,0
88940,0
97153,0
81317,0
23392,0
63856,1
118085,1
69809,1
87846,0
7870,0
116446,0
42800,1
72197,1
27599,0
14027,0
7551,0
108274,0
37465,0
3079,0
38499,0
22587,0
4211,1
69185,1
102528,0
27244,1
22345,1
19692,0
723,0
20270,0
113886,0
115106,0
76469,1
63124,1
91493,1
78560,0
118346,0
60079,1
50091,0
42526,0
110783,0
57635,0
9199,0
104481,0
106671,0
59955,1
29731,0
86646,1
109141,0
88908,0
62461,1
78263,1
54961,1
106199,0
50858,0
118802,0
82390,1
87520,0
75364,1
89652,0
11697,1
95634,0
207,0
114901,0
34996,0
110406,0
85460,0
52792,1
59587,0
90206,0
110352,0
64527,1
9613,0
53471,0
5522,1
53153,1
10364,1
85244,0
21289,0
35234,0
78177,0
77073,0
30694,0
58678,1
16000,0
111100,0
1160,0
14654,0
18929,0
76627,0
34259,0
31657,0
6660,0
65020,0
91498,0
30614,0
64477,0
37445,0
114089,0
9840,0
60014,0
105575,1
108120,0
85437,0
114513,0
117042,1
40668,0
17714,0
42832,0
6536,1
74070,1
57824,1
62665,1
114453,0
44161,0
45457,0
21883,0
4032,1
42475,0
20108,0
81645,0
38732,1
116478,1
77556,1
67578,1
9633,1
15649,0
36123,0
108447,0
46164,1
16686,0
44628,0
85871,0
111751,0
25279,0
65974,0
29442,0
117961,0
95618,0
116300,1
12435,1
64593,1
102955,0
28508,1
98958,0
106880,1
34242,0
88648,0
9043,0
94677,0
65959,1
77925,0
42987,1
40731,0
88324,0
21023,0
50377,0
117930,0
90701,0
117116,0
7943,1
59973,1
72560,0
33645,0
118744,0
118497,0
11273,0
25394,0
92584,0
80163,1
48424,1
27610,0
23040,0
63599,0
43977,1
48868,1
65404,1
36170,0
28837,0
94497,0
97857,0
15337,0
49392,1
114245,0
75183,1
88545,0
67220,1
3669,0
60777,0
85551,0
82883,1
1727,0
108428,0
47598,1
87540,0
16244,0
116111,0
14435,0
62970,1
93477,0
35340,0
88802,0
112334,0
64543,0
114090,0
42522,0
17126,0
49673,1
53953,0
33602,0
21035,0
19586,0
72154,1
58689,1
18805,0
39200,0
96101,0
35192,0
22331,0
13132,1
14230,0
89648,1
28874,0
10095,0
78967,0
100882,0
7997,0
19153,0
17276,0
117719,0
41477,0
2532,0
72727,1
24545,0
22802,0
50146,1
26762,0
85363,0
1501,0
97337,0
61695,1
21451,0
19282,0
12370,0
110301,0
23225,0
1329,1
50245,1
6736,1
15229,0
76871,1
66096,1
62873,1
32790,0
83798,0
70000,1
78056,0
73734,1
103905,0
93120,0
117703,1
4324,1
40219,1
17033,0
74743,1
1105,1
56787,1
84423,0
107411,0
43377,0
73067,1
86423,0
47184,0
5072,0
53664,1
28329,0
117642,0
42457,1
3404,1
85676,0
108892,0
61009,1
107551,0
97130,0
7475,1
118555,0
4393,0
34518,0
86658,1
59764,1
20107,0
48133,1
111098,1
88938,0
38297,1
47109,0
43509,0
68861,0
111205,0
28714,0
110346,0
7286,0
56653,1
96376,1
67313,1
43183,1
82891,1
103468,0
105970,0
100454,0
48740,1
114170,0
94520,0
109806,1
93806,0
6979,0
68796,1
42134,0
93328,1
109833,0
56685,1
90471,0
88678,0
37921,0
102324,0
104596,0
85464,0
95388,0
106435,0
32350,0
81921,1
59941,1
104179,0
12043,1
25024,0
5927,1
3555,0
66995,0
58800,1
14056,0
97111,0
74966,1
44810,0
65692,1
33131,0
73071,0
80793,0
32404,0
59078,1
39001,0
73204,1
87293,0
35546,0
81968,1
48487,0
82122,1
107067,0
29175,0
45312,0
79785,0
44918,1
98404,0
33661,1
10466,1
95839,0
63985,1
17959,0
8146,0
69920,1
16126,0
65710,1
119355,0
29516,0
41795,0
43288,0
39571,0
104478,0
92245,0
87279,0
118623,0
94085,0
90480,0
105549,0
30054,0
105988,0
76272,1
112585,0
2704,1
48748,0
102245,0
80996,1
34866,0
113326,0
108533,0
110178,0
80355,1
32377,0
43952,1
37291,0
97178,1
5867,0
20019,0
9767,0
49456,1
6259,1
64719,1
69782,0
33209,0
42884,0
56301,0
53588,1
39280,0
93414,0
33539,0
64714,1
118912,0
34811,0
101565,0
4186,1
43131,0
116355,0
24287,0
116686,0
50010,1
90407,1
50255,1
82961,0
91185,0
84290,0
34670,0
66947,1
21168,0
73621,1
98464,0
76269,1
55230,1
10816,1
39967,0
56042,0
62726,0
5968,1
82241,1
95719,0
36105,0
18399,0
110532,0
79672,0
59917,1
62689,0
57300,0
30688,0
111328,0
97607,0
24490,0
81655,0
82237,1
19754,0
60131,0
96604,0
53409,1
33684,0
28856,0
101327,0
95317,0
70894,0
49788,1
38040,0
4784,0
54142,1
113429,0
112808,1
110056,0
20736,0
72281,1
112340,0
75942,1
113658,0
2713,0
86827,0
104645,0
105609,0
24299,0
87653,0
36754,0
101693,0
36702,0
14662,0
66161,1
62054,0
74441,1
72516,0
89689,0
59214,1
104870,1
92801,0
11940,0
51988,0
17115,0
107689,0
90784,0
58416,1
45117,0
254,0
33944,0
1775,0
96402,0
86914,0
73797,1
52182,1
9852,1
103883,0
63362,1
9085,1
67146,1
37207,0
49198,1
18780,0
96661,0
9009,1
92544,0
12717,0
64633,1
35408,0
80104,1
27163,0
24096,0
56198,1
74578,1
22674,0
22867,0
91454,0
12106,0
1476,0
38902,0
119186,0
102379,0
108914,0
113343,0
15556,1
65969,0
118467,0
58083,1
80444,1
36227,0
83605,0
65397,1
68624,1
74003,1
94726,1
19137,0
2923,0
8568,0
11343,0
78457,0
76681,0
2877,0
32858,0
30132,0
49870,1
118648,0
71058,1
117792,0
43362,1
119276,0
65023,1
16723,0
101155,0
39831,0
72221,0
53343,1
68829,0
22847,1
73585,1
40087,0
80954,0
45879,0
116486,0
89217,0
109358,0
7708,0
23018,0
105405,0
48127,1
108837,0
28875,0
1678,0
104009,0
81814,1
38344,0
28961,0
79976,0
50174,0
59927,1
56928,1
40888,0
79214,0
21902,0
97448,0
96751,0
24224,0
22566,0
43577,0
39297,0
86006,0
42630,0
87430,0
30836,0
31129,0
60301,1
15982,0
96390,0
87783,0
63318,0
94660,0
18326,1
109463,0
54732,1
11647,0
100352,0
97075,0
115873,0
6423,0
88606,0
49924,1
39357,1
59602,0
17685,0
44062,1
82800,1
73061,1
51456,1
25842,0
89997,0
2959,0
52450,1
10456,1
28227,0
63186,0
99641,0
17209,0
86913,0
104421,0
20417,0
93740,0
7682,0
59637,1
90127,0
39732,0
37673,0
13937,0
42216,0
46165,0
42399,0
57484,1
118126,0
24932,0
78957,0
29739,0
70953,0
23181,0
114547,0
49124,1
49013,0
88675,0
90105,0
47129,0
11140,1
12569,1
28624,0
43114,0
82804,1
38205,0
24614,0
20002,0
14524,0
96807,0
25960,0
74881,1
72840,1
15170,1
104281,0
95641,0
116488,0
10347,1
34136,0
111391,0
87443,0
13518,1
58423,1
24141,0
43680,0
17031,0
67661,0
51851,0
34895,0
55089,1
108910,0
8658,1
62690,1
49964,1
59039,0
68405,0
119102,0
110867,0
41240,0
54476,0
731,0
70167,0
67024,0
63775,0
75445,1
106456,0
38236,0
29959,0
83090,0
86785,0
33550,0
101340,0
2565,0
32937,0
37705,0
38130,0
91690,0
31559,0
117853,0
50735,0
69792,0
23996,0
82759,1
5622,1
68025,1
72306,1
1991,1
8094,0
5190,1
24757,0
54920,1
24198,0
89762,0
22501,0
97593,0
106243,0
23517,1
41329,0
52483,1
102621,0
68270,1
14653,0
30751,0
41301,0
5167,1
72929,0
70090,1
52097,0
43806,0
34624,0
100870,0
27103,0
94397,0
53281,1
106169,0
98327,0
78919,0
98143,0
61692,1
52585,1
89267,0
99420,0
101130,0
57904,0
57785,1
95189,0
107201,0
115663,0
48679,0
69251,0
93424,0
45152,0
30918,0
101079,0
77505,0
98915,0
108050,1
60599,0
8235,0
79005,0
35683,0
31707,0
113501,0
33589,0
59442,1
38716,1
104853,0
15215,1
69537,0
82352,1
10918,0
76197,1
82646,0
93091,0
68174,0
104386,0
116428,0
87413,0
29037,0
111499,0
29063,0
93188,0
36221,0
91000,0
19170,1
22109,0
106110,0
90021,0
56371,0
57909,1
61055,1
110071,0
9305,1
31677,0
85428,1
97263,0
115298,0
86485,0
1446,0
35823,0
65769,0
72630,0
101064,0
44544,0
24937,0
107538,0
46313,1
31175,0
95066,0
6946,0
61968,0
12551,0
93353,0
25374,0
44428,1
18172,0
99861,0
99663,0
79772,1
54521,1
100788,0
82252,1
16136,0
12901,1
28992,0
101887,0
54681,1
114732,0
80319,1
76124,1
13842,0
73167,1
104113,0
16362,0
36165,0
83032,0
39547,0
42555,0
19087,0
115833,0
53174,1
114478,0
1916,0
108040,0
86548,0
71611,1
47115,0
60975,0
89371,0
48209,0
12975,1
101835,0
26723,0
113041,0
4495,0
53752,1
40443,0
77220,0
81122,1
6151,0
102086,0
88224,0
104888,0
82533,0
55022,1
29568,0
54472,0
60779,0
21058,0
30465,0
86952,0
56803,0
5658,0
16762,0
47240,0
68022,1
100460,0
14560,0
16173,0
21250,0
69851,0
22225,0
5610,0
74810,0
31912,0
37106,0
93791,0
40312,0
85082,0
48569,1
73119,1
66764,1
110715,0
55061,1
108734,0
65912,1
57550,0
32950,0
16195,0
35746,0
98664,0
68537,1
86315,0
98878,0
54022,1
27256,0
59704,1
45531,0
70124,0
29638,0
45937,0
64296,0
94646,0
44931,1
31470,0
12079,0
89589,0
32277,0
13449,0
115348,0
77137,0
103625,0
28023,0
72452,1
46157,0
5223,0
60275,1
54145,1
104070,0
102227,0
37736,0
1097,0
101538,0
114774,0
33717,0
56219,1
110932,0
114791,0
115004,1
44314,1
13888,0
73050,0
98550,0
2714,0
58720,1
42192,0
96262,0
45334,0
29696,0
1091,1
4806,0
67650,1
84186,0
71662,0
40238,0
31411,0
39922,0
12444,0
10750,0
57889,1
76479,1
63278,0
4799,0
62686,1
503,0
33880,0
22015,1
27374,1
45488,1
48465,1
89004,0
82396,1
117366,0
12393,1
13074,0
67766,1
111876,0
26441,0
27290,0
102858,0
17853,0
73662,0
19832,0
8042,0
60242,1
76978,0
82463,0
65646,1
73898,1
2683,1
25214,0
29328,0
100391,0
115340,0
109115,0
35227,0
106535,0
112409,0
33339,0
23441,0
32907,0
30048,0
117857,1
109081,0
78080,0
94959,0
38656,0
48415,1
110201,0
105289,0
97604,0
72546,1
33432,0
55,0
69903,1
28013,0
91906,0
89416,0
46862,1
116793,0
54442,1
2686,1
79277,0
115568,0
118141,1
23411,0
115509,0
34923,0
8499,1
20101,0
90065,0
43798,0
28082,0
109716,0
49605,1
57194,0
75994,1
46013,0
50883,0
106464,1
1715,0
111850,0
6031,1
65798,1
26206,0
19603,0
82,0
48860,0
63369,1
71749,0
50299,1
54931,1
100656,0
7449,1
1182,0
117154,1
70730,0
17207,0
28858,0
59521,1
46830,0
7731,1
49759,1
112034,0
31194,0
107827,0
29951,0
80681,0
106072,0
36689,0
90944,0
32180,0
108113,0
322,0
68398,1
92070,1
106123,0
57954,0
21583,0
48792,1
72293,1
92433,0
3738,0
11897,0
54248,0
37790,0
98808,0
51890,0
53884,1
29933,0
32353,0
18440,0
65938,0
52794,1
98243,0
114035,0
34716,0
43417,0
82445,0
119091,0
90702,0
96506,1
13111,0
6030,0
18616,0
50523,0
44598,1
29761,0
67221,1
33757,0
97095,0
49312,0
80180,0
63424,1
33973,0
48765,1
62846,1
77319,0
110422,0
118532,1
45582,0
76973,1
20578,0
21704,0
94073,0
93496,0
30387,0
47434,0
112160,0
63317,0
45026,1
63793,0
71569,1
54338,1
11872,1
35762,0
63767,1
39913,0
77314,1
112813,0
38177,1
96295,1
30133,0
59342,1
76101,1
87317,1
65854,1
16704,0
68568,1
108745,0
39363,0
24147,0
49211,1
50380,0
101721,0
31142,0
30275,0
95843,0
12683,1
108838,0
39533,1
3547,0
25698,0
110977,1
108106,0
105054,0
113896,0
31727,0
52362,1
49822,1
95046,0
26822,0
66155,1
79015,0
84345,0
38771,0
39909,0
116061,0
48703,1
44630,0
33002,0
26330,0
974,0
9257,0
1289,0
89368,0
79384,0
20897,0
55520,0
112454,0
74539,1
49901,0
31423,0
50649,1
16948,0
112149,0
32469,0
113223,0
54045,1
113522,0
87877,0
101073,0
17642,0
56703,0
55988,0
28912,0
51167,1
32697,0
28036,0
105589,1
113436,0
34712,0
20872,0
45022,1
86132,0
114839,0
72477,1
117574,0
68171,0
58297,0
4200,1
94370,0
57074,1
113182,0
87007,0
42817,0
91197,0
52082,0
10929,0
32047,0
19848,0
103929,1
79408,1
14739,1
62621,1
16813,0
107935,0
46640,0
21236,0
38035,0
20341,0
115368,0
111692,0
93293,1
40810,1
81165,1
82038,1
68487,0
9732,0
117407,0
17394,0
113929,0
32538,0
5423,0
100958,0
51841,0
106819,0
16846,0
72909,0
99942,0
49062,1
88048,0
70271,0
100224,0
83965,0
19673,0
8156,0
4475,0
30335,0
58439,1
15989,1
103359,0
5979,1
107741,0
108181,0
45566,0
56709,1
56215,1
17023,1
116002,1
100580,0
74773,0
42201,0
22262,0
119125,0
96628,0
97310,1
3430,1
53848,0
41226,0
75906,1
63448,1
76311,0
94579,0
26304,0
78303,0
29121,0
3221,0
2064,0
65997,1
40142,1
110471,0
53129,1
102908,0
112909,0
12748,1
37340,0
10796,0
92427,1
97527,0
97359,0
98994,0
112478,0
7635,1
65527,0
28870,0
78599,1
61607,1
110061,0
93894,0
73163,1
23755,0
17544,0
62750,1
51556,0
43051,0
93624,0
101028,1
10989,0
48438,0
26596,0
90803,0
64556,0
43632,0
98082,0
101193,0
17735,0
84888,0
28989,0
110705,0
10137,0
105586,0
36419,0
116942,0
12313,1
46821,0
58694,0
97521,1
96603,0
32000,0
86881,0
34824,0
36389,0
17849,0
58501,1
105150,0
85414,0
80088,1
7423,0
76529,1
108396,0
3642,0
47878,1
37280,0
80019,0
85659,1
49616,1
113602,0
19174,0
40194,1
29829,0
36181,0
20184,0
14974,1
51629,0
51095,0
39733,0
8788,0
82363,1
33692,0
105527,0
97334,0
44586,0
105845,0
19952,0
61187,0
115794,0
77244,1
60240,1
53801,1
95098,0
109047,0
12759,1
113454,0
105132,0
49003,1
89143,0
23151,0
84969,0
102794,0
27748,0
93104,0
110337,0
107330,1
93794,0
89698,0
107617,0
101801,0
88758,0
67224,1
18601,1
19984,0
84105,0
8611,1
98677,0
186,0
27934,0
45105,0
72170,1
109638,0
50387,0
112196,0
92038,0
53744,1
46233,0
26978,0
98747,0
175,1
90696,0
24436,0
118043,1
26936,0
13156,1
36945,0
34559,0
102707,0
100749,0
96824,0
53855,1
18543,0
52696,0
33084,0
63202,1
36596,0
31538,0
93719,0
21452,0
39796,0
90361,0
5196,0
61835,1
4724,0
20725,0
65825,0
60333,1
98758,0
115343,0
48918,0
53235,1
38533,0
106415,0
108643,0
62484,1
116412,1
94734,0
54671,1
66325,0
9364,0
119265,0
27249,0
106128,0
70883,1
79299,0
65463,1
87295,0
115670,0
51461,1
95612,0
28978,0
41070,1
57252,1
105381,0
18875,0
63786,0
4662,1
10442,0
60796,1
28444,0
5215,0
21314,0
77482,0
119066,0
100205,0
96766,0
27801,0
41169,0
35268,0
8105,0
15480,0
75258,1
69711,1
55950,1
111234,1
69904,1
71279,1
7397,1
794,1
58868,1
102083,0
7556,1
50024,1
113752,0
85749,0
1927,0
37454,0
49251,0
97834,0
109061,0
26658,1
5833,0
33814,0
2753,0
19127,0
56152,1
91766,0
117099,0
55829,1
40516,1
69323,1
81135,1
104135,1
88407,0
78117,0
41769,0
45718,0
104490,0
59374,0
16959,0
49352,1
102822,0
76701,0
35754,0
5834,0
79734,0
27355,0
68439,1
80853,0
30218,0
1245,0
106776,0
78954,0
16270,0
28196,0
44514,0
100713,0
81653,0
21956,0
107633,0
19980,0
95740,0
18730,0
53849,0
25723,0
22830,0
79974,0
5390,1
42593,1
105249,0
90574,0
11793,0
26562,0
6643,0
107447,0
74488,1
5603,0
68112,0
112113,0
5562,0
42812,0
10148,0
109013,0
98615,0
113641,0
59600,0
17467,0
18131,0
12292,1
64042,1
53156,0
108272,0
75211,1
19320,1
77065,0
33805,0
36819,0
32661,0
94772,0
31498,0
79839,1
60765,0
18258,0
21387,0
3211,0
5156,0
106813,0
94351,0
53104,1
4017,1
44865,0
55177,1
92302,0
107989,0
85367,0
46620,0
34981,0
34684,0
110263,0
29132,1
92025,1
8069,1
41544,0
107451,0
56007,1
44509,0
107363,0
46214,0
75224,1
29833,0
91607,0
60564,0
18852,0
39309,0
85352,0
7412,0
100711,0
106327,0
49808,0
96862,1
74625,1
17056,1
61808,1
18991,0
23452,0
48686,1
65041,1
92751,0
12497,1
2258,0
97628,0
9204,0
1871,0
114310,0
19224,1
37363,0
111659,0
94727,0
13914,0
69240,1
71060,1
83087,0
25953,0
96743,0
113895,0
64685,1
48653,1
86003,0
30977,0
87226,0
15711,1
28573,0
63758,1
60620,1
33048,1
92153,0
10050,1
97297,0
113964,0
115016,0
1832,1
45013,1
42097,0
100728,0
41928,0
78024,0
19418,0
103147,0
61227,0
42663,0
83779,0
45805,0
68606,0
18599,1
22666,0
70217,1
18751,0
117342,1
110899,0
28993,0
36429,0
15404,0
13869,0
3721,0
104677,0
107006,1
26000,0
89534,0
75541,1
55543,0
105795,0
16464,1
43444,1
88352,0
15557,0
7139,0
44926,1
69624,1
68360,0
101039,0
54772,0
77668,0
6153,0
53378,1
21274,0
116334,0
89605,0
41755,0
116461,0
4511,1
62852,1
34019,0
42696,1
2392,0
92358,0
96294,0
61357,1
36376,0
81089,0
88066,0
46655,0
43323,0
32685,0
8450,1
6676,1
50046,1
69745,0
116416,0
81034,1
43933,1
104644,0
11219,1
104401,0
20041,0
9603,0
57801,1
105998,0
84117,0
36866,0
94151,0
24363,0
36029,0
85475,0
11643,0
9824,0
106406,0
94514,0
15939,0
76572,1
94057,0
101185,0
106388,0
32714,0
22973,0
28872,0
36276,0
38312,0
56487,1
98778,0
76684,0
47697,0
104184,0
25278,1
95040,0
96782,0
25145,0
13367,1
6266,0
70976,0
88876,0
52649,1
114134,0
39042,0
86220,0
82115,0
95838,0
73537,1
38845,0
61322,0
89027,1
22403,0
92357,0
27122,0
105145,0
61488,1
90238,0
41982,0
39068,0
88580,0
26,0
98200,0
109307,0
6430,1
62782,0
49955,1
81285,0
652,0
16483,0
52610,0
6663,0
117085,1
69342,1
101920,0
67105,1
91178,0
12782,1
102725,0
27620,0
93735,0
110138,0
74117,1
61328,1
85803,0
57508,1
72340,1
63753,1
116835,0
111776,0
90492,0
75819,1
115764,0
65017,1
27797,0
41259,1
116989,0
78742,0
78579,0
48870,0
59776,1
9583,0
37768,0
10987,0
88380,0
77929,0
105898,0
101358,0
29075,0
16963,0
53024,1
32833,0
5401,0
99624,0
89678,0
23522,0
70834,1
42297,0
74078,1
53102,1
23941,0
24280,0
99437,0
85532,0
64447,0
112145,0
67318,0
107220,0
39769,0
16847,0
46524,0
97069,1
32085,0
88037,0
119141,0
64093,1
80318,1
40929,1
7134,0
7100,1
60189,1
62283,1
76818,0
95729,1
110579,0
60769,0
16192,0
50761,1
10910,1
44323,1
67454,1
59710,1
13533,0
29072,0
71906,1
79876,1
8549,0
76054,1
81143,0
118450,0
27433,0
8485,0
105977,0
194,0
55828,0
57357,1
82653,1
20104,0
48140,1
91344,1
37533,0
48372,1
32419,0
16287,0
9951,0
30298,0
4438,0
6445,0
106727,0
98146,0
90404,0
113446,0
72898,0
10570,0
69728,0
90830,0
27083,0
115384,0
56410,1
34470,0
21080,0
27743,0
66916,1
6310,0
72937,1
68636,1
114349,1
113400,1
62166,1
54524,0
80155,1
109923,0
64626,0
28098,0
66406,0
19351,0
10453,1
65781,1
114795,0
15379,0
35222,0
76830,1
76993,0
40135,0
56975,1
30015,1
80010,0
14333,0
29400,0
21128,0
40940,0
26842,0
75394,1
39379,0
9221,1
103116,0
23460,0
38657,0
73771,1
96581,0
82743,1
84647,0
8257,1
109500,0
33467,0
16352,0
18856,0
33789,0
9897,0
85073,0
2468,0
29604,0
113581,0
71976,1
62434,0
63439,1
2055,0
80036,0
24348,0
36471,0
85826,0
63664,1
17743,0
15182,1
95537,0
57594,0
29795,0
11686,0
73229,1
112277,0
57753,1
60641,0
106214,0
114095,0
646,0
52758,1
15002,1
79336,0
117820,0
35101,0
118827,0
81599,0
78213,0
53379,1
112560,0
38517,1
17199,0
69183,0
116385,0
38350,0
118807,0
29469,0
50018,0
89825,0
48578,0
71504,1
39885,1
11863,1
75771,1
17226,0
100415,0
106038,0
65208,0
110812,0
42107,0
2674,1
58789,1
73280,0
28321,0
62760,1
112656,0
87639,0
101068,0
78669,0
92227,0
90833,0
100247,0
76055,1
113270,1
59713,1
107433,0
25763,0
110018,0
77757,0
85933,0
29232,0
89181,0
110323,0
62802,1
44085,0
100555,0
65634,1
15498,0
43549,1
101052,0
62825,1
66054,0
78393,0
93598,0
19933,0
116360,0
33648,0
116145,0
71468,0
53042,1
74806,1
113203,1
79362,0
16004,0
37663,0
48877,0
99067,0
69695,1
83084,0
35131,1
54950,1
77304,0
32315,0
21138,0
29176,0
66720,1
107936,0
68069,0
88742,1
57432,0
2550,0
50067,1
41013,0
66199,1
44809,1
109707,0
69374,1
62074,1
71007,0
60178,1
91086,0
34790,0
78617,0
2685,1
66410,0
75574,1
88730,0
69670,1
113226,0
2856,1
51407,1
113628,0
108776,1
11741,0
50582,0
5993,1
39261,0
94829,0
22654,1
114397,0
34826,0
5195,1
50172,1
113160,0
87332,0
101285,0
59239,1
1496,0
11296,0
62433,1
61644,0
100528,0
118430,0
105679,0
108173,0
45100,1
42104,0
31791,0
42863,0
19841,0
93154,1
43861,0
85449,0
58014,1
79152,0
102311,0
4554,0
36805,0
28728,0
99745,0
103522,0
4603,0
24041,0
17946,0
115137,1
25219,0
81421,0
98092,0
100124,0
51151,0
6665,0
93713,1
8120,0
101768,0
17518,0
8528,1
93724,0
81963,1
114779,0
76204,1
75696,1
113787,0
8748,0
29700,0
54965,1
38877,0
57250,0
114150,0
54551,0
17135,0
63079,1
1793,0
8574,1
108074,0
17725,0
34870,0
88852,0
105278,0
106047,0
87116,1
67701,1
84770,0
34935,0
77196,0
68216,1
44921,1
89015,0
60394,0
29938,0
33422,0
78458,0
27819,0
40379,0
49926,0
27777,0
59068,1
115101,0
36878,0
94040,0
52375,1
107500,0
7793,0
16267,1
100834,0
51778,0
44550,0
82170,1
11310,1
45021,1
36552,0
22056,0
30225,0
34648,0
13803,1
89375,0
21985,0
7696,1
49556,1
48495,0
29495,0
15226,1
68994,0
49665,1
115223,1
45695,0
20691,0
104357,0
92875,0
95874,1
31644,0
108820,0
37983,0
99985,0
19807,0
58255,1
117108,0
68224,1
30006,0
101077,0
108917,0
56764,0
78727,0
65203,0
84401,0
33317,0
11012,1
13682,1
86193,0
44886,0
84815,0
35145,0
37002,0
64361,0
25328,0
42210,0
63192,0
2628,1
72434,1
76946,1
97783,0
92602,1
91121,0
101526,0
116646,0
5527,0
59681,1
54238,1
45073,0
13104,0
12539,0
26751,0
21876,0
24538,0
2599,0
68035,1
102216,0
54264,1
116469,1
52363,1
99764,0
4420,0
58094,0
21479,0
54666,0
21974,0
95416,0
29559,0
27912,0
61732,1
38378,0
12345,1
64961,1
60025,1
57623,1
115560,0
116851,0
1782,0
45515,1
37269,0
100873,0
18830,0
7971,0
28016,0
106228,1
5952,0
50730,0
38970,0
28422,0
84156,0
57265,0
69161,1
55989,1
63256,1
63763,1
1758,1
117861,1
33761,0
108262,0
19025,0
24721,1
114810,0
23551,0
64526,1
50912,0
60848,1
45555,0
110962,0
19044,1
102755,0
14487,0
2402,1
115334,0
72797,0
8242,1
74816,1
59418,1
50011,1
10689,1
27409,0
34151,0
43194,1
22627,0
29323,0
31097,0
29826,0
62734,1
91286,0
89264,0
98229,0
113450,1
16574,0
6196,0
24212,0
37327,0
22420,0
67236,1
104298,1
34840,0
112910,0
40563,0
29953,0
18206,0
92690,0
81455,0
1635,0
107478,0
77014,0
101584,0
50473,1
97842,0
118516,0
14924,0
14893,1
41569,0
111931,0
71211,1
37909,0
113956,0
91779,0
85211,0
114421,0
58317,1
51793,1
81218,0
49990,1
39470,0
112459,0
97919,0
92624,0
60580,1
110440,0
102367,0
96851,1
9389,0
94004,0
6769,1
69377,1
90971,0
62698,1
95286,0
41974,0
32266,0
32578,0
56718,1
34352,0
7618,1
65934,0
115341,0
71791,1
42047,1
68661,1
98676,0
118132,1
71442,1
17140,0
96875,0
9136,0
55377,0
59360,1
100514,0
52956,1
106599,0
20789,0
22533,0
6337,0
24087,0
74343,1
87182,0
86342,0
24574,0
89351,0
23349,0
88124,0
36028,0
51744,1
41641,0
13609,1
48697,0
55695,0
3851,0
110013,0
19016,0
52439,0
85543,1
30003,0
43070,1
25905,0
111063,0
93347,0
51635,0
102641,0
97873,0
30117,0
20149,0
104234,0
62972,1
1675,0
47426,1
40122,1
22237,0
92315,0
112194,0
31228,1
66601,1
109557,1
30687,0
49375,0
78702,0
21886,0
87527,1
69948,1
113524,0
118057,0
38183,0
70791,0
78585,0
45639,0
534,0
15595,0
42197,0
25336,0
105425,0
56723,0
55378,0
57272,0
66978,1
3467,0
40854,1
22485,0
60750,0
68128,1
56415,1
32194,0
72071,1
74,0
55329,0
43962,1
63729,0
25665,0
114652,0
113153,1
32525,0
4514,0
14255,0
11662,1
109360,0
24421,1
28754,0
58959,0
35312,0
20573,0
74791,1
16274,0
109714,0
14451,0
108167,0
90728,1
55887,1
38180,0
89060,0
102654,0
112914,0
70219,1
46398,0
114278,0
50,0
49532,1
19274,0
4423,0
11898,0
21660,0
14247,0
5780,1
8605,0
92262,0
109004,0
85662,0
102353,1
104578,0
44212,0
81488,0
113680,0
42016,0
82165,1
55854,1
70495,1
119338,0
9476,0
38987,0
110612,0
13757,0
72426,0
94963,0
102076,0
11573,0
65902,1
112977,0
86801,0
10072,1
48927,1
81131,1
36319,0
41839,0
21942,0
91026,0
79984,0
16328,1
25930,0
116220,0
71896,0
66026,1
53926,0
38252,0
113246,0
75582,0
53468,0
25527,0
76286,1
24829,1
29515,0
72263,0
84448,0
73669,0
102218,0
26231,0
60434,1
19325,0
118902,0
31027,0
88708,0
91023,0
108251,0
112778,0
110261,0
99124,0
15508,0
113254,0
70044,1
54028,0
45724,0
972,0
58390,1
35617,0
27606,0
20410,0
103093,0
20657,0
73932,1
105544,0
60613,0
91476,0
76911,1
6411,0
24686,0
15399,0
42290,0
49105,1
117916,0
80741,1
51713,1
104635,0
84060,0
46469,1
82103,0
44769,1
58419,1
115438,0
1302,0
39020,0
65736,0
58669,1
61592,1
117690,0
10478,1
5813,1
73717,1
3556,0
92736,0
51010,1
76414,1
76255,1
74137,1
15444,0
90213,0
44054,1
83636,0
54103,0
116353,0
51684,1
87848,0
113314,1
69446,1
118378,0
46263,1
98657,0
117918,0
91408,0
73883,1
105207,0
64630,0
15390,0
69905,1
28245,0
22089,0
96694,0
55570,0
72717,0
104778,0
59878,1
46463,1
59301,0
61068,0
99252,0
99978,0
90270,0
46485,1
52811,1
67653,1
66070,0
40037,0
74211,1
27855,0
102437,0
89643,0
103969,0
44636,0
15969,0
43315,0
52642,1
81148,0
97808,0
63996,0
56016,0
100521,0
16594,0
6265,1
24920,0
111690,0
73954,1
88093,0
62211,1
113845,0
108615,0
84183,0
60697,0
117462,0
36137,0
8478,0
73404,0
50656,1
60596,0
34455,0
41617,0
43704,0
21502,0
430,1
10220,0
7905,0
98371,0
26194,0
71337,1
118742,0
8121,1
1439,0
100362,0
70794,1
67257,0
51785,1
86156,0
90032,1
90378,0
52981,1
62207,1
63474,1
55625,1
90862,0
40980,0
116131,0
114442,1
13463,1
112350,0
87835,0
74543,1
115828,0
80884,0
89373,0
54236,1
108327,0
45738,0
58247,0
62120,1
67613,0
83239,0
35902,0
22305,0
115622,1
43056,0
55424,1
93272,0
92317,0
44556,0
85758,0
90709,1
57806,1
50675,1
16062,0
31554,0
37495,1
37270,0
30208,0
56831,1
106004,0
22180,0
92117,1
64251,0
25378,0
62660,1
2606,0
3786,0
28179,0
61478,0
82064,0
104563,0
43271,0
21267,0
26971,0
59995,1
55167,0
100140,0
8304,0
52031,0
91103,0
86093,0
107540,1
116142,0
85500,0
7624,1
49359,1
28822,0
50093,0
11342,0
67598,1
51790,0
28614,0
45182,0
46209,0
103253,0
8035,1
4467,1
53173,1
29231,0
118304,0
71236,1
50726,0
115246,0
26877,0
10308,0
40462,1
65569,1
7323,1
72583,1
112988,0
99596,0
11660,1
41949,0
11125,0
64877,0
36288,0
76704,0
20479,0
91134,0
85887,0
56161,1
74792,1
22578,1
21228,0
82658,0
7400,1
37960,0
73451,0
107520,0
44688,0
40616,1
109970,0
67128,1
9044,0
9881,0
21536,0
91159,0
52152,1
78236,1
57745,1
16600,0
6876,0
12847,1
9194,1
17227,0
92720,1
93826,0
81352,0
75037,1
100613,0
8550,0
82361,1
118133,0
30746,0
15819,0
13513,0
113841,1
41417,0
115386,0
66256,0
10764,1
88344,0
33137,0
51750,1
15676,0
82786,1
80883,0
45965,1
105053,0
63844,0
9731,0
26865,0
63845,1
87522,0
111620,0
16761,0
82274,0
54378,1
36680,0
114890,0
105333,0
293,0
31604,0
60070,1
98862,0
92213,0
66806,1
41884,0
64305,0
63152,1
61994,0
86129,0
33958,0
39034,0
67867,1
23606,0
95195,0
69125,0
73094,0
38835,0
2415,0
67894,1
48842,1
33737,0
26258,0
91168,0
91695,0
118668,0
115579,1
47708,0
9319,1
16071,0
97637,0
117015,0
87292,0
96869,0
41365,0
78069,0
105904,1
102814,0
6750,0
25321,0
28823,0
45212,1
92640,1
104299,0
2062,0
30355,0
36265,0
45128,0
22872,0
53722,1
106835,1
69425,0
38721,0
76183,1
25503,0
98482,0
68918,1
109324,0
107495,0
90187,0
35262,0
107816,0
1437,1
6174,1
20187,0
42407,0
94682,0
110566,0
98022,0
107167,0
40894,0
102112,0
114646,1
27986,0
2254,0
47407,0
80584,0
105436,0
18247,0
67904,1
68934,0
29207,0
51443,0
28894,1
85167,0
6973,0
47447,1
11211,1
30260,0
59483,1
101781,0
44018,0
27993,0
7956,1
46549,0
67810,0
83859,0
11133,0
114124,0
79453,1
19665,0
89784,0
85292,0
70986,1
115326,0
114877,0
74287,1
17730,0
59948,0
65050,1
9513,1
102498,0
81774,1
55977,1
65925,1
60342,1
40942,1
100925,0
41749,0
32462,0
37860,0
55931,0
92312,0
30442,0
66768,1
68109,1
24307,0
44233,0
113257,0
94310,0
33087,0
64250,0
65511,1
97082,0
15495,0
71249,0
41102,0
12547,1
4507,1
48466,1
49093,1
112798,0
18458,1
118265,1
4598,0
91443,0
50323,1
31316,0
67370,0
100169,0
101523,0
79300,0
1385,0
59658,0
93247,0
6829,0
2119,0
112523,0
101649,0
58624,1
16955,0
2966,0
63003,0
81971,1
37163,0
65305,1
51646,0
33307,0
1067,1
21476,0
59324,0
108915,0
97967,0
66966,1
6613,1
25580,1
48727,0
95895,0
47487,1
8157,0
22245,0
69150,0
116482,1
102157,0
30924,0
105515,0
77003,0
81722,1
86015,0
65127,0
55679,0
44285,0
94352,0
57238,1
28848,0
58997,1
15151,1
67038,1
3456,0
23948,1
106581,0
61424,1
45502,1
103564,0
22201,0
79252,1
55070,1
112050,1
25910,0
68944,0
82460,0
15473,0
19624,0
55292,1
5329,0
57998,1
37555,0
110372,0
86667,0
105140,0
15206,1
91055,0
7092,0
55056,1
86614,1
96637,0
14291,0
9451,0
106255,1
114753,0
99489,0
100433,0
24230,0
109033,0
13889,0
66946,0
33557,0
22317,0
58326,1
32764,0
34187,0
15421,0
23980,0
84015,0
38016,0
31433,0
97740,0
66583,1
81805,1
88252,0
87499,0
21062,0
60048,1
87271,0
108097,0
118002,0
19849,0
60325,1
20273,0
108054,1
37611,0
109634,0
9260,1
28409,0
9169,1
107792,0
50549,1
39854,0
102835,0
115482,0
110262,0
109440,0
67434,0
95201,0
20474,0
286,0
43631,0
76643,0
35826,0
102217,0
14534,0
57755,1
22490,0
62201,0
32294,0
66688,0
60735,1
77071,0
85117,0
87373,0
91747,0
87892,0
110529,0
70925,0
26977,0
109116,0
86830,0
8900,1
14256,0
10391,0
90871,0
51444,0
116762,0
41285,1
115666,1
114762,0
32879,0
92406,0
29142,0
49685,1
14957,0
33703,0
15350,0
42044,1
92964,0
82057,0
10057,1
93023,1
29544,0
47116,1
110788,0
27694,0
47066,0
11488,0
45661,0
33677,0
23131,0
5136,0
109882,1
88022,0
5519,1
24082,0
73831,1
44354,0
20856,0
107343,0
17429,0
90178,0
88533,0
8991,1
32080,0
99032,0
82331,0
9335,0
23112,0
81432,0
81742,1
39086,0
22514,0
116037,0
4189,1
18178,0
59405,1
47624,1
22058,0
81475,0
1313,0
47169,0
116656,0
86934,0
103215,0
3887,0
14841,1
32614,0
38793,0
85180,0
18831,1
18736,0
29867,0
74069,1
65155,0
82674,0
31309,0
15008,1
119225,0
106717,0
26623,1
43303,0
38100,0
106866,0
36626,0
57643,1
84786,0
75923,1
112547,0
58865,0
26774,0
18555,1
116933,0
72531,0
56193,0
99974,0
278,0
79469,1
97275,0
17022,0
43641,0
92522,0
50885,0
118464,1
114002,0
63792,0
98909,0
109942,0
117809,1
58367,1
119011,0
56573,1
88967,0
108041,0
94593,0
35404,1
64055,1
109384,0
85965,0
112084,1
86246,0
34917,0
17338,0
61373,1
11714,1
78506,0
42951,0
32623,1
114070,0
363,0
56994,1
91201,0
14540,0
37217,0
71628,0
18308,0
64172,1
92041,0
90741,0
58109,1
101397,0
4305,1
118581,0
37634,0
100417,1
16410,1
56500,1
74674,1
52118,1
99275,0
47885,1
71823,0
93557,0
26920,0
62233,1
32954,0
107351,0
57427,1
11137,1
48550,1
78386,0
39161,0
101432,0
2425,0
95266,0
118731,0
93192,0
10931,0
39758,0
80127,1
95957,0
64186,1
57614,1
103639,1
115426,1
29294,0
75554,0
49576,1
47057,1
52690,1
83988,0
34117,0
37140,0
67328,1
40567,0
28801,0
66152,0
5030,0
101886,0
108003,0
30106,0
86992,0
69567,1
82121,1
13681,0
113927,0
37993,0
40979,0
59703,1
28951,0
19985,0
67782,0
87248,0
118281,0
48591,1
51163,1
76330,1
28469,0
115933,0
71549,0
3809,0
86340,0
58225,1
50838,1
118203,0
1123,1
23878,0
104545,0
816,0
65956,0
22037,0
14793,1
42099,0
33092,0
25740,0
14377,0
17197,0
74986,1
104365,0
20860,0
2317,1
44432,1
112779,0
27445,0
13002,0
81336,0
112355,0
89639,0
118070,0
52919,1
50826,1
94469,0
1429,0
75721,1
12404,0
58975,0
83102,0
45046,0
20018,0
8863,0
21964,0
10667,1
40955,0
25588,0
96685,0
60370,1
29435,0
68839,1
23242,0
109071,0
42083,0
108729,0
75503,1
25626,0
11071,1
16117,0
104923,0
66998,0
38603,0
78032,0
79863,1
35957,0
103327,0
67118,1
96030,1
106382,0
89444,0
38326,1
30300,0
60770,0
112924,0
78882,1
94439,0
105415,0
20800,0
42588,0
96981,0
72692,1
104165,0
114843,0
73081,1
12040,0
74492,1
76203,0
2387,0
49840,0
95334,0
89447,1
110955,0
101493,0
3068,0
117611,1
62560,0
37203,0
18467,0
106229,0
58826,1
63012,1
14906,1
97415,0
95050,0
32621,0
33013,0
25248,0
61151,0
15760,1
13953,0
111894,0
28379,0
90504,0
27942,0
93793,0
58389,1
37893,0
106566,0
80546,1
42636,0
21120,0
9078,1
118749,0
59131,1
99208,0
64072,1
65296,1
46952,0
9192,1
32999,0
11027,0
96471,0
53881,1
39474,0
48678,1
56381,1
40812,0
67453,0
5349,0
29039,0
92212,0
1299,0
5149,1
11336,1
16765,0
82890,1
93926,0
90745,0
75264,1
93221,0
116568,0
81999,1
44951,0
86684,0
107604,0
88465,0
102942,0
2815,1
37901,0
36923,0
99226,0
18150,0
90469,0
81589,1
84626,0
37356,0
7651,1
52288,1
92669,0
106484,0
61932,0
9004,1
31402,0
108923,0
39450,0
67981,0
58856,0
30637,0
36655,0
56626,1
59817,1
9644,0
85531,0
114674,0
6607,1
47983,0
58293,1
91515,0
11039,1
45069,0
71311,1
8953,1
88602,1
85220,0
92589,0
116186,1
82693,0
70819,1
113566,1
23601,0
32091,0
99720,0
101792,0
109009,0
79110,0
3089,1
78998,0
59540,0
91188,0
91603,0
57413,1
26002,0
39804,0
80330,1
13386,1
6949,0
60253,1
35257,1
87934,0
37562,0
63548,0
8451,1
2159,0
50537,0
14964,0
95965,0
75552,0
116062,0
14875,1
15713,1
106404,0
105429,0
10563,1
69726,0
96045,0
33884,0
70914,1
98318,0
50854,0
51685,1
5327,1
63777,0
86561,0
77038,1
38931,0
14715,1
67591,1
52698,0
94101,0
65587,1
94989,0
15351,0
84479,0
1596,0
45657,0
31006,0
85948,0
31776,0
103730,0
64545,0
12264,1
87990,0
68775,1
4147,0
77854,1
70716,1
72290,1
118873,0
74409,1
11123,0
36420,0
74603,1
79848,1
82308,0
76600,0
3852,0
113598,0
103346,0
47331,1
113320,0
60255,1
38525,0
109305,1
55026,1
12450,1
50403,1
60360,1
6849,1
42675,1
11368,0
99504,0
24629,0
39426,0
115022,0
11427,1
60574,0
92529,0
47790,0
78340,0
65096,1
33045,0
65340,1
118620,0
116235,1
75008,1
25913,0
96046,0
42586,0
72162,1
69820,1
51395,1
14830,1
40171,1
42811,0
97548,0
102193,0
102705,0
8480,0
91233,0
26699,0
32488,0
3120,0
96224,1
16266,0
43306,0
49325,0
48434,1
96025,0
103923,0
79841,1
44576,0
114823,0
60788,0
16174,0
20553,0
17957,0
107076,0
50154,1
12596,1
77394,0
41374,0
82236,1
57647,0
7500,0
62169,1
45868,0
43293,0
115699,0
103699,0
77970,0
66337,0
35418,0
46194,1
69101,1
67067,1
2889,0
23158,0
115639,0
14257,0
106869,0
109654,1
39548,0
73616,1
54661,0
62527,1
101467,0
8473,0
12643,0
20707,0
1815,0
4364,0
51539,0
17078,0
17474,0
6093,0
55519,1
41683,1
10003,0
54625,1
88362,0
119025,0
90868,0
95248,1
85054,0
35897,0
60168,1
7026,1
48091,0
40685,1
34398,0
76942,1
48838,1
7754,1
93584,0
102648,0
30905,0
116226,0
2538,0
63015,1
94637,1
15476,0
50446,0
5313,0
113163,0
78405,0
58161,1
28911,0
81114,1
101619,0
42484,0
35217,0
81461,0
109768,0
80840,1
5229,0
78551,0
4755,0
2581,0
45053,0
11146,1
30147,0
41955,0
107564,1
54687,0
13634,1
104099,1
82567,0
40108,0
111902,0
100953,0
29375,0
86770,0
35627,0
54139,0
47411,0
62007,0
13417,1
682,1
51260,1
52213,1
119334,1
60171,1
98750,0
97354,0
7560,1
22836,0
19904,0
10788,1
110456,0
7609,0
55860,1
58564,0
77897,0
95572,0
13845,0
107915,0
84722,0
57602,0
62680,1
115118,1
42156,0
24178,0
79616,1
66754,1
15946,1
10337,1
2420,0
42245,0
13596,0
92976,0
34540,0
41687,0
20554,0
107397,1
17936,0
32639,0
30692,0
94047,0
46707,1
49216,0
42828,1
4611,0
22981,0
31212,0
51848,0
113897,0
99192,0
45867,0
111829,0
67978,1
22361,1
75989,1
31996,0
72465,1
5771,1
9235,0
63605,0
68681,1
106131,0
29496,0
10463,1
63871,1
82915,1
97601,0
98449,0
72092,0
78940,1
113915,0
65630,1
11261,1
25380,0
92578,0
88584,0
48480,1
78004,1
108879,0
70336,1
65162,1
101257,0
58245,0
97993,0
12307,0
53973,0
33575,0
79573,1
12900,1
77635,0
31525,0
18803,0
63654,1
62369,0
64432,1
40340,1
4450,0
89285,0
14498,0
75144,1
100678,0
47033,1
38702,0
78158,1
61304,0
88615,1
115492,0
90328,0
103289,0
108651,0
20701,0
70911,1
52376,1
53402,0
110892,1
55656,1
102742,0
112973,0
40269,1
2783,0
72413,1
3883,0
63720,0
48365,1
112550,0
83178,0
16249,1
26859,0
19740,0
61110,1
43923,1
108935,1
102162,0
42861,0
48262,1
1650,0
26821,1
28172,1
68960,1
9712,0
17356,0
66707,1
118325,1
78776,0
105192,0
90620,0
73323,0
13015,0
14888,1
65144,0
65611,1
60477,0
19599,0
31350,0
28249,0
24871,1
55597,1
48568,1
70003,1
102766,1
92947,0
47152,0
85944,0
17157,0
37016,0
67383,1
2766,0
67202,1
1269,1
73533,1
5073,0
64116,1
51014,0
51551,0
91075,0
99993,0
34251,0
118954,1
2166,0
85655,0
30418,0
63403,0
51625,1
53737,0
44618,0
25934,0
9735,1
90075,0
117722,1
92731,1
18665,0
15509,0
33303,0
71606,0
60052,0
100660,0
26280,0
41195,1
45161,0
12947,1
2421,0
55131,1
72805,1
70117,0
31680,0
13782,0
58563,1
46953,1
67341,0
478,0
68761,1
60344,1
65266,0
111408,0
31770,0
28561,0
55476,1
94976,0
108151,1
26217,0
65221,1
42820,1
66198,1
52651,1
101735,0
55293,1
55631,1
28317,0
38929,0
61135,0
81333,1
33628,0
82099,1
28664,0
12678,0
67290,0
72652,0
15999,0
17933,0
62901,0
10315,0
56281,1
49303,1
9403,0
117694,0
5489,1
70679,0
91978,0
93902,0
19994,0
35946,0
110409,0
69552,1
106870,0
11239,0
56687,1
55326,0
91663,0
21682,0
2381,1
99329,0
75315,1
30026,0
41501,0
83423,0
6575,1
58770,1
105896,1
104886,0
58219,1
71813,0
49467,1
110000,0
75782,1
97351,0
19,0
106778,0
57619,1
89941,0
84339,0
70975,0
116211,0
107267,0
6186,0
65381,1
104032,0
108743,0
3716,0
43462,0
46727,1
115839,0
118326,0
31927,0
52670,1
73235,0
66603,1
87690,1
40499,0
6981,1
10356,1
111521,0
37595,0
55621,1
105459,0
15359,0
17887,0
32063,0
100868,0
83910,0
105661,0
43833,1
27843,0
47645,1
106127,0
72218,0
50579,1
117241,1
115325,0
87135,1
36669,0
100410,0
71352,0
82695,0
12491,1
43192,0
115230,1
54585,0
7495,1
2571,1
21432,1
109249,0
57308,1
75053,1
88282,0
44368,0
50339,1
36011,0
101271,0
3767,1
13872,0
118352,0
66188,1
68785,1
15904,1
2411,0
117498,0
17582,0
20055,0
53333,0
84578,0
54130,1
27712,0
71533,1
90229,0
104073,0
81166,1
106479,1
12527,1
109036,0
60654,1
690,1
66469,1
23827,0
9075,0
110118,0
109954,0
99510,0
38670,0
6021,1
36763,0
39080,1
54517,1
37181,0
8125,0
14472,0
89802,0
15515,0
40469,1
36345,0
37658,0
10589,0
48478,0
15140,1
59972,1
50610,0
82740,1
32953,0
34197,0
98223,1
30994,0
68444,0
68334,1
117436,0
45347,0
57870,1
89192,0
76292,1
27144,0
30127,0
57686,0
48476,0
53543,0
80039,0
95300,0
53244,1
38313,0
92872,0
2010,0
59084,1
97427,0
16215,0
84114,0
25186,0
57151,1
91009,0
24461,0
115843,0
39219,0
91242,0
95021,0
117113,0
83777,0
41743,0
81163,1
20752,0
18800,0
52536,1
38912,0
22159,1
82294,1
107514,0
114996,0
51511,1
57555,0
115567,0
112919,0
129,1
70385,1
75534,1
39781,0
60280,1
22270,0
42736,0
50019,0
89133,0
70297,1
31830,0
78202,0
64249,1
73574,1
29542,0
9785,0
89560,0
31002,0
38567,0
50899,0
108527,0
46271,0
106846,0
24881,0
42735,0
21736,0
65353,1
88868,0
88105,1
83591,0
61775,1
90852,0
60841,1
18318,0
38628,1
6654,0
67787,0
66357,1
36465,0
111724,1
102124,0
13588,0
77632,1
60597,1
105332,0
78701,0
52931,1
35592,0
9244,1
89066,1
27831,1
89790,0
49300,0
75847,1
74057,1
40741,0
60989,1
61850,0
59709,1
66941,1
30224,0
33753,0
80418,1
83170,0
5856,1
50194,1
81587,1
30007,0
24971,0
62531,1
107223,0
82644,0
15190,1
27326,1
91439,0
95192,1
105286,0
14317,0
75976,1
63422,0
9477,0
74480,1
56129,0
93963,0
45430,0
106150,0
36666,0
10023,0
79032,0
78986,0
22310,0
76393,0
40675,1
58122,0
89151,1
73020,0
52834,1
86789,0
71453,1
26369,0
74636,1
25210,0
31213,0
93900,0
110594,0
3550,0
71998,1
40064,0
11562,0
24386,0
49498,1
38838,0
56600,1
108001,0
84887,0
61824,1
38785,0
113554,0
105620,0
21439,0
59344,1
46145,0
77995,1
54964,0
53731,1
35842,0
15763,1
3771,0
69554,0
41197,1
46467,1
24297,0
29124,0
8389,0
83699,0
86043,0
86486,0
96401,0
58819,1
116141,0
69306,1
13935,0
69166,0
90246,0
111158,0
11883,0
6005,0
54106,1
2173,0
28344,0
116985,0
10115,1
82530,0
112954,0
47649,0
53254,1
65104,0
45474,1
42836,0
63295,0
31900,0
55508,0
94286,0
90100,0
60582,0
83996,1
55053,1
76482,1
25387,0
16450,1
14000,0
86235,0
87231,0
95506,0
111893,0
2813,1
66542,1
102321,0
60577,1
58635,1
31238,0
98586,0
35235,0
12661,0
103546,0
80029,1
16640,0
91277,0
70403,1
63262,1
59069,1
97732,0
13030,0
97147,0
113441,0
109726,0
92661,0
46499,1
77503,1
66871,1
66467,1
924,1
48943,1
81688,1
67303,1
76693,0
92642,0
76294,1
59656,1
57309,0
68483,0
64198,1
29010,0
56084,0
95933,0
103837,0
102482,0
113811,0
64520,0
25670,0
28374,0
379,0
79543,1
49277,1
94979,0
42601,1
64330,1
79019,0
26763,0
65837,1
111832,0
10166,0
443,0
49757,1
35759,0
75901,1
68665,1
65126,0
29842,0
48062,0
18872,0
110242,0
74223,1
32909,0
105311,0
88767,0
102282,0
32829,0
41108,1
73791,1
93569,0
106372,0
12845,0
18393,0
983,0
115440,0
98574,0
14389,0
41106,1
79746,0
31600,0
40448,1
78042,0
47572,0
63472,1
72168,1
17142,0
32647,0
62051,1
2300,1
82136,1
16245,0
100914,0
27283,0
93695,1
54850,1
53053,1
96571,1
114636,0
2946,0
8112,0
28340,0
21028,0
49377,0
24410,0
103455,0
91264,0
32397,0
71129,1
51419,1
62520,1
41323,1
44214,0
51375,1
76313,0
5948,1
108276,0
15141,1
38782,1
92548,0
108645,0
118774,0
11322,1
7638,1
11135,1
88186,0
27886,0
119347,0
34695,0
92775,0
94230,0
110671,0
87587,0
15298,0
78835,0
99348,0
26690,0
43702,0
38994,0
72176,1
82818,1
58233,0
26021,0
43108,0
96787,0
39465,0
115652,0
103559,0
105887,0
115689,1
118172,0
56400,0
37021,1
25126,0
64669,1
94295,0
11245,0
44905,1
93182,0
55094,1
52567,1
84713,0
12928,1
75624,1
64246,0
95914,0
116972,0
78323,0
13987,0
321,1
115276,0
11909,0
55077,1
87728,0
39671,0
28498,0
118786,0
14075,0
56900,1
10604,0
94376,0
63922,1
33427,0
81596,1
65722,1
62833,1
106714,1
105296,0
29026,0
82034,1
78822,0
23221,0
663,0
67324,0
65351,0
117506,0
105976,0
60228,1
73017,0
24221,0
37698,0
49306,1
76970,1
107389,0
22187,0
97258,0
9251,0
87061,0
44869,0
88154,0
111010,0
40054,0
49136,0
44289,0
44472,1
10701,1
61554,1
61540,0
89703,0
92327,0
36601,0
2499,0
98293,0
111080,0
50445,0
65254,1
109605,0
38429,0
26659,0
92389,0
46924,0
14003,0
95552,0
51061,1
8641,1
25407,0
77418,0
168,0
101376,0
62762,1
59216,1
29511,0
103991,0
69272,1
38571,0
12644,0
95307,0
20754,1
112769,0
117885,0
80177,0
52461,1
58362,1
7147,1
70868,0
68167,0
24903,0
41064,1
106438,1
107235,0
64986,1
31203,0
53434,1
118569,0
118654,0
105382,0
101228,0
59176,1
42503,0
116796,0
41082,0
69609,1
31832,0
6010,1
54386,1
57961,0
101508,0
87630,1
17558,0
65709,1
21735,0
101852,0
70352,1
13208,0
102338,0
47784,1
14180,0
42264,0
3290,0
78591,0
49583,0
27602,0
57091,0
85121,0
23926,0
115737,1
55405,1
31598,0
59008,1
37286,1
88466,0
45709,0
67685,1
109996,0
95379,0
118789,0
18678,0
67663,0
113167,0
90722,0
75058,1
11054,0
64081,1
27102,0
44968,0
58349,0
97261,0
117152,0
111572,0
1219,0
76575,1
79971,0
20158,0
40558,1
49715,0
80938,0
35864,0
118722,0
113196,0
48808,1
103638,0
16295,0
1671,1
41279,1
92186,0
41354,0
108753,1
29158,0
82793,1
98741,0
40199,1
22668,0
39600,0
26854,0
3133,0
101834,0
36628,0
44589,0
17935,0
57514,0
47371,1
73317,0
51746,1
70832,1
32747,0
73625,0
72401,1
93523,0
104534,1
95832,0
9415,1
41543,0
88498,0
76127,1
98375,0
4649,1
30080,0
83827,0
31560,0
70187,1
116087,0
14129,0
22777,1
72618,0
44236,0
74085,1
17001,0
91824,0
36103,1
41146,0
116531,0
60636,0
8584,1
70188,1
59439,1
85238,0
45586,1
18222,0
104513,0
22093,0
117665,0
6712,1
100617,0
119019,0
81273,0
74612,1
69911,1
104784,0
111947,1
19843,0
23177,0
15372,0
84399,0
111124,1
4810,1
114960,0
18057,1
78000,0
114366,0
110285,0
6564,1
27024,0
16611,0
69349,1
5148,1
4005,0
93825,0
54680,1
109742,0
10225,0
14581,0
58351,0
68942,1
8511,1
52991,1
102041,0
755,1
84577,0
9944,1
80540,0
62781,0
33905,0
46679,0
6757,0
6284,1
40714,0
115969,0
85700,0
75105,1
66608,1
97661,0
66434,1
78809,0
7603,1
5168,0
43289,0
75660,1
25855,0
89319,0
80344,1
76825,0
51227,1
58716,1
966,0
4439,1
89356,0
69864,1
42233,0
41639,0
2622,0
111615,0
7502,0
95738,0
35050,0
97284,0
61494,0
72651,0
7203,0
23497,0
118547,0
110679,0
40692,0
61220,0
66090,1
82677,0
31490,0
33883,0
23695,0
97893,0
33144,0
62273,0
48445,0
27867,0
78755,0
97977,0
61860,1
80763,1
5410,1
49952,1
68930,1
58130,1
69370,1
919,0
67321,0
29680,0
115278,0
20514,1
91071,0
28198,0
19563,0
111863,0
10051,0
14095,0
87046,0
30306,0
86369,0
21259,0
17406,0
11535,0
14337,0
71971,1
6956,1
53610,1
73878,1
72470,0
84514,0
91294,0
105206,0
115031,1
110950,0
14748,1
89234,0
95815,0
14481,0
18968,0
91311,0
92398,0
35066,0
84269,0
14517,0
83471,0
114661,0
37751,0
100821,0
18309,0
62755,0
45626,0
71296,0
70561,0
84127,0
44297,1
72990,1
20392,0
32701,0
100822,0
74730,1
26401,1
55940,1
98027,0
14171,0
36716,0
7102,0
36061,0
113820,0
47853,1
28367,0
74914,1
53932,1
56035,1
100663,0
100301,0
101597,0
114648,0
50481,1
112313,0
36926,0
76191,1
106747,0
110923,0
7389,1
102143,0
67642,1
18941,0
69834,1
53576,0
14799,1
46152,0
110239,0
16682,0
77132,0
37267,0
20248,0
62525,1
23751,0
6618,0
34189,0
104171,0
7301,1
100905,0
99761,0
94055,0
63495,1
17357,0
93677,0
99968,0
83085,0
108334,0
45223,1
72571,1
6700,1
59571,1
65937,1
34048,0
34609,0
97684,0
60971,0
51930,0
8204,0
99628,0
41363,0
89528,0
48498,0
36530,0
79591,0
105365,0
99218,0
66398,0
12110,1
89798,0
29965,0
78092,0
105292,0
89846,0
49660,1
41427,0
35072,0
60924,0
26791,0
49369,0
56112,0
19376,1
2138,0
16449,0
68779,0
22394,0
63289,1
53374,1
69574,1
30922,0
99297,0
35250,0
117571,0
96575,0
56544,1
69202,1
104344,0
31502,0
19212,1
111007,0
107887,0
48045,0
102036,0
40316,1
5557,0
112819,1
49280,0
109322,0
51337,1
115433,0
14437,0
94027,0
7467,1
35162,0
55812,1
73188,1
8474,1
40733,0
40090,0
42864,0
79995,1
71914,1
25199,0
41518,0
63046,1
29090,0
3512,0
2293,0
101234,0
30506,0
13097,1
70288,0
92664,0
57097,1
1764,0
46213,0
117398,0
76615,0
33939,0
51804,1
9239,0
74337,1
110668,0
75823,1
69000,1
16043,1
49630,0
109562,0
34842,0
72373,0
32914,0
13908,0
45771,0
86282,0
13474,0
86514,0
56786,1
94177,0
38440,0
41469,0
27314,0
84557,0
6988,1
104780,0
107259,0
97623,0
17668,0
86783,0
22749,0
107556,0
658,1
67219,1
13368,0
52900,1
98442,1
105915,0
32190,0
1672,0
13892,0
45749,0
75195,1
59515,1
84344,0
10606,0
101318,0
7073,1
14341,0
110874,0
18976,0
16416,0
21073,0
108588,0
59312,0
113434,0
58286,1
4711,0
22966,0
71225,1
111375,1
79004,1
112273,0
37531,0
83851,1
80131,1
110504,0
88989,0
14396,1
42901,0
22131,0
86978,0
34488,0
54425,1
89666,0
106825,0
54114,1
86328,0
79191,0
28578,0
74202,1
78134,0
104914,0
91982,0
47609,1
92004,0
28356,0
57102,1
107712,0
88752,0
38243,0
110726,0
39321,0
86757,0
13742,0
35887,0
95471,0
57001,1
77281,1
57537,1
32211,0
99928,0
111472,0
41306,1
87104,0
112689,0
88812,0
81249,0
67777,1
72974,0
63375,1
19475,0
74520,1
90122,0
97949,0
16954,0
25153,0
72198,1
15800,0
92958,0
66343,0
64762,0
85696,0
89794,0
8516,1
6125,0
115253,0
812,0
10105,0
3110,0
79185,0
43906,1
5799,0
39865,0
71956,0
18827,1
30757,0
27749,0
19057,0
69283,1
56234,0
80865,0
59261,1
16066,1
101824,0
104233,0
113317,0
41734,0
114523,0
53058,1
32924,0
9143,1
20429,0
63865,1
5285,1
21981,0
66537,1
99082,0
92326,0
107195,0
22885,0
104120,0
41371,1
18163,0
8374,1
63954,1
63169,1
87112,0
82322,0
56558,0
86707,0
38442,0
71902,0
6531,0
89119,0
8160,1
102134,0
115807,0
2491,0
102695,0
32224,0
23489,0
73063,1
36351,0
66646,1
69219,1
17359,0
82514,0
1263,0
31626,0
87595,0
31329,0
72038,0
91154,1
9699,1
46832,0
61375,0
69467,1
105594,0
109837,0
36453,0
77214,1
115872,0
66474,0
60237,1
111808,0
70265,1
65424,0
58690,1
49088,1
95680,1
104157,0
24893,0
63525,1
11566,0
23750,0
79,0
104383,0
98286,0
27124,0
110769,0
115664,0
91583,0
57166,0
71578,1
10302,1
98067,0
104354,0
83551,0
30968,0
58002,1
44835,0
107561,0
75088,1
7483,0
3251,0
14123,0
43562,0
76035,1
102459,0
24600,0
48618,0
92932,0
56288,0
501,0
17049,0
48342,0
49875,1
4683,0
108685,0
82373,1
82389,1
59565,0
94194,0
9263,1
14025,0
24260,0
51044,1
15483,0
74517,1
96808,0
11631,1
38150,0
49295,0
43473,0
101113,0
12530,0
21072,0
40715,0
6360,0
97848,0
58588,1
8018,1
34463,0
77707,0
21163,0
17551,0
26857,0
55499,1
70446,1
6086,0
15218,1
47174,0
4577,0
15790,0
13444,0
63636,0
89349,0
44099,1
113826,0
24175,0
53492,1
77179,0
64297,1
6789,0
103176,0
58402,1
9612,1
92772,0
94533,0
64211,1
93700,1
91911,0
94140,0
35117,0
82977,0
100288,0
110601,0
59468,1
104793,0
29713,0
105300,0
18427,0
26418,0
90390,0
14128,0
52884,1
96084,0
110898,0
78743,0
95679,0
24716,1
78453,0
76492,1
107881,0
75725,1
2953,1
24619,0
38152,0
111117,0
108566,0
89961,0
81258,0
26803,0
72676,0
104694,0
21769,0
21511,0
117605,1
22289,0
76367,0
41498,0
22789,0
44223,0
80255,0
15894,0
41907,0
100357,0
88340,0
39046,0
110815,1
2052,0
45496,0
38475,0
92067,0
68361,1
20544,0
9067,0
11625,1
110111,0
66106,1
65841,1
105871,0
117580,0
20841,0
11220,1
32158,0
66962,1
85523,0
35367,0
75627,1
4809,0
72399,1
12185,0
112022,0
32049,0
116232,0
46652,0
74696,1
98260,0
78244,1
33504,0
23028,0
89535,0
103157,0
40165,1
95222,1
12470,1
96760,0
68595,1
12216,1
9780,0
96410,1
99351,0
17771,0
94427,0
93089,0
90286,0
64372,0
49755,0
39411,0
22218,0
39665,1
108656,0
86945,0
110737,1
9308,0
105225,0
75447,1
75724,1
107647,0
85350,0
97295,0
102514,0
30401,0
56363,1
24649,0
52818,1
62773,0
110882,0
52081,1
72371,1
5237,0
96019,0
90013,0
42439,0
104153,0
26181,0
5225,1
47420,1
38659,0
36306,0
109569,0
52898,1
85260,0
1737,0
113243,0
43856,1
2504,0
7863,1
74190,1
59533,0
21805,0
90704,0
31648,0
29273,0
4566,0
33558,0
70399,1
109293,0
743,0
25616,0
90412,0
4253,0
21411,0
118951,0
94274,0
63589,0
107083,0
57187,0
82623,0
114974,1
97143,0
35229,0
105816,0
38810,0
113312,0
18283,0
53144,1
91265,0
39897,0
18679,1
6108,1
117203,0
49172,1
102049,0
90459,0
108178,0
92502,0
37623,0
53353,1
79706,0
105806,0
106829,0
22239,0
63653,1
98040,0
89318,0
92271,0
79393,0
74046,1
62647,1
2909,0
98751,0
23680,1
95668,0
27587,0
103536,0
86299,0
67164,1
16835,0
20090,0
72210,0
119167,0
4627,1
23950,0
107761,1
72924,0
117299,1
57894,1
10482,1
106842,0
96093,0
100453,0
33938,0
81714,1
17807,0
89490,0
32577,0
34656,0
2152,0
97471,0
95546,0
48428,0
12833,0
77875,1
115059,0
84329,0
105079,0
73768,1
15302,0
93107,0
18028,0
107584,0
75520,1
51572,1
105568,0
2897,0
52532,1
74319,1
71540,1
73555,1
117757,0
69091,0
56827,0
112826,0
65670,1
48772,1
87917,0
101825,0
84708,0
101767,0
77618,0
99258,0
92197,0
53767,1
16821,0
22880,0
28064,0
69148,1
24683,0
7989,1
1111,0
43035,0
48988,1
105718,1
116161,0
59814,0
44839,0
7892,0
32983,0
12462,0
18418,0
57053,1
85034,0
28040,0
26972,0
44559,0
14963,0
36128,0
75506,1
75181,1
11503,1
27270,1
90500,0
66727,0
84416,0
64487,1
37477,0
150,0
102404,0
19169,0
117183,0
75872,1
63028,0
109073,0
101341,0
18388,0
74667,1
1478,0
1094,1
63325,0
67169,0
5985,1
70779,0
83533,0
49473,1
17302,0
34798,0
3747,1
50039,0
117686,0
79128,0
29177,0
17123,1
82326,1
35244,0
4400,1
24298,0
34819,1
4436,0
59339,1
18147,0
25169,0
10865,0
77081,0
31172,0
100805,0
96150,1
48899,1
32587,0
69625,0
56726,0
101406,0
17363,0
72742,0
51002,1
21895,0
68020,1
23145,0
39106,0
25003,0
14264,0
9528,0
44202,0
34448,0
53614,1
55893,0
68034,1
98892,0
82964,0
89382,0
32203,0
84219,0
54019,1
76517,1
98307,0
115943,0
100671,0
20299,0
2609,0
30718,0
64155,1
75960,1
91351,0
49362,1
20825,0
41289,1
113556,0
100418,1
42680,0
36406,0
105879,1
4931,0
37835,1
73688,0
32708,0
74793,1
8231,0
95755,0
27711,0
21227,0
98228,1
44226,0
66867,1
118870,0
49441,1
99780,1
118293,0
114677,0
50752,0
36010,0
33708,0
58084,1
77881,0
72524,0
62909,1
112225,0
77450,0
45285,0
85147,0
64229,1
67955,1
19229,1
27393,0
117524,1
19577,0
4995,1
8715,0
22165,0
46646,1
42514,0
27146,0
12506,0
41758,0
18176,1
51470,1
57959,0
41721,0
6589,0
86713,0
111248,0
33361,0
20845,0
6461,1
43979,1
106411,0
11742,1
98356,0
13249,1
6812,1
111142,0
41948,0
70347,1
27184,0
93021,0
35770,0
97016,0
37778,0
82958,0
24501,0
2982,0
26169,0
116282,0
2935,0
1807,0
115376,0
83893,0
75999,1
44780,0
17306,0
94580,0
4240,0
68784,1
93562,0
23057,0
69698,0
35023,0
25751,0
38932,0
32005,0
113272,0
70670,0
89970,0
51602,0
59149,1
93336,0
63263,1
99735,0
15149,1
100540,0
7633,1
54346,1
1423,0
60829,0
105007,0
60471,0
35196,0
28191,1
54153,0
102517,0
70588,1
44483,0
84964,0
4832,0
63276,1
4904,0
69009,0
59488,0
114324,0
38924,0
78002,1
83355,0
84951,0
11346,1
35469,0
6113,0
95872,0
42674,0
31623,0
15146,0
50482,1
4855,0
12025,1
61523,1
19027,0
3683,0
32236,0
106286,0
30756,0
115929,0
90433,0
55479,1
88108,0
25095,0
55790,1
64144,1
32555,0
24844,0
6612,1
109375,0
24824,0
118446,0
45200,0
77291,0
103717,0
11572,0
100739,0
28789,1
104200,0
112670,1
48143,0
85313,0
62324,0
65731,1
6552,1
61041,1
56932,0
66728,0
50588,1
213,0
102281,0
28914,0
26663,0
18006,0
109680,0
109496,1
90911,0
22785,0
90053,0
91280,0
21240,0
113859,1
27426,0
85889,0
40002,0
76056,1
97293,0
115125,0
14934,0
24837,0
74256,1
15766,1
56552,1
118031,1
57533,1
22415,0
18734,0
117979,0
45638,0
19938,1
86719,0
16225,1
98064,0
64718,1
85240,0
111020,0
8023,1
76907,1
26963,0
80192,0
1498,0
115082,0
76768,1
119154,1
30473,0
22255,0
50620,1
106313,0
57362,1
35155,0
16261,0
116882,1
36846,1
72343,1
48151,0
67882,1
94628,0
62499,1
75493,1
4483,0
119132,0
33000,0
76439,1
15801,0
4069,0
106466,0
59217,1
20016,0
42645,0
114123,0
65504,1
102956,0
115437,0
35652,0
81687,0
80692,0
33918,0
119030,0
2872,0
80289,1
47779,0
65332,1
13072,1
24220,1
92956,0
53183,1
93692,0
88873,0
51429,0
100110,0
6047,0
112655,0
100325,0
31193,0
116883,0
41083,0
60456,1
59371,1
33127,0
3858,0
59575,1
93275,0
18272,0
33357,0
16080,0
60684,1
44885,0
531,0
117367,0
112861,0
118790,0
116929,0
79766,0
62483,1
21438,0
107670,0
43155,0
81409,0
62459,1
44751,0
106233,0
59041,0
29327,0
69710,1
2624,1
117265,0
13486,0
92092,0
41635,0
89245,1
75762,1
115712,0
100786,0
86696,0
49490,1
96507,0
11744,1
110088,0
107842,0
14512,0
84312,0
107138,0
74955,1
111800,0
73181,1
47981,0
30161,0
31259,0
47478,0
50014,1
86455,1
60474,1
76093,1
93730,0
37297,0
85730,0
13237,0
50396,0
14296,1
44811,0
10090,1
89145,0
64177,1
113091,0
43195,0
118038,0
21659,0
31342,0
1298,1
83738,0
13639,1
94558,0
21102,0
10147,0
114322,0
49984,0
30391,0
60120,1
3984,0
54562,1
11198,1
53621,1
69215,1
96109,0
108524,0
59174,0
39791,0
12903,1
74020,1
118836,1
117013,0
29766,0
83894,0
51062,1
48391,1
74405,1
2272,0
113704,0
17621,0
51496,1
65931,0
54453,0
106517,0
110217,0
12738,1
70815,1
61064,1
17744,0
50683,0
92407,0
86813,0
83575,0
53761,1
41910,0
2079,0
58240,0
36546,0
116682,0
33721,0
110268,0
20295,0
59373,1
111048,0
64571,1
92189,1
16912,0
93441,0
20203,0
111455,0
3384,1
66404,1
68726,1
15751,0
72045,1
12993,0
41295,1
89770,0
44128,1
37978,0
14624,0
45307,0
60096,1
92609,0
41888,0
15101,1
50282,1
67724,1
46080,1
104048,0
65399,0
75232,1
66800,1
39708,1
87307,1
75126,1
77427,0
95751,0
574,0
4769,0
96680,0
60828,1
46754,0
12724,1
5276,1
73410,1
35642,0
113713,0
49896,0
74707,0
9301,0
110415,0
38211,0
3604,1
61177,1
59403,1
110933,0
103223,0
28741,0
17789,0
46380,1
19293,0
81041,1
104309,1
118613,0
118748,0
63098,1
71049,1
107086,0
22191,0
38493,0
116008,0
84203,0
66348,0
15012,1
896,0
102638,0
108170,0
34880,0
102146,0
95258,0
88660,0
41507,0
65420,1
101442,0
72985,1
90763,0
29062,0
87419,0
11775,1
97501,1
36132,0
40737,1
60816,0
4884,1
38739,0
21293,0
79647,0
112957,0
25082,0
13245,0
52824,1
34081,0
104610,0
110054,0
36141,0
55312,1
11758,1
91706,0
45901,0
117461,0
56564,1
91180,0
96594,0
80065,0
53035,1
55870,0
115574,0
25395,0
68331,1
87095,0
46249,0
116977,0
92797,0
90157,1
45830,0
76458,1
79094,0
112966,0
8463,1
29563,0
97157,0
41039,1
49742,1
73457,1
68297,1
32580,0
46409,1
21052,0
28202,0
96190,0
7637,1
36365,0
85734,0
43265,0
15449,0
7601,1
117917,0
34125,0
65132,1
44481,0
17719,0
107038,0
20647,0
15524,0
21518,0
98151,0
46482,1
64442,0
61650,0
13021,0
66442,1
56206,1
58070,1
1941,0
9807,0
111671,0
119073,0
112069,0
56043,1
79349,0
61666,1
59640,1
78487,0
22210,0
78023,0
53632,1
52932,1
85533,0
88446,0
67330,1
42793,1
61049,1
95644,0
11791,0
84832,0
41622,0
65850,1
62419,1
61827,1
106942,0
104961,0
84660,0
96648,0
11752,1
82210,1
88871,0
44235,0
78730,0
21738,0
49043,1
80186,0
77769,0
111411,0
93573,0
106465,0
28784,0
63834,1
37837,0
35572,0
13339,0
98159,0
33981,0
61229,0
49662,1
73902,1
34611,0
55052,1
2002,0
80314,1
54614,1
84083,1
71729,1
117520,0
68832,1
71917,1
117285,0
10838,1
92451,0
94516,0
36862,0
82622,0
25831,0
33124,0
70359,1
56732,0
48388,1
51183,0
102728,0
73022,1
47288,1
57757,1
68160,1
74870,1
5880,0
33839,0
82048,0
108268,1
68135,1
36450,0
40420,0
9119,0
21898,0
16831,0
111429,0
5314,0
106522,0
68951,0
108085,0
84157,0
35789,0
114717,0
18064,0
70969,1
31733,0
18177,0
77852,0
5747,1
97426,0
56632,1
100127,0
94730,1
4376,0
112324,1
14221,0
27493,0
62127,0
77779,0
10481,1
24728,0
14956,0
16055,0
116147,0
53827,1
81627,1
24821,0
25247,0
25047,0
24122,0
47259,1
104728,0
70335,1
53813,1
76316,0
34162,1
32948,0
46155,0
101469,0
81431,0
99770,1
24169,0
53786,1
57398,0
77910,0
77594,0
102021,1
42023,0
21857,0
29421,0
67946,0
6951,0
91803,0
52565,1
27009,0
8851,1
79236,1
92220,0
118143,0
17476,0
60345,1
11317,1
65721,1
28938,0
44344,0
96042,0
11420,0
50327,1
112580,0
30130,0
44734,1
100015,0
36253,0
56051,1
58259,1
35775,0
7552,1
84439,0
25370,0
30286,0
49588,1
38622,1
47541,0
28906,0
27114,0
48281,1
76378,0
66255,1
65686,1
34156,0
11885,1
44176,0
115375,1
50615,0
109493,0
30834,0
68489,0
85106,0
88953,0
16149,1
34605,0
80659,0
40365,1
73013,0
20525,0
30627,0
105416,0
20381,0
73325,0
111971,0
68892,1
79354,0
83030,0
14242,0
11300,0
65936,1
72910,0
38990,0
104734,0
15363,0
96498,0
105481,0
37692,0
48134,1
63822,1
89656,0
91010,0
50719,0
34462,0
114500,0
8039,1
82106,0
55819,0
83587,0
89131,0
4572,0
81132,1
78512,0
23483,0
12990,1
17955,0
7207,0
118525,0
29255,0
22195,0
18568,0
40592,0
29876,0
70646,1
43065,1
42242,0
76519,1
107855,0
84618,1
43160,0
80758,1
16561,1
115550,0
110249,0
116076,0
80495,1
88156,1
21167,0
10771,1
32627,0
90162,0
76881,1
33774,0
1738,0
97283,0
28441,0
22333,0
67088,1
48233,1
15318,1
97048,0
97014,0
51508,1
71108,1
51041,1
110706,0
48269,1
23062,0
8273,1
34165,0
24568,0
112356,0
36886,0
118618,0
106518,0
26232,0
57096,0
618,0
49268,0
37168,0
92693,0
2688,0
42912,0
10049,1
99225,0
3020,0
30196,0
59189,0
79432,1
46286,0
8917,0
79468,1
79055,0
70340,0
116620,0
33460,1
21770,0
92635,0
5835,1
49724,1
8172,0
45704,0
112688,0
23868,0
104050,0
15811,0
52588,1
103599,0
91360,0
41574,0
45572,0
97776,0
49855,0
20710,0
95104,0
59840,1
117286,0
117449,0
35494,0
101634,0
71595,1
39130,0
34153,0
106978,1
68356,1
90151,0
25766,0
107686,0
108237,0
59421,1
110269,1
63195,0
80452,1
118309,0
22834,0
114020,0
97719,0
45054,0
6568,1
68940,1
96087,1
63259,0
85978,0
1035,1
60356,1
30545,0
21672,0
25346,0
69679,1
37727,0
37568,0
67159,1
51229,1
20137,0
94437,0
97172,0
77157,0
114092,1
27369,0
2011,0
60837,1
12999,0
112745,1
44193,0
36032,0
50763,0
118492,0
72073,1
19642,0
46571,0
75604,0
53508,1
93367,0
17410,0
81221,0
113596,0
115513,0
17983,1
14576,0
65066,1
97397,1
29414,0
87206,0
20371,0
118372,0
28474,0
12068,1
29477,0
17847,0
35937,0
51243,0
34538,0
32123,0
48753,1
64156,1
59387,0
32927,0
4444,1
113210,0
93525,0
31818,0
28015,0
86327,0
111279,0
53444,1
16429,0
51923,0
51723,1
14438,0
3217,0
79038,0
75071,1
32882,0
104607,0
71388,1
71268,1
96735,0
4127,0
18141,0
116773,0
115676,0
2852,0
36871,0
70792,1
35774,0
67853,0
27845,0
2968,0
91651,1
93303,0
24295,0
105036,1
106295,0
49484,1
75780,1
109930,0
35041,0
34761,0
41660,0
35376,0
70282,0
54322,1
20421,0
118660,0
98870,0
35011,0
74253,1
77409,0
71135,1
70414,1
89394,0
27194,0
10728,0
117849,0
6723,0
12708,0
106801,0
95010,0
75723,1
63065,1
16068,0
114591,0
82602,0
40826,0
70578,0
8622,1
95885,1
98044,0
20687,0
59858,1
62652,1
104786,0
72758,1
54209,0
14601,0
107150,0
58990,1
38333,0
2780,0
10629,1
37394,1
32265,0
65718,1
30182,0
71643,0
59124,1
117601,1
15147,0
78694,0
106985,1
6864,1
80281,0
114404,1
3343,1
26027,1
116271,0
100234,0
40371,0
91306,0
102513,0
32742,0
83091,0
62399,0
110768,1
75822,1
64950,1
15103,1
22383,0
62973,1
11472,0
3105,0
20542,0
17194,0
70711,1
90920,0
50457,0
12071,0
81642,0
75250,1
106495,0
55952,1
109684,1
9495,1
74945,1
5092,1
103005,0
34028,0
8081,1
3288,0
62497,1
66844,1
57663,1
22515,0
52614,0
99577,1
108452,0
114928,0
113786,0
75619,1
58952,0
112735,1
94229,0
114701,0
46823,0
52942,1
2301,1
25654,0
25204,0
29754,0
60110,1
70691,0
66569,1
77363,1
114073,0
62730,0
88703,0
36159,1
5875,0
111856,0
108483,0
48175,1
52985,1
30,0
24107,0
2040,0
84657,0
93991,0
100852,0
86305,0
1380,0
117289,0
20163,0
11458,1
112866,0
84584,0
75130,1
112260,1
119012,0
12775,0
37410,0
64809,0
81406,1
25523,0
56714,1
84298,0
117173,0
92788,1
101066,0
87196,1
81210,0
114761,0
54317,0
91547,0
16357,1
29841,0
37526,1
53438,1
74965,1
99629,0
53653,0
39428,0
44525,0
31363,0
15849,0
83646,0
4168,0
66119,1
40557,0
28736,0
54817,1
67015,1
29692,0
40553,0
57353,1
116694,0
34493,0
81600,0
40911,0
91173,0
67686,1
25516,0
54431,1
103710,0
75736,1
111869,1
33519,0
59042,0
44898,1
4568,0
30426,0
115289,0
87425,0
52691,0
34823,0
40083,1
30271,0
35643,0
93913,0
36216,0
23958,0
97680,0
69485,1
15855,0
87027,0
88766,0
21436,0
63600,0
10934,0
84084,0
79026,0
39447,0
27481,0
74752,1
74142,1
98304,0
86739,0
90819,0
42174,0
102426,0
25702,0
23565,1
56054,1
76677,0
63197,1
25900,0
18764,0
55360,1
12340,0
11956,1
108900,1
106077,0
9250,1
95800,0
5982,0
76786,1
84849,0
93121,0
86298,0
18566,0
105808,0
45092,1
8400,0
61048,1
58920,0
57671,0
21373,0
10352,1
2126,0
53006,1
88934,0
93864,0
13123,0
45028,0
31547,0
48302,1
112522,0
99188,0
85028,0
79307,0
1301,1
107862,0
58793,1
64509,1
32861,0
14368,0
55492,1
69478,0
80172,0
77414,0
51190,1
108731,0
56657,1
61433,0
104595,0
106844,0
96653,0
71319,0
30792,0
37153,0
16964,0
16966,0
2706,0
74182,1
36184,0
95573,0
79668,0
5470,1
73216,1
42930,0
89057,1
34873,0
95981,0
47113,0
36539,0
81428,0
115730,0
91056,0
22101,0
115561,0
83684,0
46812,0
114091,0
27836,1
11394,1
105152,0
83110,0
2508,0
114244,0
52466,1
102284,0
72836,0
77737,0
118730,0
67983,1
19813,1
48909,1
96881,0
91317,0
110164,0
74366,1
65575,1
6800,1
72965,0
95525,0
11416,1
41413,0
103036,1
60734,1
70699,0
71474,1
42255,0
20346,0
22042,0
117431,0
26461,0
79702,0
100435,0
56819,1
8515,0
99506,0
37753,0
89900,0
64247,1
112278,1
40687,0
66980,1
94858,0
46614,0
45811,0
36873,0
47868,1
84596,1
98297,0
90731,0
108660,0
113614,0
34753,0
113185,0
20209,0
35880,0
37986,0
81084,0
415,0
83210,0
67271,1
66040,1
52639,1
72675,1
116590,1
68478,1
98462,0
22316,0
3943,1
29853,0
108252,0
5154,0
80541,0
104989,1
111896,0
94280,0
38448,0
79559,0
46721,0
87438,0
43038,1
114109,0
72493,0
54610,1
64882,1
75825,1
42758,0
52559,1
105874,0
7803,1
14,0
33759,0
95412,0
30886,0
62543,0
114942,0
114362,0
55461,1
52169,0
9427,1
60598,0
91948,0
27049,0
57788,1
111877,0
99665,0
53802,1
24105,0
108443,0
54118,1
14995,1
38561,0
5897,1
85490,0
64743,1
115247,1
65409,1
38860,0
61427,0
40696,0
44194,0
55762,1
81857,1
89146,0
10856,1
43723,0
892,1
95903,0
32808,0
1566,0
69722,1
15329,1
100412,0
86285,1
31982,0
51254,1
40593,0
1164,1
90537,0
17736,0
23442,0
46755,0
85334,0
74681,1
48165,0
79780,0
66748,0
52937,1
117365,0
69789,1
28230,0
79776,0
730,1
24002,0
88197,0
7476,1
73319,1
52236,1
61196,0
46131,0
87323,0
10988,1
44028,0
91367,0
112869,0
59574,0
27127,0
105703,0
52395,1
40960,1
1942,0
89227,0
107307,0
17416,0
12210,0
45595,0
36511,0
22377,0
5635,0
16019,0
49416,0
23197,0
70215,1
88170,0
51720,1
51842,0
26100,0
60555,0
53701,1
67515,1
115976,0
86028,1
44914,1
58129,0
68014,0
108880,0
50624,1
79930,0
113063,0
53914,1
90842,1
7441,1
38401,0
11094,0
74419,1
105972,0
34331,0
32813,0
29560,0
14347,0
101473,0
89694,0
99827,0
14439,0
23370,0
63848,1
24958,0
34293,0
72908,0
38559,0
33578,1
113349,0
9175,1
101703,0
85484,0
95607,0
29285,0
18576,0
76381,0
23703,0
92432,0
60203,1
88071,0
41053,0
109656,1
98784,0
73397,0
25917,0
6114,0
39650,0
10026,0
31822,0
29734,0
69010,0
62350,1
117538,0
23376,0
89212,0
26550,0
98180,0
71537,1
14567,0
100959,0
76948,1
58360,0
20913,0
55364,1
67167,0
30370,0
37172,0
98051,0
34621,0
77172,1
23686,0
65363,1
19202,1
114047,0
21754,0
89572,0
28186,0
4785,0
68623,1
73713,1
58432,1
66362,1
33695,0
50928,1
26354,0
51772,1
75059,1
37933,0
22157,0
46688,0
103442,0
67674,1
94315,0
91063,0
108228,0
49614,0
94162,0
56841,0
3065,0
82177,1
80245,0
107811,0
31131,0
27952,0
69391,1
85206,0
95979,0
32149,0
87603,0
59894,1
112067,0
41903,0
84449,0
39802,0
48081,0
39636,0
61225,0
24981,0
19614,0
29555,0
12693,1
8529,1
60055,1
118466,0
24450,0
95358,0
58659,1
28461,0
74749,1
23682,0
19953,0
35733,0
112372,0
83283,0
68513,0
116081,0
62375,1
42289,0
27143,0
19827,0
36018,0
51560,1
46276,0
115750,0
29275,0
79571,0
44833,0
12408,0
110132,0
81087,0
74746,1
95816,0
80740,1
55991,1
64257,0
49262,0
52578,1
35406,0
107630,0
97629,0
12263,0
1668,0
107661,0
47929,1
87523,0
87689,0
31649,0
73429,1
91994,0
54911,0
18416,0
18766,0
76506,1
47859,0
68723,1
43859,1
7911,0
77044,1
114725,1
44955,1
2028,0
71637,1
107228,0
79285,0
11187,0
79048,1
3305,0
91853,0
3863,0
45067,0
72827,0
78548,0
62298,0
40621,0
24936,0
50366,1
67070,1
86264,0
115196,0
5748,1
82613,0
52080,1
58344,1
92217,1
52319,1
101282,0
86683,0
98045,0
110787,0
67683,0
74695,1
92440,0
75529,1
29907,0
103285,0
80146,0
74171,1
14150,0
36038,0
32064,0
42062,1
1824,0
40486,0
14572,0
76305,1
80117,1
63891,1
1484,0
23961,0
81657,0
114234,0
43253,0
7872,1
113646,0
18300,0
52131,1
71244,1
44024,0
99174,0
71529,1
80524,0
70052,1
93669,0
49002,1
29798,0
82550,0
80071,0
50292,1
10996,1
38120,0
22442,0
97510,1
74753,1
116034,0
13553,1
53865,1
68482,1
14649,0
59438,1
64321,0
107012,0
17053,0
106854,0
15624,1
9562,0
29447,0
110466,0
110446,0
86018,0
23098,0
53464,1
72437,0
30444,0
20165,0
54760,1
15926,0
74867,1
31860,0
70943,1
95290,0
112993,0
59756,1
24877,0
116588,0
83947,0
92950,0
8725,0
106242,0
104781,0
3770,1
114551,0
68954,1
13808,0
49559,0
53363,1
20640,0
116188,0
113525,0
35253,0
1877,0
93546,0
33936,0
110254,0
14063,0
25849,0
107952,0
6485,1
41483,0
118929,0
114406,1
63020,1
99363,0
1597,0
13294,0
49098,1
27333,0
15758,1
11839,0
72767,0
4404,0
35922,1
60045,1
10913,1
7315,1
31280,0
2438,0
93227,0
49152,1
12236,0
66449,1
105801,0
82839,1
24288,0
26125,0
85751,0
90727,0
113917,0
98600,0
41926,0
41075,0
90837,0
3485,1
64335,0
40435,0
111601,0
56076,0
80520,0
46436,0
79375,0
15778,0
32773,0
27690,0
10289,0
72356,1
43081,0
64791,1
15899,0
99077,0
90231,0
2791,1
3244,0
17533,0
52253,1
58017,0
84617,0
1539,0
42110,0
96816,0
79858,1
113991,0
102928,0
11267,1
46442,1
77048,1
108261,0
9453,1
54914,0
92321,0
35781,0
9205,0
98497,0
40738,0
86565,0
59826,1
108567,0
85576,0
33860,0
280,0
26251,0
68592,1
96904,0
70974,0
109491,1
98389,0
63689,1
72285,0
35151,0
29771,0
17499,0
70612,1
66204,1
116101,0
7006,1
44464,1
3444,0
55603,0
74434,1
12039,1
73261,1
32836,0
11352,1
12407,0
53503,1
2865,0
73370,0
6610,1
99552,0
111768,0
53692,1
33688,0
102713,0
97255,0
14807,1
25334,0
86427,0
80960,0
85888,0
80007,1
5116,0
19793,0
106549,0
95393,0
43037,0
18510,0
99255,0
27253,0
20692,0
78654,0
38128,0
73544,1
52275,0
61608,1
113926,0
23894,0
52531,1
2210,1
17221,0
73180,0
114552,1
115646,0
102526,1
13633,1
16644,0
100576,0
93998,0
46712,1
61907,1
114338,1
56599,1
70557,1
58940,0
78027,0
55401,0
42662,0
52721,1
18884,1
60551,0
45460,0
58580,1
34321,0
8762,0
38971,0
75544,1
96057,0
85921,0
85376,0
51316,1
8840,1
76347,0
64132,0
1967,0
13532,1
429,0
7316,0
85333,0
115655,0
31528,0
93517,0
48658,0
100512,0
43310,1
64971,1
101669,0
17814,0
4390,0
111919,0
62889,0
80275,1
67559,1
13501,1
7217,1
66298,1
84685,0
23089,0
113533,0
17945,0
104533,0
55974,0
53933,1
117402,0
72612,0
48126,0
69315,1
33776,0
38284,0
21415,0
71446,0
42426,0
94997,0
58448,1
104587,0
114650,0
11627,0
9212,1
35561,0
23353,0
34953,0
109179,1
57374,0
39790,0
80701,0
57766,1
40437,0
18650,0
97024,0
28722,0
79701,0
58199,1
92367,0
29786,1
54946,0
59113,1
60805,1
62317,1
67408,1
22323,0
56912,1
34052,0
16747,0
81723,1
96963,0
85479,0
102270,0
115342,0
45629,0
44723,0
9285,0
15015,1
25782,0
50136,0
4107,0
77653,0
58822,1
3873,0
71242,1
89049,0
13464,1
101102,0
18703,0
64001,0
64575,1
71153,1
19050,0
114289,1
66635,1
53383,0
8659,1
97560,0
96085,1
17915,0
5322,1
75833,1
73462,0
89479,1
66417,1
1134,0
62922,1
24590,0
2806,0
11407,0
34233,0
472,0
106559,0
64724,0
45495,0
86325,0
74980,1
94349,0
78915,1
67767,0
75196,1
16095,0
106350,0
25859,0
111403,0
105043,0
85452,0
113648,0
33091,0
36947,0
60449,1
11199,1
112429,0
44770,0
73056,0
2509,0
7089,1
109266,0
97653,0
40403,0
5067,0
21955,0
20050,0
105279,0
31087,0
53646,1
29001,0
79763,0
72691,0
45852,0
41011,0
62791,1
56852,1
51047,1
107391,0
52109,0
21164,0
82356,1
73102,1
46236,0
65814,1
21890,1
13262,1
4831,0
33465,0
26790,0
14058,0
17179,0
96552,0
12638,1
47528,1
118373,1
38573,1
105299,0
5341,0
50344,1
39801,0
30623,0
55195,0
60155,0
36512,0
115962,0
38199,0
42847,1
59292,1
32796,0
112683,0
5902,1
19685,0
25375,0
30020,0
18195,0
117777,0
31562,0
15281,0
33462,1
82220,1
80113,1
7433,1
114130,0
22527,1
76964,1
43255,0
21339,0
104400,0
59201,1
25534,0
5376,0
8540,1
694,0
12909,0
111106,1
10690,1
70640,1
4494,0
102599,1
15994,0
32542,0
95365,0
34428,0
36334,1
52333,1
33845,0
34323,0
21480,0
96864,0
102628,0
97445,0
94430,0
91077,0
20291,0
58535,1
70280,1
110120,0
4218,1
70818,1
66069,1
99568,0
68451,0
28883,0
96797,0
80562,0
71924,1
86490,0
48486,1
68970,0
11282,0
51878,0
25496,0
87905,0
41676,1
21366,0
12147,1
115643,0
1954,1
9719,0
74781,1
95185,0
65045,1
112096,1
3637,0
13130,1
118222,0
83905,0
14178,0
116303,0
66137,0
32057,0
59532,0
26430,0
19065,0
59763,1
9759,1
29975,0
93187,0
38705,0
75796,1
42278,0
67106,0
15412,0
2219,0
43399,1
80213,0
44011,0
33990,0
60374,1
62247,0
65573,1
108405,0
32076,0
110582,0
14716,1
49025,1
30022,0
26625,1
82469,0
62938,1
63688,1
109579,0
904,0
13374,1
58066,1
29446,0
12962,0
65687,1
81047,1
68521,0
107976,0
54574,0
7353,0
102905,0
69392,1
43116,0
8113,1
58467,1
7296,0
100665,0
59747,1
72200,1
58926,0
106822,0
19943,0
3052,0
3090,1
49040,1
44950,1
93194,0
118082,0
31674,0
22772,0
106125,0
63291,1
96619,0
96992,0
69535,1
57018,1
79696,0
51039,1
73890,1
44844,1
73593,0
83670,0
42629,0
22478,0
21875,0
103338,0
86240,0
12439,0
81981,1
66180,1
104389,0
112359,0
37,0
101667,0
108646,0
9277,0
21150,0
14234,0
91888,0
112458,0
97367,0
31214,0
56617,1
115419,0
34082,0
29097,1
95382,0
27297,0
52515,1
64445,0
114651,0
29848,0
100438,0
39111,0
55639,1
26768,0
110634,1
71663,1
59412,1
68922,1
108937,1
6024,1
46801,0
100740,0
69702,1
97697,0
97325,0
45272,0
68763,1
16645,0
15513,0
74711,0
32939,0
35935,0
7702,0
77666,0
23646,0
43671,0
82970,0
63863,1
84152,0
27359,0
13484,1
79884,1
77438,1
41072,0
119133,0
2148,0
28269,0
99251,1
32618,0
82828,1
11630,0
72859,0
61093,0
69842,0
36116,0
102133,0
17793,0
92560,0
14023,0
105807,0
118204,1
27415,0
20851,0
51021,1
80285,0
12120,1
12521,0
17897,0
72552,1
89437,0
87638,0
30270,0
18520,0
24431,0
40397,0
63025,0
114339,0
113618,1
117713,0
62818,1
84467,0
85416,0
114435,0
42677,0
30451,0
77147,0
2176,1
74717,0
73884,1
88803,0
22121,0
93616,0
41347,0
11577,1
80611,1
43967,1
102119,0
86041,1
62221,1
47448,0
11283,1
56120,1
104614,1
43813,0
91392,0
102907,0
103177,0
94624,0
109402,0
35161,0
33991,1
56385,1
56091,0
99910,0
6816,0
79843,1
96534,0
119241,1
77215,0
42257,0
117659,0
115913,1
45568,0
32210,0
45390,0
40177,0
31892,0
70745,0
43976,1
89484,0
20099,0
34992,0
16925,0
73790,1
87773,0
36072,0
34564,0
28802,0
45758,0
56333,1
34044,0
74150,1
75587,0
30547,0
24656,0
98169,0
31885,0
6601,1
10526,1
44421,1
1910,0
2670,0
27082,0
94240,0
3270,0
58438,1
47093,0
80501,1
31698,0
105712,0
76199,1
57935,0
6345,1
28291,0
40321,1
110597,0
37847,0
82196,0
58540,1
96601,0
83614,0
104632,1
29923,0
89727,0
90359,0
109628,0
105044,0
7764,1
18031,0
116639,0
94656,1
36086,0
73420,0
76742,0
53135,1
49305,1
12382,1
104915,0
9514,1
90427,0
95424,0
69205,0
114662,0
97485,0
25320,0
93974,0
3680,0
38138,1
76119,1
50151,0
67596,1
7211,0
26017,0
28195,0
34749,0
99018,1
85298,1
18252,0
61640,0
17482,0
28111,0
36738,0
57167,0
27119,0
90450,0
22094,0
113912,0
100955,1
2110,1
83100,0
9010,1
14804,1
20585,0
21710,0
61802,1
94204,1
82897,1
7324,1
30463,0
59489,1
1398,0
42049,1
106093,0
2144,0
101311,0
65962,0
12399,1
106965,0
20915,0
91053,0
104345,0
57468,0
23321,0
19906,1
3999,1
4493,1
53622,1
44608,0
76171,1
21721,1
93483,0
54093,1
27394,0
9775,0
53676,1
43210,0
103930,0
63011,1
37342,0
116917,0
110507,0
4432,0
78122,1
21778,0
26045,0
79169,0
17574,0
102220,0
61436,1
118510,0
34991,0
12952,0
14604,0
92582,0
36012,0
58741,1
64738,1
35994,0
96476,0
90910,0
114022,0
66154,1
53220,1
66285,1
64576,1
85209,0
74247,1
76493,1
43023,0
83630,0
69557,0
82378,1
34503,0
3139,0
8836,1
35551,0
40494,0
21824,0
68282,1
15723,1
106338,0
47490,1
92889,0
78189,0
68132,1
74184,1
106501,1
10091,0
71263,0
56554,0
74947,1
114896,1
3374,1
80530,0
88133,0
34387,0
93004,1
9056,0
94483,0
43484,0
17230,0
91993,0
105868,0
15270,1
97316,0
103243,0
16182,0
65976,0
94748,0
117497,0
35790,0
102109,0
10252,0
87429,0
30359,0
104803,0
87940,0
110610,0
31109,0
42293,1
107494,0
114908,0
68287,1
38679,0
87581,1
117610,0
51520,0
106447,0
104681,0
15660,1
65681,1
78862,0
62286,1
20988,0
43555,0
103501,0
54306,0
119156,0
63929,1
107598,0
37400,0
45797,0
91704,0
76630,0
114272,1
42402,1
73993,1
98319,0
106057,0
39625,0
10829,1
111618,0
110403,0
94471,0
49367,1
99405,0
34177,0
25332,0
15765,1
72496,1
89489,0
14275,0
23650,1
106114,0
54193,0
4461,1
43924,0
79356,0
74135,1
71796,1
50072,1
115777,1
87370,0
13182,1
70137,1
102958,0
40104,0
100757,0
19565,1
110700,0
44080,0
35939,0
57543,1
23033,0
35555,0
17617,0
414,1
59093,1
71012,0
11679,1
15111,1
15001,1
9999,0
97326,0
19072,0
7437,1
21830,0
67262,0
74565,1
76281,1
103188,0
80899,0
76644,0
82873,1
36674,0
1640,0
49604,0
36079,0
76903,1
86731,0
42781,0
104688,0
47526,0
22976,1
37371,0
54068,1
119379,0
17767,0
114352,0
38960,0
26273,0
27614,0
52787,1
43365,1
18559,0
111161,0
81101,1
117340,0
85237,0
71839,1
67329,1
56747,0
1616,0
37742,0
87129,0
90990,0
73502,0
36075,0
67958,0
63498,1
87098,0
28400,0
6185,0
43637,0
22822,0
29141,0
15438,0
13725,0
5426,1
7166,1
24567,0
96627,0
84486,1
62583,1
87407,1
54726,1
20843,0
44331,1
53283,1
63376,0
104710,0
71967,0
26934,0
79262,0
40825,0
45616,1
89830,0
36354,0
88346,0
89043,0
2222,0
71406,0
92764,0
30098,0
112003,0
91957,0
101900,0
39763,0
63603,0
49914,0
69673,1
86468,0
38836,0
65450,1
83559,1
108211,1
86375,1
60235,1
6855,1
94091,0
59824,1
8134,1
6947,1
92912,0
81978,1
108130,1
6839,0
18743,0
70494,1
55466,0
18633,0
75125,1
47604,1
69915,1
77571,1
24240,0
91750,0
56828,1
20794,0
57723,0
2345,0
81319,0
3066,0
10451,1
44304,1
88392,0
35344,0
57046,0
35368,0
86858,0
110197,0
113937,0
83134,0
25282,0
31234,0
33929,0
56949,1
72086,1
43843,1
104670,0
95287,0
8714,0
85245,0
84712,0
814,0
62108,0
1854,0
84031,0
94775,0
68991,1
3383,0
9189,1
65680,1
70313,1
53743,1
46344,0
49642,1
94616,0
118518,1
53110,1
83528,0
89920,0
44585,0
36240,0
105034,0
10919,1
57974,1
71640,0
47804,0
18444,1
51740,1
15569,0
100869,0
64164,1
104825,0
41817,0
25834,0
32794,0
51139,1
51598,1
63668,1
87290,0
103140,0
94955,0
23473,0
35201,0
7478,1
108057,0
77273,0
108043,0
8336,0
57128,1
86122,0
19720,1
69507,1
6219,0
66818,1
37051,0
71327,1
1787,0
48128,1
36052,0
25681,0
95458,0
76052,1
12170,1
69804,1
43848,1
63740,1
68480,0
110544,1
41891,0
83609,0
87837,0
62843,1
22423,0
52725,1
1765,0
51533,1
89019,0
56170,0
87782,0
62770,1
57057,1
72333,0
105734,0
12701,1
56110,0
88836,0
91065,1
109236,0
33836,0
17992,0
119305,0
55757,1
92161,1
13521,0
65735,0
78401,0
69616,0
34972,1
25718,0
3951,1
34133,0
115024,1
55794,0
103112,0
31574,0
57254,1
28451,0
117159,0
101553,0
117039,1
91354,0
118998,0
9188,1
66396,1
10613,1
68610,1
1859,0
81257,0
58125,1
19823,0
70258,1
57182,1
64506,1
26328,0
85300,0
40390,0
26240,0
20697,0
40515,1
10679,1
79577,0
55484,1
47508,1
10850,1
26652,0
80713,0
60913,1
118330,0
71635,0
5899,0
78336,0
115555,0
31933,0
50464,0
37370,0
35346,0
13851,0
39304,0
37100,0
115775,0
34977,0
71026,0
60274,1
20329,0
91612,0
3973,1
48967,0
43009,1
109926,0
45984,0
89121,0
24959,0
54187,1
110431,0
89455,0
67405,1
54826,1
3084,0
87265,0
40694,0
36673,0
30175,0
113171,0
37638,0
114085,0
7683,1
40864,1
6124,0
50678,1
93847,0
92636,0
16034,0
52091,1
79901,0
44532,0
25404,0
2993,0
76668,0
115321,0
83307,0
42030,0
4681,0
28205,0
95214,0
104017,1
92591,0
94298,0
41672,0
78369,0
63812,1
12290,0
84382,0
67300,1
79726,1
97980,0
1989,0
36413,0
25258,0
57372,1
68588,1
38749,1
14375,1
104204,0
116700,0
4609,1
66993,1
116720,0
77375,1
100150,0
90023,1
15089,0
57461,1
87584,1
62917,1
8335,0
117356,0
80157,1
83175,1
79081,0
105272,0
19369,1
105108,0
53555,0
115576,0
10709,0
60692,1
70221,1
89963,0
58357,0
67715,1
41521,0
35224,0
104891,0
26876,0
77978,1
105440,0
12520,1
95530,0
41233,1
41782,0
80488,1
110553,0
48911,0
118640,0
93063,0
14409,1
81344,1
2505,0
66367,1
36268,0
103282,0
20615,0
6880,1
55019,1
62521,1
47693,1
6034,1
70703,1
93432,0
90584,0
59037,1
17398,0
32868,0
74663,1
49944,1
22059,0
37184,0
7424,1
91297,0
68329,1
86619,0
49603,0
66722,1
98895,0
97077,0
38140,0
18960,0
113168,1
31718,0
11319,0
58974,0
117374,0
464,0
6146,0
5358,0
94419,0
15280,0
20782,0
66805,1
37194,0
103174,0
101593,0
11341,0
41188,0
95257,0
108564,0
103854,0
38861,0
58059,1
96259,0
97880,0
59258,1
106049,0
109543,0
96645,0
2776,0
19525,0
40430,1
40736,0
2786,1
50646,1
63468,1
101109,0
12667,0
16589,0
22461,0
104562,0
108556,1
89765,0
113216,0
112008,0
63847,0
52453,1
79678,0
106459,1
46923,0
99788,0
67142,0
46371,1
117547,1
63479,1
70941,1
37802,0
50860,0
80514,1
37322,0
36988,0
70960,0
91743,0
75972,1
94225,0
67555,1
80753,1
20452,0
33464,1
67743,1
3912,0
44046,1
94361,0
60814,0
33627,0
24291,0
14613,0
67728,1
48705,1
27518,0
7840,0
46476,0
95600,1
16423,0
72,0
49321,0
79707,0
114515,0
7346,0
58405,1
18083,0
84067,0
48797,0
76718,0
53705,1
33962,0
97575,0
17669,0
26677,1
58857,1
93785,0
5691,1
99185,0
62162,1
70047,0
70250,1
57248,0
98278,0
51176,1
102173,0
2128,0
82417,0
77262,1
45206,1
49973,1
855,0
52404,1
117957,0
88837,0
78175,0
95757,0
73281,0
76085,1
29410,0
86759,0
48294,1
58796,1
51537,1
32904,0
92600,0
4159,0
17255,1
35088,0
50622,1
59940,0
1823,1
67129,1
85624,0
13017,1
91164,0
39519,0
107305,1
81018,1
92998,0
65965,1
34731,0
14770,1
111746,0
104026,0
117615,0
115678,1
110476,0
45367,0
16864,0
55165,1
29857,0
3002,1
7298,0
86383,0
15687,0
18586,0
99684,0
90542,0
51653,1
5861,1
25946,0
68609,1
45610,1
91839,0
22915,0
11093,1
119094,0
36560,0
22883,0
72501,1
80807,1
67125,0
28885,0
89881,0
110204,0
84879,0
21410,0
71195,0
77870,1
94408,0
110410,0
92743,0
44615,0
29055,0
102228,0
6917,1
63634,0
30445,0
39241,0
56954,1
73476,1
95603,0
105595,0
80311,1
87954,0
79882,1
96536,0
85844,0
107900,0
116432,0
56132,1
111548,1
33582,0
25642,0
45999,1
87286,0
7907,0
9937,0
72118,0
116742,0
87159,1
114971,0
5020,1
9124,0
27402,0
54881,1
106129,0
85501,0
65940,0
100726,0
49515,1
83497,0
79049,0
16781,0
15443,0
105696,1
108397,0
9744,0
14461,0
55092,1
9097,0
28882,0
89561,0
83879,0
14374,0
112213,0
20337,0
78580,0
19530,0
21013,0
96442,0
88835,0
67939,1
92123,1
40450,1
92748,0
52562,1
27017,0
53385,1
92851,0
113808,0
88228,0
118606,0
15026,0
27210,0
90068,0
6340,0
88332,1
32283,0
8194,1
72806,1
44238,0
37850,0
59410,0
80362,0
16444,0
65419,1
74594,1
84151,0
50534,0
64831,1
79202,1
111262,0
57426,1
6739,0
14755,1
39353,0
10806,1
86944,0
6574,0
5360,1
38114,0
114231,1
18904,0
80812,0
5714,0
95035,0
6516,1
110523,0
30018,0
5702,1
80020,0
91398,0
34736,0
118134,0
102263,0
94061,0
69199,0
93198,0
91387,0
93856,0
16366,0
92799,0
86777,0
93638,0
343,0
37969,0
15258,0
85310,0
25348,0
93108,0
6899,1
40786,0
79033,0
56417,1
51100,1
93260,0
63752,1
18613,0
74552,1
112057,0
8776,0
72575,1
48974,0
51739,1
90135,0
65490,1
50570,1
18589,1
25009,0
24857,0
54487,0
86276,0
12420,0
56680,0
100056,0
18865,0
27565,0
78712,0
25031,0
14563,0
60978,1
79210,0
35007,0
108331,0
100227,0
9661,0
54402,1
65142,1
53348,1
105597,1
107695,0
29436,0
106790,0
71140,1
104258,0
29242,0
6901,0
64337,0
94924,0
20632,0
49050,0
88728,0
28555,0
22736,0
46238,0
22028,0
85123,1
109839,1
37295,0
22829,0
114313,0
15775,0
88353,0
4696,0
83675,0
17972,0
27788,0
33008,0
67922,0
91696,0
36643,0
65218,1
31314,0
4927,1
20630,0
716,0
51303,0
52485,1
90236,0
107970,1
66791,1
98376,0
90955,0
29962,0
23580,0
55051,1
77690,1
80507,1
31995,0
42712,0
16687,0
22418,0
104854,0
67402,1
22804,0
98380,1
95574,0
73485,0
61238,0
78254,0
109326,0
23429,0
75944,1
26055,0
47090,0
11207,1
43283,0
10647,0
57940,1
109607,1
89933,0
65699,1
99737,0
15489,0
55130,1
69282,1
118147,0
25250,0
65276,1
33817,1
86808,1
110503,0
687,1
13708,1
104940,0
5357,0
29956,1
97794,0
67972,1
32655,0
26462,0
1658,0
101266,0
104010,0
14277,0
49420,0
84988,0
105872,0
2162,0
47921,0
11205,0
39491,1
70057,1
118135,1
45748,0
37704,0
47597,1
102807,0
69020,0
45707,0
53262,1
85945,0
27008,0
21529,0
15344,1
84802,1
47365,1
72952,1
46563,0
23005,1
55915,1
94749,0
90590,0
38384,0
64237,1
92885,0
8572,0
108231,0
11129,1
82805,1
9083,0
85689,0
90719,0
66551,1
57377,0
44512,0
23212,0
60357,1
69287,1
106239,0
9145,1
101641,0
72851,1
97566,0
42771,0
103742,0
55303,1
109107,0
14388,0
2331,1
103344,1
101782,0
15470,0
15469,0
52678,0
12876,0
28891,0
51503,1
79229,1
38948,1
12794,0
85716,0
5205,0
110317,0
51957,0
112335,0
3974,1
51464,1
49974,1
33916,0
22788,0
1187,1
97389,1
83888,0
83163,1
64371,0
87976,0
30727,0
73817,1
117124,0
90193,0
32032,0
76584,1
18099,0
52039,0
86269,0
22651,0
55211,0
11229,1
79865,1
116095,0
95907,0
113372,1
45500,0
97909,0
20013,0
85675,0
38381,0
39159,1
21487,0
111339,0
115428,0
101372,0
5947,1
895,1
92253,0
93746,0
85114,0
67407,1
20805,0
32184,0
66475,0
81878,1
72418,1
119242,0
67903,1
9523,0
53370,1
103866,1
52252,1
85182,0
93022,0
94895,0
82929,1
96383,0
68906,0
102649,0
12164,0
28304,0
32583,0
114507,0
66430,1
1043,0
63038,1
11464,0
84207,0
117557,0
55801,0
53519,1
68077,0
45524,0
86725,0
59823,0
49276,0
22113,0
33879,0
118925,0
93263,0
74858,1
28617,0
96943,0
10488,1
49059,1
85808,1
62039,1
52689,1
20991,0
27370,0
34204,0
78242,1
14968,0
12266,1
27066,0
113231,0
27084,0
77512,0
92876,0
22389,1
25021,0
31407,0
108036,0
38752,0
100637,0
71091,0
24690,0
23357,0
18183,0
9247,1
58747,1
55366,1
10418,1
22321,0
94724,0
30638,0
101534,0
82007,1
34899,0
84372,0
19513,0
35591,0
63126,1
59219,1
41957,0
72144,1
35949,0
116759,0
101324,0
78019,0
23496,0
78989,0
23597,0
57819,1
13201,0
105799,0
20907,0
4203,0
71894,1
87851,1
1445,0
17616,0
70260,1
108899,0
41217,0
34673,0
110480,0
79867,1
32217,0
19413,0
104776,0
68676,1
38842,1
31168,0
108008,1
98973,0
7421,1
22464,0
74236,1
49182,1
87500,0
79967,0
54924,0
11705,1
91627,0
70480,1
19393,0
7481,1
62034,1
25166,0
40663,1
15680,0
111200,1
77425,1
106030,1
26136,0
9040,1
53748,0
118715,0
73465,0
60011,1
58312,1
56465,0
52810,1
76673,0
37904,0
114103,0
100754,0
17189,0
15301,0
48576,1
55246,1
98417,0
96325,0
50078,1
28564,0
27737,0
37800,0
33976,0
100768,0
47277,0
106932,1
82563,0
64720,1
17590,0
105020,0
100894,0
54636,1
46491,0
91263,0
15285,0
77563,0
62709,1
48733,1
36582,0
51340,1
78441,1
47986,0
9846,0
96305,0
58047,1
11862,1
97833,0
73003,1
99373,0
112772,0
114936,0
64930,1
54367,1
97412,0
47220,0
115677,1
14292,0
8609,0
25578,1
71266,0
38773,0
72087,0
45108,0
115904,0
78204,0
61717,0
33352,0
33950,0
59778,0
6022,0
2775,1
11049,1
41821,0
59207,0
50920,0
55585,0
117308,1
90518,0
85382,0
64276,1
14553,0
48908,1
5446,1
5697,0
22753,0
383,0
34442,0
99130,0
102279,0
47840,0
78529,0
73510,0
102987,0
62903,0
118059,1
20205,0
35924,0
47233,1
17571,0
30586,0
33434,0
41123,1
113741,0
67605,1
50686,0
93613,0
32288,0
49574,0
13676,0
35703,0
6778,0
89093,1
94322,0
18266,0
101249,0
117272,0
95017,0
22914,0
100967,0
103179,0
32778,0
12273,0
85476,0
25115,1
72815,1
14072,0
59478,1
28954,0
49846,0
25867,0
98646,0
63900,0
46440,0
52520,1
106026,0
710,0
84057,0
56999,1
40581,0
97428,0
1394,0
53168,1
88676,0
86056,0
44916,1
6936,0
81537,1
56983,0
111155,0
20546,0
71429,1
10432,0
1073,1
101666,0
82379,1
67080,0
77959,0
13512,1
63316,0
3886,1
52734,0
70156,1
80961,0
97689,0
31747,0
14898,1
17385,0
60124,0
58601,0
81613,1
58020,1
4281,0
21392,1
67092,1
3009,0
44251,0
114849,0
78372,0
53563,0
32824,0
99068,0
10861,1
46805,0
65036,1
7834,1
87971,0
109521,0
114032,0
80569,0
10458,1
101452,0
73046,0
54951,0
102515,0
56880,1
30484,0
46636,1
60606,0
87150,0
92046,0
56843,1
103407,0
118619,0
27050,1
2289,0
25671,0
36561,0
28209,0
107283,0
89439,0
17293,0
104348,0
9862,0
31527,0
23937,0
77718,0
91595,0
80406,1
34326,0
115158,1
76850,0
30666,0
97333,0
21069,0
88581,0
88138,1
96038,0
68713,1
46931,0
61169,0
13019,0
33510,0
11088,1
111406,0
39627,0
107119,0
17129,0
45132,0
88786,0
46195,0
82816,1
28106,0
38797,1
70706,0
88536,0
114832,0
108296,0
2209,0
56535,1
75859,1
45765,0
41390,0
73104,1
93848,0
77444,1
4581,0
80532,0
103249,0
108884,0
73967,1
114346,0
29004,0
115472,0
66943,1
69957,1
31743,0
85058,0
1030,0
75898,1
93193,0
4955,0
59897,1
78519,0
112495,0
58859,0
17723,0
71042,1
90797,0
45756,0
52192,1
54339,1
88370,0
118193,0
117441,1
11204,0
25844,0
38044,0
37374,0
2239,0
113229,0
108803,0
61054,1
94016,0
56506,1
105356,0
32988,0
6224,0
100308,0
399,0
18415,0
59626,1
82155,1
71693,0
43068,0
92095,1
26309,0
44199,0
28756,0
85075,1
26732,0
90499,0
110465,0
52628,1
114353,0
111134,0
84652,0
30562,0
15033,0
962,0
23918,0
86176,0
97716,0
46190,0
542,0
58806,1
89719,0
83770,0
3155,1
59462,1
25430,0
47186,1
3936,1
107390,0
51970,1
39806,0
109791,0
95642,0
58503,1
61243,0
27751,0
31935,0
70370,1
29903,0
117666,0
56337,1
82528,1
34698,0
33694,0
43139,0
11858,0
10163,1
112696,1
85383,1
67681,0
24815,0
43674,0
68243,1
77810,0
72297,0
20326,0
14346,1
49833,1
112384,0
85574,0
40092,1
22593,0
75003,1
6838,0
117842,0
33614,0
95927,0
112793,0
13215,1
91199,0
24272,0
88078,0
9407,0
87014,0
54134,1
29873,0
97638,0
54126,1
26460,0
19593,1
70929,0
116866,0
36915,0
13222,0
76658,0
71711,1
117698,0
71224,1
67862,0
105118,0
118509,0
60520,1
101860,0
90522,0
67698,1
12275,0
97822,0
109260,0
35675,0
119351,0
102368,0
85285,0
89562,0
103598,0
75662,1
35538,0
52200,1
39457,1
44168,0
19501,0
82186,1
17708,0
105052,0
42560,0
116194,0
61333,1
43997,0
61670,1
59509,1
45121,0
102665,0
50030,1
22745,0
73706,1
96181,0
55900,1
85687,0
111266,0
69285,1
102230,0
22099,0
58445,1
101336,0
985,0
59597,1
66206,1
58712,1
26325,0
18173,1
6063,0
3528,0
25098,0
70407,0
52973,1
90878,0
23451,0
19869,0
31853,0
25897,0
46748,0
98011,0
29822,0
71680,0
37598,0
29051,0
80727,0
74628,1
42679,0
101093,0
53719,1
105754,0
93648,0
25227,0
70478,1
88733,0
43576,0
115047,0
22891,0
51862,0
65669,1
6028,0
30141,0
21613,0
17039,0
86640,0
118213,0
77191,0
10101,0
40264,0
62455,1
66228,1
93391,0
92698,0
30330,0
89706,0
105886,1
409,0
108233,0
103445,0
71697,0
59181,1
53279,1
14590,0
108330,0
70955,1
77585,0
19500,0
67456,0
86189,0
52309,0
6881,0
80642,0
31835,0
23510,0
80100,1
37794,0
21595,0
68849,1
82275,0
112240,1
34407,0
57675,0
84542,0
7649,0
57535,1
62140,0
33455,0
72440,0
73277,0
27723,1
4060,1
33655,0
113830,0
44106,1
89180,0
85846,1
95997,0
6350,0
5756,1
14541,0
47685,1
106312,0
114058,0
42720,1
23893,0
86926,1
70152,0
64038,0
39269,0
4110,0
82794,1
10472,1
115364,1
96885,0
96819,0
15658,1
73112,1
74006,1
93180,0
85015,0
46439,0
113151,1
65028,1
115254,0
60724,1
28149,0
111092,0
100475,0
108840,0
8756,0
84454,0
77827,0
99600,0
58311,1
1994,0
5266,1
10031,1
81074,0
1173,1
107726,0
36513,0
63226,0
78239,1
76981,0
34938,0
7455,0
2045,0
101342,0
98928,0
98616,0
88481,0
93595,0
108293,0
104655,1
88553,0
53456,1
36704,0
70572,1
52440,1
74401,1
32328,0
9349,0
33671,1
32004,1
55791,1
110303,0
101053,0
119292,0
48325,1
64690,0
14645,1
112876,0
16026,0
101436,0
8502,1
74760,0
55948,1
100172,0
21246,0
27470,0
80828,0
79429,1
118350,0
23195,0
12234,0
43327,1
81536,1
7687,1
33785,0
50695,1
83870,0
79106,0
117658,0
1084,0
20439,0
66648,1
49916,0
68026,1
55587,0
96010,0
95026,0
65501,1
60669,1
52509,1
16811,0
108193,1
114598,1
18642,0
21308,0
82683,0
85663,0
94321,1
17870,0
33942,0
102690,0
79294,0
5162,0
32460,0
93061,0
18132,0
5491,1
90579,0
108958,0
45284,0
96696,0
17894,0
73472,0
106723,0
103975,0
9368,1
18465,0
111939,1
66483,1
29847,0
83863,1
47317,1
72428,0
42762,0
53465,1
29562,0
11551,0
113230,0
85849,0
70511,1
93273,0
59496,1
13630,1
54708,1
68198,1
63408,1
96466,0
14213,0
15272,0
99751,0
93944,0
105918,0
116853,1
82090,0
75146,1
92606,0
30961,0
14184,0
58071,1
22724,0
71973,0
1401,1
114348,0
84450,0
9123,0
17034,0
35960,0
110169,0
80383,1
8740,0
523,0
55848,0
54261,1
93786,0
40912,0
23612,0
57553,1
36348,0
112120,0
28768,0
87137,0
93006,0
72976,0
118621,0
93329,0
42361,1
78427,0
39688,0
76645,0
38864,0
37703,0
77228,0
59876,1
84174,0
53941,1
116098,0
86897,0
30582,0
90410,0
52679,1
116937,0
118237,0
105927,0
102500,0
69095,1
98593,0
83826,0
24177,0
20022,0
72838,0
83135,0
68977,0
107064,0
102603,0
83785,0
100977,0
116896,1
95527,0
56156,1
54577,1
21537,0
49586,0
88845,0
73241,1
76585,1
47522,0
52764,1
106516,0
66647,1
46125,0
113924,0
111346,0
55867,1
83664,0
40395,0
24665,0
110875,0
36893,0
63253,1
83064,0
74303,1
18691,0
38480,0
6348,1
20498,0
38562,0
93602,0
102846,0
16430,0
107668,0
78763,0
17722,1
22815,0
97346,0
98181,0
72369,1
103862,0
28523,0
91828,0
14767,1
43180,0
13401,0
50613,0
22912,0
38887,0
65197,1
114481,0
117582,0
43570,0
1357,0
108349,0
21493,0
34347,0
566,0
6975,0
2397,0
24949,0
91867,0
51885,0
9839,0
23824,0
118248,1
93530,1
41112,1
22318,0
80560,0
74205,1
44458,1
72735,1
43270,0
86002,0
13650,0
62534,1
37754,0
63444,1
4182,1
89938,0
44718,0
107738,1
28051,0
51906,0
32100,0
5540,1
49525,1
66733,0
90636,0
106193,0
74484,1
118050,1
8891,0
7065,0
100048,0
33345,0
75291,1
108114,0
43465,1
66489,1
8073,1
45472,1
60906,0
84814,0
108702,0
102169,0
94551,0
106737,0
103414,0
30075,0
105933,0
75010,1
102636,0
43479,0
57748,1
34486,0
80145,0
1625,0
14495,0
94463,0
5732,0
68115,1
58092,1
44693,1
95094,1
10933,0
11142,1
49743,1
38168,0
7266,0
108762,0
118271,0
57116,1
78920,0
98943,0
98719,1
104303,0
104366,0
91359,0
34409,0
80005,1
23022,0
97046,0
61425,1
20780,0
64942,1
22134,0
18488,0
44735,1
115033,0
97952,0
35860,1
73497,1
32119,0
25086,0
66488,1
64767,1
100985,0
66611,1
69108,1
114135,0
60192,1
6729,0
15550,0
39258,0
116501,0
58397,1
50542,0
32631,0
107581,0
24497,0
103242,0
8797,0
74109,1
8903,0
119165,1
7824,0
17387,0
113102,0
22392,0
91990,0
48987,1
1602,0
95707,0
61391,1
3229,0
5563,0
29372,0
101151,0
62748,0
68794,1
37693,0
117646,0
62805,1
72793,0
62220,1
5452,1
20666,0
60627,1
20096,0
67066,0
68121,1
24807,0
8854,1
73028,0
100114,0
71879,0
62115,0
89072,0
12933,0
10706,1
55972,1
73882,1
72702,0
94998,0
71267,1
82604,0
30884,0
72619,1
112838,0
69947,1
40294,1
106493,1
56448,0
332,0
95732,0
14740,1
76358,0
83635,0
104584,0
64708,1
54686,1
117501,0
89075,0
73581,1
77808,1
10594,1
48720,1
109847,0
77525,0
76765,1
119176,0
108161,0
76832,0
83610,0
24977,0
83350,0
99902,0
108134,0
46671,0
26665,1
55770,0
58201,1
70319,1
26123,0
94766,0
32126,0
105645,1
103850,1
66042,1
52997,1
65808,1
14676,0
22601,0
110685,0
93886,0
101566,1
54683,1
52896,1
3894,0
25942,0
59423,1
19575,0
46208,0
82565,0
70348,1
107552,0
49173,1
57450,1
28403,0
60795,0
48864,0
38516,0
8005,1
6229,0
95982,0
10578,0
51001,1
118761,0
32737,0
15051,0
114743,0
114799,0
76512,1
5855,1
59796,0
67576,1
38310,0
85126,0
24417,0
7980,0
95667,0
104080,0
109094,0
52294,1
41908,0
102924,0
53908,1
82000,1
44476,1
78753,0
9564,0
80386,1
86654,1
10600,0
107204,0
113611,0
102384,0
83993,0
28044,0
50609,1
69671,1
25363,0
38646,1
15291,0
87411,1
17041,0
46181,0
103443,0
80573,1
64993,1
91468,0
61840,0
79153,0
49089,1
56984,1
114162,1
74850,1
45823,0
104749,0
74154,1
33316,0
20948,1
4097,1
101354,0
91848,0
113213,0
114870,1
41820,0
24113,0
22452,0
95368,0
117279,0
49125,1
1041,0
32282,0
68308,1
74814,1
25215,0
116948,0
105656,0
13564,0
78857,0
3403,1
5392,1
82478,0
48689,0
58970,1
95030,0
76950,1
61927,1
63145,1
106317,0
110208,0
24955,0
119051,0
23982,0
35660,0
56968,1
114765,0
98306,0
36744,0
106534,0
43739,0
117635,0
15455,0
50849,1
89712,0
61297,0
30758,0
94544,0
4664,1
65852,1
63943,0
95371,0
104693,0
48559,1
38457,0
35221,0
96329,0
64356,0
55430,1
60140,0
34238,0
70294,1
54762,0
49054,1
104338,0
100269,0
67110,0
95003,0
42905,0
65336,0
66520,1
59563,0
115827,1
67223,1
34452,0
87564,0
21620,1
30702,0
37159,0
99763,0
92728,0
106156,0
23073,0
56676,1
107131,0
67230,0
102395,0
60869,1
29641,0
107590,0
13292,0
35702,0
18025,0
7512,0
82473,0
94923,0
24862,0
41654,0
46367,1
22512,0
118693,1
25266,0
42483,1
67612,0
75538,1
87850,0
20665,0
74494,1
6097,0
63490,1
33151,0
36343,0
106780,0
35525,0
103260,0
60830,0
36139,0
95370,0
79120,0
54567,0
18983,0
93873,1
72300,0
101281,0
32673,0
53330,0
92519,0
24263,0
58120,1
85448,0
63487,1
23209,1
39537,0
15905,0
73855,1
30802,0
17904,0
29803,0
99771,0
113424,0
85938,0
114212,0
3198,0
62235,0
39542,0
94345,1
101612,0
30126,0
29322,0
16408,0
80552,1
108147,1
114718,0
81664,1
91642,1
44857,0
75655,1
49248,1
99873,0
30817,0
74541,1
72740,1
112498,0
86708,0
82850,1
50452,0
54652,1
110895,0
68056,1
36727,0
91399,0
25925,0
87996,0
20866,0
83666,0
34581,0
118349,0
38287,1
47428,0
40145,1
52344,1
26925,1
27007,0
38720,0
62451,1
78028,0
100942,0
49796,1
112708,0
46090,1
2049,0
81838,1
50185,0
92468,0
112144,0
119120,0
73385,1
5054,0
41104,1
67586,1
79383,0
47615,1
40382,0
105883,0
6045,0
105999,0
54678,1
27608,0
103616,0
69317,1
6787,1
94317,0
47781,1
34637,0
80290,1
48162,0
10157,1
41526,0
60146,0
64605,1
30051,1
72478,0
40468,0
105635,0
70143,1
107880,0
13829,0
16454,0
46691,0
13369,1
14217,0
85976,0
55362,1
30769,0
76413,0
60304,1
96174,0
36426,0
41038,0
95536,0
34385,0
45714,0
27695,0
94474,0
32200,0
99692,0
107312,0
87353,1
38925,0
17906,0
109960,1
26412,0
52654,1
85397,0
31628,0
104895,0
39760,0
24258,0
47563,1
68207,1
23380,1
46624,1
34079,0
30960,0
101816,0
51185,0
50772,1
1917,0
39687,0
18085,0
39563,0
103570,0
114258,0
252,1
43389,0
59872,1
96779,0
84075,1
63625,1
108960,1
74048,1
114144,0
21403,0
6815,1
81458,0
41818,0
8615,0
86907,0
39375,0
33174,0
112872,1
112594,0
7499,1
103643,0
94719,0
56278,0
39051,0
6759,0
84550,0
18596,1
94954,0
49143,0
115818,0
88961,0
95535,0
9975,0
61329,1
96738,0
56986,0
64143,1
110656,0
87043,0
80417,1
58707,1
19678,0
91895,0
27223,0
75983,1
85516,1
31430,0
84588,0
9610,1
58586,0
10683,1
75371,1
65517,1
22017,0
14837,1
31948,0
764,1
95282,1
112804,0
73647,1
102057,0
57612,1
69522,1
32335,0
39157,0
52491,1
78280,0
101714,0
113132,1
78292,0
103914,0
78844,1
47271,0
116435,0
117079,0
83174,0
15531,0
46633,0
61689,0
4221,1
88339,0
48472,0
81591,1
62512,1
86970,1
99793,1
62226,1
39115,1
69081,0
44002,0
74453,1
72279,0
53741,1
86137,0
54653,1
98058,0
46890,0
51219,1
64385,1
8838,1
64398,1
117540,0
75286,1
30880,0
6906,1
93820,0
98800,1
90244,0
67848,0
12577,1
111395,0
59277,0
32964,0
44713,0
39958,0
74591,1
53001,1
76827,0
56265,0
110980,0
75452,1
7383,1
1242,0
8379,1
104967,0
86879,0
90313,0
111575,0
88965,0
90254,0
38201,0
100507,0
33733,0
89346,0
109912,1
19589,0
87936,0
99375,0
88258,0
56961,0
38305,0
16568,1
30825,0
42559,0
105975,0
61882,1
76888,0
106952,0
58661,1
109450,0
81958,1
22537,1
78418,0
36212,0
98018,0
65654,1
13529,1
10616,0
11476,1
34018,0
70330,1
101414,0
46395,0
89934,0
11865,0
28207,0
43475,0
35211,0
19647,0
23983,0
113740,0
99080,0
77559,0
50947,1
97190,0
70842,1
71531,0
24347,0
21341,0
65248,1
76360,0
40495,0
6462,1
91189,0
69451,0
14897,1
62251,1
112440,0
115860,0
88600,0
33322,0
65251,1
25191,0
521,0
112140,0
111212,0
66263,1
60112,1
61168,1
55404,0
105100,1
75015,1
110943,0
74275,1
98868,0
108531,0
105601,0
76886,1
1359,0
81402,0
78173,0
84338,0
47245,1
54542,0
93480,0
107474,0
115153,0
68252,1
98204,0
86525,0
58350,0
108642,0
102624,0
69653,1
77862,0
50894,1
58383,1
78156,0
30305,0
17671,0
11045,0
115012,0
15142,0
61197,0
54438,1
30667,0
89481,0
30606,0
46224,0
91939,1
32668,0
52084,1
109655,0
117330,0
10290,1
84137,0
65534,1
15292,0
50450,1
106311,0
49740,0
97269,0
73613,1
101319,0
85585,1
53806,0
105378,0
46581,0
66979,0
32504,0
36209,0
39526,0
84138,0
57520,1
21629,0
95220,0
77873,1
45169,0
28277,0
99885,0
31139,1
96614,0
18408,0
5274,0
71730,1
8436,0
78148,1
97897,0
36308,0
47765,0
45846,0
93920,0
90058,0
109745,0
36559,0
41151,0
78466,0
21238,0
54222,1
113340,0
94582,0
3476,1
43342,1
24578,0
25759,0
118073,0
37185,0
98652,0
67504,1
40774,0
79924,0
8261,0
105316,0
67195,1
85027,0
10543,0
80411,1
12832,0
24823,0
17252,1
21512,0
9827,0
12608,1
63177,1
66205,1
98981,0
72390,0
113821,0
14973,1
97425,0
88717,0
105128,1
89573,0
85988,0
7986,0
61345,0
107871,0
18265,1
6328,1
9405,0
106937,0
94010,0
34544,0
119058,0
107173,1
847,0
37592,0
112124,0
24116,0
25749,0
105528,0
96876,0
12032,1
54657,1
19604,0
104933,0
88356,0
408,0
115389,0
4151,0
11656,0
51034,1
83918,0
31252,0
77716,0
12582,0
42589,0
26579,0
58152,0
100447,0
48073,0
102358,0
55928,0
6832,0
115705,0
15064,0
76329,0
93229,0
9141,0
68510,1
68762,0
10259,1
21338,0
30597,1
22302,0
223,0
39434,0
25528,0
86540,0
109162,1
10741,0
23791,0
111392,0
58675,0
66560,1
36896,0
78195,0
39974,0
3142,0
9355,1
16229,0
61042,1
98268,0
71649,1
86951,0
98991,0
37514,1
102863,0
24101,0
103419,0
32527,0
77138,0
104795,0
73500,1
56362,1
76323,1
54251,0
95278,0
32314,0
56813,1
7280,1
81450,0
108836,0
94082,0
76556,1
71029,1
92648,0
34547,0
76877,1
81473,0
105173,0
48566,1
84826,0
93684,0
85031,0
96278,0
457,0
73782,1
13539,0
36909,0
48806,0
32896,0
39823,0
92717,0
38531,0
40421,1
49206,1
56093,1
99223,0
20358,0
80044,0
64655,0
101642,0
85765,0
71873,1
99954,0
69372,1
82477,1
71575,0
38296,0
66742,0
21298,0
63952,0
116129,0
81316,0
24365,0
7062,1
35921,0
72659,1
89878,0
30647,0
112228,0
16150,0
96960,0
82035,1
107890,0
9268,0
52410,1
95309,1
24211,0
49814,0
15458,0
38620,0
75956,1
33111,0
60000,1
45669,0
33225,0
69487,1
90767,0
46045,1
45951,0
104508,0
112812,1
24019,0
109102,0
7959,1
41235,0
57908,0
48392,1
63825,0
2597,0
9991,0
88935,0
66884,1
13149,0
7608,1
18332,0
77820,0
98942,0
72043,0
7215,0
39400,0
109613,0
33548,0
114460,0
97286,0
39518,0
17145,0
22175,0
16637,0
19729,0
37418,1
106031,0
19774,0
7823,1
91596,0
103484,1
29440,0
84581,0
47625,1
79187,0
20513,0
53551,0
1836,0
52514,1
58685,1
27720,0
28591,0
83823,0
108893,0
106564,0
116899,0
18793,0
12799,0
110101,0
93526,0
45489,1
9563,0
117280,0
116255,0
50155,1
113548,0
4803,1
95100,0
110771,0
109600,0
63986,0
91782,0
61809,0
43990,0
22523,1
34035,0
39562,1
73427,1
62445,1
83276,0
18885,0
18096,0
61207,0
25237,1
108827,0
77298,0
20113,0
112692,0
112844,0
70299,1
26540,0
83141,0
63789,0
47185,1
101239,0
51937,0
8482,1
72089,1
92515,0
20310,0
109189,0
64902,1
52247,1
61106,0
64516,1
22917,0
16961,0
37845,0
111283,0
99878,0
107819,0
16819,1
24745,0
106973,0
15888,0
14197,0
40652,0
73648,1
24356,0
29180,0
39653,0
18507,0
104240,1
15756,1
41005,0
91349,0
10716,0
95584,0
106896,0
75153,1
1830,0
6378,0
83690,0
46570,0
61709,0
61815,0
68269,1
57436,1
40324,0
41044,0
41275,1
10284,0
23541,0
53922,1
48520,0
100427,0
29885,0
55814,1
28723,0
91558,0
63409,1
54631,1
96316,0
36957,0
115469,0
67021,1
24080,0
86932,0
57258,1
104455,1
45454,0
35886,0
102598,0
46993,0
100292,0
58887,1
64107,1
84154,0
30136,0
61350,0
42028,0
75938,1
21550,0
77941,0
112455,0
60176,1
68893,1
87021,0
71576,0
23196,1
55712,1
69250,0
54449,0
81654,0
4865,0
99313,1
28008,0
54713,1
9149,0
7810,0
64825,0
62936,1
23105,0
80766,1
8178,0
110519,0
37132,0
38010,0
53858,1
105610,1
57775,1
102921,0
63405,1
9064,1
13612,1
58571,1
98721,0
96969,0
20942,0
111529,0
38240,0
108867,0
76794,0
47731,0
55939,1
74274,1
118683,0
104701,0
18167,0
112388,0
88181,1
53106,1
83885,0
23480,0
5700,0
112697,1
49512,1
89257,0
78971,0
62357,0
35391,0
11484,1
63568,0
112374,0
90794,0
2890,0
57682,1
112176,0
76234,1
57368,0
68220,1
54603,1
41587,1
68138,1
3264,0
30983,0
1435,0
68258,1
43646,0
85103,0
44579,0
19911,0
63054,0
16743,0
111217,0
112170,0
104212,0
78526,0
35019,0
40928,0
73924,1
2870,0
75023,1
36101,0
66933,1
92001,0
102087,0
91622,0
99703,0
100745,0
88992,0
110633,0
44456,1
74940,1
8783,0
18979,0
42424,1
82325,0
75626,1
893,1
58771,1
97878,0
9664,1
107052,0
119166,0
29909,0
16185,0
11240,1
63173,1
78626,0
36080,0
79871,1
103965,0
16815,0
97541,0
59855,1
73052,0
82761,1
77283,0
65729,0
110007,0
76691,0
116618,1
45914,0
22929,0
109312,0
57939,0
98565,0
8417,1
96598,0
21175,0
53567,0
35631,0
61861,1
77904,1
91287,0
55062,1
38418,0
88168,0
48904,1
59984,1
100252,0
85507,0
93936,0
113730,0
115129,0
95676,0
34751,0
79246,1
1158,0
71431,0
46871,0
64568,1
42748,0
102277,0
13414,0
31468,0
90485,0
118558,0
65635,1
54975,1
22937,0
13040,0
52347,1
29261,0
101916,0
110361,0
65991,0
64141,1
7932,1
92918,1
64230,1
113559,0
26682,0
51829,0
82319,0
56695,1
48856,1
102668,0
72012,1
73606,0
111924,0
47749,1
32285,0
31076,0
60049,0
25117,0
90018,0
1185,0
105232,0
96066,1
35952,0
83458,0
108110,0
17105,0
99356,0
62831,1
7004,1
26071,0
86448,0
86737,0
39064,0
11768,0
93018,0
85370,0
48961,1
1133,0
74346,1
29163,0
7617,1
60234,1
23677,0
12047,1
98900,0
58054,1
68231,1
79505,0
103418,1
107539,0
96551,0
70404,1
1526,0
93279,0
27555,0
118386,0
106502,0
61014,1
21938,0
69258,1
48635,1
5134,0
29485,0
51301,0
81053,1
50440,0
100594,0
115099,0
93015,0
22083,0
69243,1
63160,1
74188,1
42111,0
63532,1
74525,1
62949,1
53513,1
23466,0
42989,0
31757,0
55416,0
22873,0
80644,0
86267,0
108355,0
55248,1
88574,0
32693,0
105791,0
101812,0
98619,0
90565,0
64589,1
21879,0
27323,0
8484,0
94354,0
11694,0
53476,0
8078,1
40260,0
90529,0
63769,1
118548,0
69086,0
115885,1
107831,0
60446,1
63747,1
34289,0
113633,0
76062,1
81581,1
4084,1
64393,0
74163,1
117105,1
89555,0
108039,0
52860,1
28698,0
108012,0
88414,0
72786,1
6311,0
43020,1
36908,0
78150,0
79755,0
108941,0
14933,0
48360,0
76382,0
65698,1
31864,0
57295,0
51759,0
6913,1
36134,0
103458,0
16889,0
92957,0
108505,0
8504,1
94630,0
60320,1
24430,0
34038,0
108478,0
102584,0
41045,0
115070,0
62834,1
19617,0
68179,0
107889,0
92955,0
3954,0
78416,0
10930,1
82024,1
64922,0
85413,0
117899,0
23642,0
88310,0
45167,0
32135,0
60332,1
54837,0
80709,0
85752,0
94263,0
11215,1
70881,0
22730,0
56508,1
93096,0
90375,0
89425,0
74571,1
103582,0
33027,0
25732,0
30052,0
66086,0
33904,0
71781,1
95888,0
12695,0
107483,0
85499,0
3688,0
15406,0
2141,0
39638,0
11074,0
25028,0
95788,0
24711,0
17836,0
1803,0
77310,0
66724,1
114393,0
14350,0
248,1
107088,0
79342,0
111173,0
16832,0
23007,0
26103,0
71979,0
94266,1
44692,1
29298,0
24924,0
67790,0
22111,0
96731,0
59593,0
57369,0
110339,0
39196,0
43747,0
98724,0
312,0
59990,1
37700,0
32448,0
65562,1
19073,0
105171,0
80265,0
83820,0
1021,0
64750,1
9062,0
100334,0
42802,1
35503,0
30480,0
47440,1
94501,0
107347,0
30395,0
18422,0
16639,0
76249,1
39055,0
42394,0
15799,0
38298,1
17614,0
599,1
31786,0
62385,1
83976,0
58454,1
79698,0
114161,0
30761,0
83904,0
105375,1
69946,1
65387,0
108966,0
114572,1
89263,0
67816,0
35431,0
3681,0
118851,0
95993,1
31272,0
51312,0
103004,0
42678,0
73027,1
1129,0
10161,0
31867,0
59558,0
100305,1
79566,0
91693,1
47703,1
117486,0
39631,1
25858,0
82494,0
67440,0
9014,1
45842,0
71345,0
101398,0
88611,0
118757,0
110166,0
105218,0
76766,1
49410,1
2809,0
35764,0
111867,0
63738,0
118549,1
33955,0
59330,1
12104,1
25915,1
29260,0
80597,0
45043,0
60522,0
106833,0
89508,0
99755,0
64717,1
90001,1
73356,1
88364,1
68869,1
42984,1
46903,0
47161,0
81229,0
35362,0
28244,1
22293,0
99630,0
101901,0
4160,0
30701,0
109275,0
13096,0
86108,0
18748,0
80523,0
34294,0
7015,0
8993,1
49100,1
100222,0
33994,0
12898,1
44574,0
2366,0
45480,1
85874,0
1403,0
106718,0
95259,0
47303,0
117870,0
64908,1
100846,0
102678,0
6166,1
108707,0
91965,0
91935,0
85686,0
6802,1
7099,0
23536,0
104230,0
45585,1
33114,0
19463,0
50298,1
40824,0
24714,0
40007,0
96271,1
54348,1
103996,0
34783,0
29851,0
29980,0
105774,0
112516,0
26651,0
92106,1
108153,0
527,0
119256,0
14756,1
103195,0
60698,0
74862,1
19766,0
94602,0
10565,1
19414,0
73240,1
10182,0
111805,0
57066,0
31804,0
79803,0
92953,0
25466,0
104667,0
80028,0
17520,0
96486,0
19479,0
17107,0
28339,0
6147,0
40746,0
30649,0
49555,0
118652,0
100283,0
20086,0
117379,0
22616,0
48506,0
29030,0
111268,0
85801,1
5958,0
22312,0
28828,0
60670,0
75537,1
45886,0
102258,0
24279,0
114249,0
80684,0
75937,1
64095,0
119213,0
17218,0
87117,0
68214,1
113099,0
44547,0
23275,0
90601,0
42631,0
60104,0
79644,0
112675,0
25750,0
42421,0
96878,0
85252,0
2757,0
38371,0
31920,0
107923,1
119352,0
15825,0
109940,0
104745,0
103641,0
10958,1
18051,0
61194,1
91931,1
27965,0
83022,0
49313,1
93548,1
37117,0
1426,0
98112,0
14539,0
98783,0
4304,1
59293,1
117371,0
95660,0
60957,0
48235,1
67558,1
116704,0
8971,1
24325,0
9261,1
82729,0
88505,0
14084,0
3116,0
47150,0
66346,1
76637,0
58318,1
101370,0
38351,0
43877,0
48054,1
100923,0
114809,0
59580,0
17478,0
668,0
4180,0
48836,1
101142,0
74466,1
110864,0
102007,0
611,0
56052,0
48139,0
55224,1
9418,1
29117,0
95006,1
6191,0
43351,0
32976,0
113486,0
23872,0
22247,0
114411,0
83829,0
80136,0
79295,0
77324,1
25006,0
114400,0
480,0
25372,0
31635,0
38137,0
102737,0
43485,0
70371,1
91883,0
43585,0
104772,0
41651,0
15253,1
55836,0
93148,0
78799,0
31260,0
96220,0
27517,0
28324,0
51708,0
63298,0
56441,1
49536,1
60006,1
25757,0
26163,0
51363,1
72638,1
37324,0
27627,0
92809,0
113468,0
7007,0
68218,1
10860,1
36800,0
34546,0
98659,1
103884,0
68909,0
53634,0
28507,0
94877,0
72792,0
93090,1
64359,0
62466,1
13218,1
52890,1
78199,1
64282,1
17151,0
115449,0
102968,0
59122,1
80594,0
107580,0
53830,1
73650,1
2014,0
15803,0
95733,0
46203,0
2262,0
33819,0
99847,1
54910,1
6519,1
95790,0
97976,0
59095,1
114768,0
97065,1
13204,0
111995,0
84362,0
311,1
36217,0
66105,0
32883,0
98353,0
100947,0
11507,0
30163,0
100559,0
67731,1
117531,0
22030,0
100256,0
71599,1
82575,0
82434,0
65427,1
65261,0
4041,1
582,0
42244,0
21552,0
40213,0
44802,1
43648,0
66937,1
113012,0
71912,1
9713,0
90822,0
106354,0
95651,0
69470,0
13767,0
66985,1
102285,0
40875,0
117112,0
39155,0
17779,0
17364,0
51374,1
16349,0
45890,0
94323,0
27018,0
40100,0
38650,0
8523,1
18797,0
102236,0
13452,0
82411,0
63759,1
70004,1
46282,0
93519,0
4694,0
61118,0
11765,1
5537,0
53680,1
112480,1
108811,0
100624,0
45789,0
118551,0
72041,1
46957,0
44728,0
21654,0
82959,0
52574,1
491,0
38538,0
15073,0
54502,1
81839,1
42326,1
68512,1
28189,0
97085,0
84153,0
103165,0
1511,0
109620,0
113599,0
43817,0
101205,0
73358,1
73389,1
46521,0
55433,1
68442,0
108711,1
43800,0
78818,0
56095,1
22492,0
51421,1
91604,0
80431,1
85702,0
60967,0
115953,0
721,0
104046,0
20748,0
112503,0
34848,0
101308,0
27379,0
11522,1
71473,0
118186,0
19853,0
93038,0
56952,0
59534,1
112605,0
53475,1
99817,0
68007,1
106902,1
97040,0
109037,0
7238,1
56364,1
52671,1
92667,0
18853,0
10708,1
54981,0
95377,0
89012,0
68523,1
85525,1
38985,0
24444,1
60622,0
22294,0
26031,1
71877,0
56402,0
112554,0
57767,1
27776,0
37776,0
51208,1
73784,1
107629,0
106330,0
98867,0
27951,0
53345,1
6299,0
24069,0
17610,0
485,0
65749,0
115235,0
1049,1
84952,0
40900,0
75606,0
111086,0
51595,1
10441,1
64824,0
14331,1
88052,0
106088,0
117638,0
10060,1
15413,1
73388,1
61704,1
65349,0
54201,1
20460,0
103432,1
108869,0
2921,0
86645,0
60245,1
113487,0
44709,0
66819,1
35610,0
83045,0
86366,0
25217,0
14774,1
99833,0
30017,0
46920,1
40319,1
7085,1
106532,0
112051,0
8904,0
118105,0
89604,0
72721,1
11976,1
85620,0
90613,0
48878,1
44071,1
13380,1
41551,0
82234,1
39837,0
103238,0
36020,0
47580,0
42006,0
14667,0
20719,0
95268,0
66279,1
54105,0
96947,0
32496,0
22229,0
106759,0
69328,1
66340,1
28738,0
60628,1
91684,0
32108,0
110097,0
70774,1
65671,0
118803,0
110843,0
87270,0
14483,0
106733,0
39108,0
40474,1
66361,1
18245,0
108321,0
111900,0
12763,1
115776,0
74044,1
75846,1
37118,0
116106,0
109535,0
23631,0
38553,0
101287,0
88288,0
75664,1
101076,0
84852,0
3622,0
50866,0
116717,0
4384,0
64040,1
13726,1
5668,1
29092,0
106236,0
48655,1
63858,0
28148,0
23448,0
103181,0
45215,1
35208,0
41727,0
22503,0
8871,0
1170,0
37982,0
32,0
18781,0
44104,1
79626,0
32508,0
99857,0
26906,1
94804,0
83734,0
32572,0
102975,0
101235,0
103377,0
29702,0
117472,0
29448,0
2702,1
35679,0
75682,1
100978,0
5476,1
78880,0
38809,0
99818,0
78402,0
41383,0
75414,1
67963,0
108098,1
92706,0
111946,0
92309,1
78053,1
29048,0
33951,1
490,0
96584,0
105899,0
48252,1
27261,0
6302,1
119387,0
110137,0
118831,0
95514,0
106007,0
19361,0
3757,1
60423,1
4616,1
67362,0
2712,0
34174,0
46677,0
115146,0
38529,1
110414,1
77584,0
29333,0
93990,0
83913,0
61236,0
72381,0
115981,0
15601,0
7777,0
6346,1
116766,0
47485,1
32654,0
37667,0
22632,0
44495,0
54899,1
118414,0
65475,1
36703,0
56105,1
78345,0
56200,1
1140,0
26111,1
97384,0
86774,0
48811,1
75800,1
111992,0
70546,0
101117,0
106782,0
21174,0
30285,0
26914,0
97723,0
87253,0
84162,0
18711,0
33748,0
97034,0
11837,0
2826,0
38754,0
117210,0
53518,1
12352,1
39950,0
14760,1
61532,0
111651,0
102290,0
34144,0
93287,0
87698,0
64501,1
713,0
78842,0
96021,0
16247,1
11843,0
51386,1
107751,0
78166,0
15715,1
30088,0
38724,0
57217,1
46726,0
71583,1
9872,0
75642,1
75564,0
86987,1
92411,0
69176,1
81219,0
86445,0
54634,1
102097,0
18686,1
80200,0
27816,0
33239,0
74103,1
113619,0
14881,1
91926,0
26598,0
108358,0
48802,0
111815,0
57144,1
8798,0
17397,0
16647,0
11985,0
14644,0
104280,0
45818,0
33718,0
53027,1
34092,0
31974,0
84549,1
12334,0
118859,0
35310,0
114120,1
78670,1
46990,0
47495,1
82313,0
95906,0
77190,1
40566,0
94782,0
20472,0
5371,0
69053,0
45062,1
14484,0
94001,0
42964,0
64468,1
42294,1
74981,1
28590,0
103367,0
51092,0
8299,1
107127,0
7644,1
31717,0
91920,0
91800,0
98607,0
45493,1
19251,0
7857,1
9002,0
80601,0
112920,1
29772,0
32476,0
86874,0
89833,0
53396,1
76522,1
20889,0
67705,1
96611,0
62488,1
9116,0
105181,0
38584,0
61910,1
40012,0
35112,0
92081,0
115224,0
97549,0
86618,0
101391,0
90707,0
33495,0
93890,1
1559,0
76353,1
29625,0
34874,0
118691,0
75910,1
87261,0
113954,0
110488,0
62182,0
34366,0
52199,1
34556,1
116164,0
72393,1
46112,0
61101,1
29202,0
119202,0
75424,1
111951,0
2619,0
54985,0
65957,1
40034,0
119043,0
117300,1
93940,0
80045,0
45825,0
85870,0
67518,1
13898,0
84529,0
88647,0
86551,0
70933,1
50506,1
105677,0
117998,0
99474,0
100366,0
50493,1
112446,0
116560,0
50239,0
15309,1
72961,1
107784,0
88636,0
13781,0
39567,0
26281,0
39275,0
73938,1
61395,0
96457,0
27095,0
81296,0
38555,0
98592,0
111760,0
114802,0
86803,0
18472,0
47686,1
98744,0
54020,1
1510,0
70409,1
17785,0
21783,0
76188,1
119194,0
105804,0
82810,1
7276,0
119221,0
68522,1
87000,0
102547,0
98002,0
70442,1
32207,0
70406,1
13338,0
3812,0
97762,1
28387,0
86941,0
65961,1
20327,0
3177,0
14047,0
101262,0
39128,0
113729,0
14265,0
7158,0
13477,0
113809,0
48676,1
101897,0
41100,0
37691,0
105542,0
11774,1
13348,1
112146,1
111074,0
67114,1
101927,0
73253,0
70669,0
23713,0
73030,0
22334,0
31049,0
103254,0
34733,0
83299,0
46517,0
87741,1
36078,0
78358,0
36687,0
12176,0
57326,1
35748,0
76001,1
13073,0
34029,0
13410,0
117504,0
116903,0
75087,1
82225,1
96035,0
23146,0
68976,0
3187,0
84973,1
78821,0
80119,1
33272,0
48946,0
324,0
62546,1
50416,0
40341,0
50687,1
113864,1
102783,0
85695,0
33665,0
12973,1
91313,0
69619,1
18716,0
53327,1
16531,0
12233,0
115237,0
80633,1
108107,0
35893,0
47954,0
91072,0
74131,1
117947,0
22939,0
39859,0
11677,1
2863,0
118834,0
46397,0
21504,0
51986,0
1972,0
76218,1
26293,0
64438,0
7513,0
78234,1
109194,0
105903,0
79739,0
82696,0
45160,0
82878,1
99191,1
26614,0
107883,0
79504,0
10668,1
37631,0
46795,0
284,1
60487,1
89541,0
106227,0
17750,0
68642,1
33243,0
57108,1
118255,0
5185,1
10224,0
117766,0
106238,0
114822,0
29226,0
112274,1
43629,0
61974,0
11,0
55409,0
50271,1
115257,1
9058,0
79705,0
76193,1
58421,1
4820,0
78459,0
100085,0
48384,1
78477,0
6158,0
69123,1
45179,0
91315,0
48809,1
13255,1
3639,0
27728,0
81380,0
61119,1
5411,1
66006,0
14503,0
104913,0
69659,1
42719,1
29067,0
29394,0
81272,0
92843,0
63958,0
71472,0
9039,1
59809,0
27320,1
92585,0
68828,0
55145,0
48423,1
56066,0
27740,0
77549,1
58140,1
7113,1
89058,0
96968,0
11734,0
95684,0
91893,0
62320,1
48893,0
103071,0
61466,1
53320,0
54335,0
4858,0
98978,0
60327,1
84407,0
78355,0
98850,0
41059,0
82428,0
17854,0
87924,0
41027,1
21820,0
14012,0
17366,0
27920,0
59953,1
86358,1
79557,0
25245,0
71579,1
102483,0
105412,0
92168,0
102875,0
34940,0
80617,0
111990,0
18789,0
99699,0
17006,0
55525,1
99879,0
74428,1
46863,0
54465,1
88776,0
105817,0
77368,1
41164,1
17873,0
84623,1
76869,1
64200,1
46150,0
59356,1
63396,0
29424,0
83796,0
48066,0
32381,0
65298,1
13099,0
64390,1
51761,0
25122,0
48090,0
735,1
110447,0
22437,0
79881,1
95936,0
89076,0
72738,1
39574,0
76159,1
44893,1
81929,1
85472,0
15305,0
23960,0
101535,0
91043,0
4307,1
57901,0
35159,0
113801,0
86694,0
70175,1
107003,0
97753,0
103244,0
289,0
90337,0
92454,0
65707,1
65588,1
67182,1
18685,1
117291,0
74417,1
84959,0
104241,0
6534,0
3046,0
74268,1
64566,1
117405,0
95315,0
60305,1
41348,0
84189,0
97656,0
96398,0
24851,0
79242,1
46191,0
85785,0
6248,0
74444,1
103453,0
54884,0
13901,0
21356,0
35979,0
74988,1
29671,0
42346,1
39624,0
66790,1
62719,0
55944,1
114754,0
35036,0
67135,1
86862,0
2260,0
28417,0
7097,1
36584,0
49478,1
95616,0
18816,0
80504,1
6209,0
31785,0
19129,0
83552,0
108007,1
21863,0
19496,0
113128,0
106656,0
78969,0
24923,0
47570,0
45219,1
89404,0
49147,1
85115,0
73560,1
92884,0
110992,0
82249,1
73644,1
37482,0
96930,1
79985,0
55341,1
15646,0
102370,0
22357,0
35626,0
37177,1
101326,0
61671,1
83906,0
63953,1
33640,0
73862,1
83837,0
101264,0
118469,1
82441,0
20669,0
67891,1
16648,0
110690,0
110276,0
80446,1
35831,0
63340,1
38058,0
83195,0
103685,0
114030,0
82128,1
80804,0
74219,1
11518,1
53315,1
22397,0
101688,0
82051,0
21698,0
20946,0
10783,1
46399,0
62663,1
63890,0
46245,0
33579,0
13805,0
48029,1
44076,1
106152,0
27220,0
64829,1
64061,0
16634,0
80847,0
52197,1
118933,0
6115,1
1456,0
71358,0
115508,0
24915,0
23799,0
14967,0
109823,1
111811,0
105485,0
104476,0
36951,0
77413,0
100522,0
48362,0
47000,0
74011,1
115651,0
60941,0
71395,1
36007,0
101960,0
29974,0
3687,0
69845,0
113834,1
117250,0
57963,1
98584,0
102785,0
29744,0
103015,0
25365,0
50829,1
91078,0
35535,0
33226,0
20405,0
3483,1
96591,0
6098,1
89172,0
93016,0
8339,0
26814,0
83817,0
52677,1
71088,1
112760,0
71295,1
39682,0
46077,0
130,0
74125,1
68516,1
70264,0
88384,0
56151,1
114775,0
56779,0
6138,0
98827,0
40465,0
9273,0
110585,0
49033,1
34314,0
43322,1
2318,1
29100,0
25684,0
13055,1
62242,0
75684,1
62327,1
104496,0
36719,0
75748,1
63710,1
33326,0
80441,1
68265,1
42867,1
115991,0
70673,0
97112,0
17388,0
113634,0
14538,0
29941,0
100109,0
43449,1
115987,0
89619,0
67115,0
3055,0
59415,0
107765,0
74455,1
94308,0
99154,0
8640,1
94797,0
29751,0
19298,0
93931,0
8003,1
39485,0
99232,0
57680,1
110426,0
62745,1
70743,0
102226,0
71517,1
70316,1
5859,1
43564,0
78777,1
22780,0
20875,0
71324,1
87708,0
41209,1
49466,1
24448,0
106149,1
115771,0
97633,0
2194,0
85726,1
26311,1
70687,0
66704,1
88194,0
97084,0
82578,1
114678,1
17353,0
100802,0
18516,0
31311,0
93009,0
10214,0
34727,0
88943,0
114328,0
30517,0
32070,0
48490,0
3165,0
66749,0
48385,1
55358,1
44283,0
38608,1
71563,1
8804,0
25945,0
8525,0
103271,1
104564,0
75985,1
45770,0
90028,0
75212,1
41453,0
85549,0
108575,0
38000,0
13427,0
14630,0
13101,1
62946,1
110981,0
93647,0
64044,1
82278,0
38866,1
101829,0
111311,0
10899,1
100800,0
42209,0
51200,0
5817,0
53416,1
1752,0
12261,1
79123,0
12732,0
85956,0
2401,0
11688,1
7909,0
9337,1
24603,0
83001,0
27014,0
94603,0
37481,0
76722,0
65426,1
37487,0
23820,0
87350,1
88233,0
23416,0
2333,0
74486,1
26144,0
33382,0
18063,0
104246,1
84252,1
48507,0
108123,0
65063,0
30937,0
87143,0
95739,0
53369,1
103899,0
76003,1
22955,0
115706,0
16950,0
118884,0
7460,1
26627,1
59067,0
38747,0
88817,0
30831,0
109702,0
39857,0
44572,0
93975,0
9322,0
85374,0
42438,0
72431,0
16291,0
93567,1
49893,0
10902,1
54810,0
50580,1
26608,0
59644,1
117852,1
67108,0
69290,0
119257,0
93097,0
112856,0
54363,1
94783,1
15634,0
32307,0
19561,0
22993,0
78470,0
61924,1
17426,0
50816,0
61745,0
38328,0
96623,0
73556,0
31132,0
39416,0
13900,0
1149,1
108156,1
60880,1
59282,1
71087,0
21184,1
19188,1
76099,1
78914,0
36706,0
17442,0
60408,1
43042,0
32196,0
40063,0
97916,0
24489,0
95571,0
110578,0
90895,0
55963,1
73124,0
116203,0
78865,0
104249,0
8537,1
118458,0
25920,0
23269,0
6863,1
42821,0
7521,1
19067,0
101918,0
86085,1
18578,0
106482,1
116837,0
60343,1
80066,0
73401,1
50013,1
6177,0
33069,0
72169,1
32257,0
81985,1
23571,0
37992,0
39118,0
115397,0
17877,0
115875,0
7138,1
115921,0
118477,0
79327,0
78756,0
1003,0
19267,0
31248,1
47322,1
6017,1
3612,0
75300,1
79438,1
37988,0
100491,0
57890,1
78953,0
3266,1
34157,0
105134,0
33536,0
101549,0
70927,0
70671,0
76366,0
106006,0
43395,1
119180,0
32477,0
24657,0
88704,0
106178,0
91780,0
14235,0
6546,0
7844,0
15770,0
118871,0
29018,0
700,1
83409,0
89775,0
13559,1
74596,1
113107,0
14284,0
86308,0
25141,0
116556,0
68358,1
15251,1
72097,1
41457,0
74713,0
94105,0
98473,0
32256,0
55173,0
60066,0
55908,0
3985,1
38319,0
92940,0
33517,0
72542,1
88366,0
36256,0
94486,1
49227,0
56167,0
7168,1
111394,1
96945,0
41344,0
24798,0
63851,1
88021,0
46539,1
50165,0
81953,1
92766,0
83506,0
106275,0
38352,0
47513,0
4914,1
84432,0
106757,0
19487,0
4268,1
3291,1
94249,0
56545,1
115630,0
43783,0
12294,0
91661,1
115743,0
12972,0
75240,1
95081,0
107142,0
118044,0
14477,0
70593,1
48861,1
67887,1
27406,0
26147,0
10832,1
110307,0
62555,1
37924,1
114634,0
32459,0
92233,0
32432,0
74672,1
76984,0
20094,0
62930,1
86203,0
16784,0
95654,0
105437,0
11276,1
22615,0
65578,1
104175,0
63199,0
119015,0
30062,0
70748,1
66013,1
2054,0
25200,0
28484,0
44164,0
86848,0
40619,1
84289,0
67516,1
84896,0
92972,0
68373,1
34868,0
46758,0
41892,1
14865,1
9604,0
59673,0
38665,0
44973,0
102891,0
74750,1
32895,0
77098,0
74493,1
11330,1
3256,0
46787,0
86213,0
44313,1
77835,0
60667,1
44295,0
37134,0
71506,0
60930,1
71850,1
26046,0
79487,0
114632,1
36113,0
54842,1
96110,0
45642,0
33441,0
28160,0
70916,1
108669,0
29653,0
113403,0
9537,1
90074,0
118812,0
27655,0
95665,0
67375,0
3439,1
28667,0
87502,0
40905,0
104096,0
90414,0
50383,0
27029,0
78853,1
108808,0
105974,0
39531,0
75389,1
113550,0
114724,1
39444,0
106425,0
97735,0
12673,1
95994,0
102856,0
13008,0
62893,0
68205,1
6722,0
45494,0
8275,0
63019,1
83973,0
44465,1
76717,0
36558,0
16757,0
97347,0
113629,0
51209,1
21969,0
101518,0
39007,0
106082,0
15828,0
48248,1
85311,0
33032,0
6349,1
79491,0
55270,0
36360,0
54945,0
60071,1
107183,0
56997,1
112352,0
17856,0
86362,0
68283,1
52459,1
66098,1
69433,0
36743,0
29643,0
42524,1
76927,1
90425,1
34545,0
100702,0
18363,1
106982,0
70611,1
113778,0
23485,0
109677,0
100699,0
74613,1
50362,0
17840,0
20854,0
27643,0
48010,1
60938,1
4763,0
63766,1
96539,0
25127,0
26696,0
7322,1
82990,0
85325,1
38217,0
115502,0
86882,0
107666,0
55428,1
94776,0
93103,0
96108,0
75866,1
43946,1
82650,0
17528,0
42237,0
83558,0
13122,0
55427,1
53472,0
106207,0
37447,1
115046,0
40662,0
1481,1
95576,0
97156,0
118254,0
79710,0
107541,0
8454,1
106162,0
83515,0
90652,0
91958,0
72540,0
61995,0
21497,0
116727,0
1629,0
93801,0
22040,0
27315,0
95415,0
108032,0
119304,1
74704,0
57756,1
91602,0
112729,0
29205,0
83807,0
107126,0
36412,0
38041,0
15871,0
45424,0
118033,0
31288,0
74413,1
37780,0
4534,0
28850,0
52668,1
42575,0
16008,0
118776,0
98194,0
97076,0
26817,0
58468,0
70133,0
68266,1
66837,1
29102,0
40600,0
63818,0
43698,0
67336,1
63306,1
98344,0
50787,1
39500,0
84053,0
25755,0
51831,0
77176,0
17241,0
83407,0
73633,0
118128,1
77945,0
55046,1
2480,0
108395,0
33585,0
102620,0
38850,0
31605,0
31409,0
34351,0
39355,0
20357,0
59916,1
84077,0
46192,0
108668,0
91644,0
69772,1
72913,0
103454,0
49794,0
96959,0
18676,0
99672,0
39277,0
58648,1
91042,0
98420,0
44813,1
3624,0
117768,1
116209,0
109554,0
36473,0
90945,0
81961,1
112392,0
105349,0
10568,0
8735,0
91004,0
54152,1
99095,0
39368,0
40832,0
24808,0
26874,0
81151,0
100270,0
20634,0
7938,0
47994,0
11430,0
12747,0
85019,0
65317,1
35142,0
105182,0
62650,1
73907,1
60368,0
7021,0
21441,1
10718,0
54151,0
66863,1
3373,0
113613,0
32509,0
23330,0
63334,1
9167,0
66938,1
117663,0
39706,0
40667,0
75481,1
90843,1
71046,1
15591,0
5224,0
80276,1
46333,1
93268,1
85937,0
55558,0
55767,0
50415,0
55172,0
72947,1
53275,1
44717,0
78868,0
769,0
2613,0
74411,1
7391,1
7562,0
47138,1
47678,1
33570,0
39018,0
59956,1
7470,1
116897,1
59318,1
20839,0
33480,0
91631,0
107659,0
76960,1
81682,1
72648,0
96896,0
92455,0
71536,1
51730,1
68897,1
19043,1
41509,0
111385,0
18614,0
102708,0
39585,0
79747,1
1316,0
86634,0
73062,1
17721,0
112148,1
118819,0
10620,0
24483,0
77544,1
59566,0
53925,1
93045,0
67604,1
78677,1
787,1
20586,0
867,1
18767,0
116736,0
91149,0
56520,1
101392,0
112754,1
116487,0
35303,0
15282,0
74193,1
72588,0
24828,0
117671,1
96226,0
97322,0
36499,0
26811,0
60250,1
106132,0
10136,0
95366,0
111579,0
55345,1
405,0
51206,0
80327,1
53721,1
100455,0
105110,0
16623,0
91284,0
11159,0
106370,0
92241,0
73368,0
25601,0
7669,0
111064,0
94847,0
35589,0
117958,0
29728,0
96451,0
87109,0
101906,0
94920,0
87712,1
117355,0
109719,0
12567,1
18369,0
97410,0
33526,0
36940,0
73479,0
38332,0
98781,1
1029,0
90572,0
68666,1
62333,1
32267,0
33544,0
110687,0
63425,1
100572,0
88375,0
89734,0
56481,1
52360,1
79781,0
77456,0
23911,0
53607,1
111654,0
87003,1
60470,0
96330,0
641,0
28729,0
25120,0
70226,1
37779,0
20301,0
18992,0
83761,0
31597,1
116805,1
55460,0
88969,0
117488,0
42527,0
103534,0
36461,0
13333,0
87890,0
112311,1
83405,0
46447,1
14775,1
114721,1
28273,0
112524,1
45349,0
43429,1
75913,1
82151,1
1283,0
103918,0
65627,1
31963,0
73826,1
29521,0
92091,0
95487,0
60819,0
46980,0
60494,0
90341,1
105214,0
19347,1
33058,0
66763,0
73422,1
58290,1
70786,0
106437,0
18651,0
76145,1
38690,0
95270,0
63431,1
56224,1
45365,0
33199,0
14549,0
104742,0
78684,0
72248,0
70645,1
27055,0
75734,1
113183,0
65638,1
71802,1
44066,0
22341,0
106420,0
98739,0
27622,0
46156,0
58087,1
63292,1
79025,0
70864,0
78612,1
26935,0
109471,0
4544,0
93932,0
45745,0
57488,0
101309,0
28510,0
7568,1
39058,0
82568,0
33077,0
78116,0
56377,1
29503,0
396,0
95534,0
29801,0
88663,0
107578,0
61548,1
10520,0
79475,0
87356,0
70486,1
44670,1
107857,0
36497,0
56584,0
89354,0
97344,0
18082,0
41335,1
11252,1
7254,0
25811,0
99060,0
34773,0
38678,0
107616,0
90309,0
52310,1
87144,0
82022,1
1305,0
49479,1
53515,1
5760,1
70573,1
1965,1
57501,1
117882,0
71846,0
42844,0
36254,0
62064,1
68805,1
92590,0
84092,0
18855,1
111823,0
71589,0
41071,0
47864,0
57763,1
67786,1
27042,0
50983,0
94181,0
51999,1
79186,0
31117,0
82875,1
118119,0
41861,0
111261,0
60113,1
50847,0
27176,0
60466,0
53524,1
62099,0
89122,0
39737,0
20359,0
17851,0
88472,1
35920,0
103383,0
19580,0
35863,0
66533,1
7867,0
35311,0
83706,0
77933,0
70556,0
102414,0
49946,1
103720,0
50404,1
55740,0
14008,0
84141,0
38374,0
68843,0
105050,0
102203,0
89177,0
111208,0
3213,0
108507,0
34713,0
105532,0
53966,1
18920,0
16133,0
113667,1
105741,0
455,1
3507,1
33457,0
116171,0
9104,0
95783,0
48464,1
81757,1
66561,1
16460,0
94493,0
87478,0
112448,0
79587,0
87331,0
2665,0
12218,1
109756,0
108985,0
32972,0
71221,1
22861,0
83776,0
35003,0
99674,0
56222,1
87220,0
75963,1
68852,0
31848,0
45446,0
28552,0
6270,0
30292,0
2196,1
12211,0
24972,0
57080,0
86322,0
36359,0
16186,0
102038,0
39448,0
78426,0
40203,1
25225,0
40180,0
33421,0
72693,0
117215,0
103209,0
30226,0
60981,0
22528,0
16134,1
52784,1
16072,0
36278,0
9503,1
35039,0
49639,0
117333,0
16383,0
5819,0
79509,0
45449,0
2677,0
18518,0
101307,0
78827,1
74764,0
82456,0
90020,0
95048,0
98603,0
104657,0
65544,0
24770,0
76066,1
6530,0
118160,0
12034,0
4095,0
58324,1
114835,0
62877,1
25976,0
113374,0
84629,0
6820,1
47004,0
63280,0
56405,0
56230,1
73423,1
70148,1
75852,1
51716,1
55285,1
92782,0
56906,1
88016,0
98242,0
82287,0
35187,0
46417,1
20810,0
608,0
80244,0
109644,0
59349,1
77151,0
116244,1
61676,0
40016,0
14259,0
67859,0
1295,0
54766,1
72232,0
25860,0
60170,1
58158,1
57927,1
24350,0
9544,0
13469,0
36919,0
41001,0
7937,1
57887,1
80033,0
15909,0
90622,0
86181,1
6590,0
101378,0
38110,0
94451,1
30985,0
30870,0
37553,0
27815,0
25832,0
104748,0
19422,0
33202,0
99563,0
44856,1
84301,0
116754,0
97520,0
47552,0
108933,0
7202,0
45411,0
36697,0
109545,0
13131,1
115844,0
64746,1
61899,0
49913,1
35500,0
38727,0
76586,1
79618,0
71202,1
77083,0
23459,0
87169,0
115477,0
113653,0
17015,0
21854,1
23768,0
7700,0
84285,0
75647,1
208,0
38470,0
92532,0
17065,0
32832,0
5117,0
91336,0
67514,1
36874,0
46994,0
59766,1
60383,1
57163,0
37775,0
103845,0
104654,0
59792,0
107693,0
49107,1
68347,1
39256,0
39904,0
53172,1
104608,0
64603,1
81636,1
117149,0
86078,0
33868,0
90276,1
5776,0
89080,1
3969,1
36574,0
38375,1
10549,0
55076,1
95915,0
35564,0
33952,0
90633,0
18187,1
64239,1
14733,1
82541,0
11588,0
102092,0
22012,0
39360,0
19084,0
87977,0
83232,0
109667,0
54057,1
16888,0
83421,0
62616,0
17270,1
71488,1
103269,0
13822,0
36130,0
84798,0
19349,0
88480,0
45739,0
5227,0
31723,0
61480,0
17638,0
27187,0
85834,0
38346,0
4167,0
106899,0
64617,0
57465,1
34324,0
74373,1
113011,0
70957,1
91014,1
101444,0
49534,1
18838,0
20305,0
107934,0
77665,0
36807,0
6208,0
100709,0
5385,0
64940,0
59576,1
86779,0
109241,0
4628,0
50419,0
22236,0
40611,0
81585,1
104600,1
49023,1
42148,0
119118,0
60455,1
96697,0
90085,0
54967,1
17480,0
34926,0
27793,1
100437,0
92545,0
95758,0
110100,0
90629,0
111765,0
30167,0
15387,0
32782,0
17934,0
64023,1
18461,0
101783,0
98792,0
118320,0
29227,0
113772,0
54852,1
41989,0
81980,1
1416,0
109447,0
95867,0
11962,1
60611,0
59390,0
93010,0
18494,1
42302,1
113649,0
83814,1
114568,0
100229,0
93158,0
24337,0
51709,1
110085,0
1933,1
63390,0
18225,0
109623,0
47930,0
114199,0
37023,0
104708,0
25724,0
111271,0
67490,1
94465,0
19515,0
15845,0
113948,0
56258,1
95005,0
117950,1
76628,0
62571,0
68728,1
39799,0
68267,1
114933,0
41563,0
67089,1
92299,0
78556,0
108410,0
45083,1
68743,1
101695,0
56118,1
106754,0
3303,0
82461,0
64226,1
114663,1
76133,1
45428,0
116829,0
41582,0
23576,0
114041,1
112967,0
5071,0
51959,0
91096,0
61925,1
3845,0
62490,1
30753,0
19253,0
17649,0
89473,0
47020,0
90638,0
73672,0
53648,1
5839,1
12094,0
4018,1
55069,1
57013,1
6586,0
101127,0
29792,0
11963,1
110408,1
93736,0
79936,1
66773,0
99767,0
29361,0
106413,0
105885,1
102901,0
53867,0
71612,0
24797,0
62727,0
984,0
4188,0
93554,0
110928,0
23734,0
76518,1
8497,1
53019,1
45101,1
110008,0
95014,0
36771,0
16316,0
13536,0
77045,1
58766,1
27632,0
27521,0
345,1
107579,0
334,0
70284,1
76726,0
27661,0
99649,0
38750,0
87119,0
22901,0
44710,0
27926,0
48632,1
42572,0
107032,0
25077,0
33725,0
76558,1
57972,1
33511,0
12299,0
82472,0
62684,1
103978,0
67629,1
117063,1
30379,0
63088,1
101808,0
6824,0
42753,0
88747,0
38816,0
116321,1
54784,0
3655,0
11767,1
79802,0
18967,0
31058,0
22767,0
104342,0
28331,0
106851,0
112704,0
83858,0
3884,0
71615,1
111845,0
28315,0
49645,0
102089,0
10235,1
38496,0
35811,0
48416,1
51298,0
12209,0
45038,0
90482,0
16446,0
52028,1
107799,0
33450,0
75179,1
82455,0
82226,1
43209,0
30934,0
117553,0
16696,1
45931,1
75884,1
102842,0
86773,0
4565,0
91350,0
97597,0
117045,0
34451,0
17418,0
76336,1
93076,0
64988,1
93732,0
30380,0
6249,1
108500,0
60593,0
48382,1
23030,0
84761,0
20267,0
46004,1
108341,0
41585,0
113248,0
27408,0
74619,1
73609,1
24470,0
63830,1
56126,1
32053,0
32114,0
15265,0
60139,1
16311,0
88247,0
24805,0
7144,1
19910,0
60605,0
28473,0
9935,0
14419,0
3488,1
21968,1
66216,1
111522,0
83900,0
34045,0
94576,0
92027,0
33783,0
82050,0
50375,0
77517,0
2878,0
25954,0
54291,1
21241,0
105203,0
58394,1
40585,0
89803,0
14779,1
93911,0
78521,0
119344,0
66021,0
13878,0
44134,1
33843,0
19623,0
29109,0
22962,0
107216,1
64689,1
67957,1
83944,0
28247,0
43565,0
89135,0
94573,0
47947,1
52505,0
114027,1
105273,0
32657,0
43795,0
72382,0
75116,1
109572,0
39752,1
55773,1
36860,0
71586,1
107770,0
27516,0
28375,0
11737,0
86530,0
51445,0
115836,0
20083,1
89152,0
72291,1
43054,0
81293,0
111644,0
81641,0
93212,0
43569,0
36375,0
99284,0
776,0
71954,0
24736,0
48995,1
39538,0
27858,0
46244,0
70833,1
54768,0
31625,0
3541,0
91381,0
5424,1
58379,0
183,0
103420,0
38755,0
93220,0
113756,0
97858,0
84536,0
61698,0
105172,0
21207,0
3175,1
37349,0
47974,0
112399,1
99278,1
3271,0
82626,0
108154,0
98401,0
54545,1
87756,0
56925,0
86730,0
69294,1
92464,0
46578,0
109891,0
16193,0
23547,1
759,0
31242,0
66471,1
106274,0
78390,0
96469,0
24158,0
79806,0
54084,1
34897,0
32291,0
27835,0
104047,0
71838,1
95953,0
10346,1
75425,1
16749,0
75729,1
3181,0
105031,0
18978,0
87519,0
118658,0
33940,0
117026,0
15684,0
11130,0
11830,1
68730,1
57841,0
68511,1
34920,0
66077,1
25706,0
19472,0
116020,0
53429,1
86568,0
65963,0
52883,1
47466,0
34149,0
42571,0
13952,0
26631,0
54267,1
44659,0
25596,0
77208,1
81744,1
32402,0
3707,0
58304,1
66738,0
35202,0
73929,1
77528,0
80125,1
87249,0
19562,0
2854,1
77628,0
57204,1
23512,0
40554,0
89565,1
80064,0
52878,1
77616,0
82830,1
78268,1
77695,1
117380,0
2983,0
81611,1
68980,1
32059,0
11323,0
79254,1
73699,1
4874,1
73045,0
22436,0
106989,0
894,1
63489,1
42749,0
18654,0
48201,1
104220,0
5761,0
51694,1
59516,1
5184,1
18475,0
44679,1
27395,0
34844,0
74635,1
48057,0
117392,0
82391,1
102170,0
5605,0
103666,1
111802,0
7387,0
20809,0
44571,0
51168,0
70037,0
64668,1
13909,0
61675,1
33188,0
82702,0
44177,0
62881,1
85323,1
50509,1
29579,0
64534,1
944,0
65168,0
63299,0
74906,1
41231,1
102587,0
42274,0
50394,0
102190,0
54358,1
105488,0
22670,1
113607,0
1697,0
31993,0
105713,0
20402,0
41418,0
52994,1
104528,0
2530,0
100386,0
81614,0
106936,0
86804,0
105910,0
105848,1
83597,0
46822,0
50472,0
65695,1
115324,0
70065,1
68310,1
64254,0
45584,0
102696,0
46200,0
60733,0
46950,0
8754,0
52500,1
11906,0
35692,0
95344,1
75572,0
8170,0
71011,0
16280,0
59133,1
67002,0
70468,1
10705,1
45746,0
57220,0
49637,0
115466,0
98140,0
85719,0
27139,0
72826,0
7312,0
43174,0
33052,0
96810,0
61487,0
11759,1
6206,0
115108,0
47892,1
25005,0
36831,0
43656,0
101487,0
94078,0
60484,0
45663,0
89438,0
109386,0
102831,0
40759,0
9710,0
87748,0
12542,1
2288,0
37328,1
24314,0
3080,0
109233,0
1686,0
104999,0
49653,1
63755,1
41943,0
45435,0
14622,0
13327,0
94063,0
22045,0
94629,0
36486,0
74982,1
93048,1
101199,0
33216,0
104952,0
103703,0
75576,0
37247,0
53554,0
75903,1
100376,1
95516,0
91979,1
74345,1
62735,1
38379,0
103906,1
44438,1
102527,0
34994,1
42774,0
50418,1
48144,1
70783,1
89277,0
64046,0
85760,0
52838,1
8289,0
49209,1
9457,0
75707,1
54637,1
9254,1
61664,0
61823,1
55876,1
58817,1
27545,0
88117,0
45389,0
81363,0
30191,0
100546,0
88883,0
40520,0
114599,1
46226,0
32641,0
23307,0
108182,0
98410,0
79358,0
115301,1
117733,0
61569,1
32892,0
77077,0
27051,0
43175,0
47895,0
98048,0
93452,0
12078,1
46783,0
105262,0
48257,1
79877,1
6668,0
118913,0
45599,0
47600,0
19323,0
41192,0
34715,0
3416,1
6420,0
21589,0
63583,1
31587,0
59698,1
66231,1
47110,0
56795,1
13718,1
31760,0
71180,0
26196,0
89902,0
50381,1
25070,0
42177,0
71600,0
50952,1
4063,1
24154,1
96460,0
81230,0
65547,1
1296,0
94994,0
78549,0
100544,0
112631,0
71330,0
116528,1
10306,0
86753,0
7812,0
20908,0
32258,0
70447,0
29217,0
83046,0
96004,1
30616,1
40041,0
12808,1
10630,1
27056,0
58074,1
57481,1
7565,0
6944,0
15807,0
51883,0
97503,0
93354,0
16156,1
77604,0
112363,0
93373,0
55709,1
102094,0
12466,0
55198,0
55896,1
108053,1
30174,0
5737,0
2858,1
64086,0
118021,0
54619,1
45723,0
72972,1
12623,1
53566,0
33943,0
23749,0
28085,0
61334,1
93482,0
33621,0
57183,0
4707,0
9055,1
63327,0
28982,0
98700,0
94841,0
51405,1
62267,0
4401,1
83794,0
90826,0
5559,1
18821,1
16729,0
118588,0
112280,1
84324,0
84175,0
74918,1
17455,0
51857,0
80082,1
74353,1
51211,1
96547,1
6622,1
65712,1
45254,0
12254,1
16860,0
27772,0
25353,0
88914,0
99341,0
17944,0
57730,1
112412,0
4109,0
16514,0
114180,0
16132,0
72367,0
54003,0
67176,1
25104,0
25385,0
106617,0
74277,1
11526,1
20,0
25078,0
52281,1
43480,0
105671,1
108969,0
59573,0
9973,0
108466,1
86398,0
91804,0
65564,0
42638,0
55367,1
25774,0
87185,0
6479,1
104764,0
43132,0
93162,0
85505,0
103516,0
18525,0
20672,0
100921,0
112564,0
82584,0
108078,0
49671,1
19406,0
18637,0
59800,0
41397,1
69836,1
10291,1
65652,1
24218,0
21844,0
112382,0
33897,0
79584,0
109511,0
16390,0
20478,0
5400,1
103919,0
103893,0
56585,1
45251,0
38155,0
43827,0
24640,1
44016,0
117027,0
106091,0
32361,0
35001,0
98081,0
57770,1
11315,1
111519,1
93681,1
606,0
11237,1
21594,0
87040,0
59988,1
67779,1
44655,0
51434,0
24795,0
55355,1
65719,0
94094,0
57276,1
32871,0
86329,0
113371,1
116315,0
70898,1
87959,0
96105,0
97960,0
119350,0
94643,0
12784,1
93146,0
38959,0
31181,0
99666,0
77337,0
84778,0
102252,0
29378,0
58067,1
100561,0
11563,0
89606,0
50002,1
80670,0
31408,0
86330,0
82108,0
84421,0
9147,0
111797,0
33299,0
2911,0
55146,1
117922,0
33639,0
56627,1
83537,0
66365,1
93693,1
71328,0
64755,0
104332,0
83481,0
79237,1
67109,1
91675,0
39183,0
110570,0
37810,0
89330,0
846,0
17899,0
104807,0
76462,1
25564,0
55691,1
102964,0
86861,0
73033,0
17344,0
14467,0
100715,0
56957,1
62832,1
85393,0
44042,1
96337,0
26543,0
103480,0
45857,0
66775,1
20592,0
110419,0
89194,0
75777,1
10434,0
74841,1
116413,0
107061,0
63681,1
38118,0
46974,0
70984,0
40559,1
583,0
94653,0
99637,0
19026,0
81549,1
106530,0
102828,0
94344,0
83164,1
83478,0
10722,1
65657,1
119324,0
76315,0
82189,0
110243,1
77370,1
97513,0
1700,1
47218,1
111556,0
113293,0
15669,1
17656,0
91469,0
54915,0
73377,1
43369,0
60607,0
116494,0
119121,1
13992,0
30367,0
100193,1
109540,0
87670,0
94588,0
10922,0
42535,0
53624,0
72897,0
60754,0
117200,0
76273,1
65149,0
87759,1
8186,0
44148,0
118088,0
15755,1
10909,1
117321,1
3591,1
76143,1
111509,1
95526,0
90495,0
68953,1
115369,0
77264,1
67884,1
108195,0
79779,0
8248,0
113488,0
34725,0
92646,0
45876,0
4859,1
21684,0
1339,0
32748,0
47248,0
20466,0
35560,0
46762,0
40666,1
21545,1
111027,0
94908,0
834,0
9468,1
115512,0
41308,0
39246,0
67022,1
67682,1
81761,1
63185,0
70030,1
17742,0
83214,0
48983,1
28318,0
69457,0
40455,1
23464,0
110163,0
5016,1
29576,0
31586,0
33139,0
82375,1
116036,0
47180,0
98904,0
8919,1
70266,1
99401,0
110924,0
68868,1
57718,1
117848,0
91812,0
53765,1
76611,0
117881,0
2928,1
22448,0
61269,0
36823,0
112646,0
29047,0
105559,0
83583,0
4399,1
388,0
52321,1
91989,0
69195,0
59379,1
109280,0
36900,0
108828,0
3719,1
78108,0
585,1
45115,1
112424,1
2997,0
12533,0
68339,1
10358,1
84830,1
35982,0
6982,1
34026,0
10321,1
58664,1
90527,0
100428,0
64204,1
16685,0
94788,1
69350,1
113356,0
34803,0
111986,0
101944,0
112894,0
8031,1
66765,1
16001,0
65485,1
100443,0
66861,1
93492,0
87929,0
33220,0
40123,1
115809,0
78191,0
106904,0
27530,0
66593,1
23882,0
39858,0
117921,1
118452,0
44454,1
107114,0
48767,1
10632,1
17762,0
116664,0
58565,0
106140,0
89838,0
94945,0
56026,0
84552,0
36742,0
91673,1
29305,0
46290,0
86054,0
645,1
40129,1
116579,0
42098,0
11197,0
26448,0
34520,0
29290,0
56879,1
60379,0
92707,0
4607,1
71077,1
35965,0
117086,0
87073,0
21166,0
101405,0
1620,0
72171,0
39078,0
30592,0
15100,1
92621,0
4261,0
27060,1
14367,0
34963,0
34356,0
96373,1
61844,1
27088,1
107737,0
53527,1
29329,0
16719,1
18657,0
40700,0
101290,0
98916,0
104030,0
50746,1
37521,1
563,1
81070,0
18291,0
37128,0
7420,1
107813,0
110759,0
92037,0
62644,1
83613,0
6320,1
14004,0
17532,0
90107,0
35731,0
113214,0
49078,1
64919,0
68874,0
58988,1
104398,0
26044,0
9540,0
5407,1
107095,0
48247,1
1507,0
74383,1
94824,0
112111,0
7413,0
23292,0
27188,0
21363,0
117295,0
63950,1
22594,0
62025,0
43022,1
45409,0
2905,0
25114,0
50316,0
89713,0
66274,1
109383,0
27722,0
119189,0
13408,1
70244,0
40322,1
13295,1
27250,0
19897,0
5487,0
27901,0
47977,0
72970,0
69630,1
73117,0
37791,0
81032,1
94949,0
20733,0
96358,0
13610,1
51302,0
79195,1
48503,0
55338,1
31479,0
12942,1
100532,1
103233,0
31856,0
52777,1
50365,0
45676,0
59773,1
20418,0
6089,0
6351,1
118230,1
42203,0
21694,0
91873,0
70562,0
118289,1
5438,1
72509,1
83074,0
73872,1
80735,1
83446,0
10504,0
40218,1
92853,0
56681,1
3733,0
93185,0
89178,0
114403,0
115045,0
84284,0
39523,0
33479,0
68600,1
75581,1
21911,0
86795,0
46334,1
69593,1
45634,0
69918,1
2212,1
11538,0
50058,1
25700,0
116157,1
101651,0
117621,0
5759,1
77124,0
33720,0
33792,0
99273,0
95073,0
99606,0
75310,1
56915,1
23179,0
104056,0
63384,1
57072,1
47534,0
51244,1
63801,1
105394,0
4789,0
113521,0
35818,0
83422,0
178,0
65767,0
99912,0
103554,0
78682,0
1687,0
63090,1
65311,1
14954,0
68312,1
17038,0
112822,0
58178,1
26640,1
55225,1
6447,0
8681,1
44366,0
32245,0
66600,1
28250,0
57132,0
32751,0
62924,0
84148,0
81751,1
105987,0
69326,1
3469,0
118868,0
89750,0
112127,1
18154,0
81660,0
23188,1
94597,0
72505,1
65479,1
113457,0
94403,1
41737,0
95313,0
44219,0
9691,0
12562,0
17384,0
83712,0
103776,1
44573,1
65867,1
12946,0
10187,1
21465,0
21581,0
50367,1
101188,0
113050,1
46092,1
23498,0
36369,0
61377,0
92143,1
81557,1
58979,1
59877,1
97125,0
79539,1
88098,0
105533,0
5623,1
26737,1
56305,0
104472,0
80191,0
110284,0
44129,1
83418,0
58662,1
76992,0
50086,0
60428,0
62423,1
4283,0
171,1
46627,1
15609,0
71992,1
52455,1
50676,0
73712,0
34025,0
26837,0
57197,1
77477,0
42246,0
13519,0
32820,0
91321,0
66068,0
36188,0
91383,0
24281,0
107073,1
85041,0
37914,0
80729,1
108636,1
615,0
89221,1
100635,0
103102,0
107736,0
31514,0
59333,1
17507,0
2862,0
75886,1
6997,0
73909,1
104945,0
115268,0
99242,0
6770,0
60834,1
98131,0
86662,1
54633,1
34979,0
92063,0
61890,0
7845,1
6238,1
41532,0
73603,1
33599,1
78163,0
52215,1
88631,0
88014,1
25709,0
15172,1
63503,1
107102,0
40308,1
102998,0
71826,1
26001,0
13538,0
15520,0
30388,0
50863,1
48149,0
93425,0
109046,0
32930,0
28977,0
8557,0
46351,0
105063,0
116794,1
29894,0
50993,1
36088,0
57581,1
39152,0
109700,0
64508,1
36391,0
75106,1
31838,0
90194,0
20177,0
65368,1
10610,0
36610,0
35002,0
98512,0
57157,0
79076,0
60013,1
27449,0
47680,1
28334,0
32284,0
61832,1
51762,1
67127,1
95804,1
29623,0
8976,1
63839,1
34444,0
119191,0
114504,0
61693,0
84509,0
78046,0
113141,0
22548,0
8755,0
36055,0
82159,1
35767,0
44977,0
6733,0
112618,0
116417,0
24457,0
104156,0
53992,0
84799,0
82813,1
21262,0
101247,0
105422,1
55450,1
72039,1
115165,0
64958,1
19221,1
60946,0
65607,1
99585,0
19138,0
101103,0
43561,0
69793,1
70445,1
78065,0
12096,1
97841,0
115796,0
46518,0
45395,0
19358,0
106139,0
49643,1
10509,0
31897,0
110214,0
46867,1
95000,1
53418,1
47463,0
22952,0
85048,0
99127,0
15805,0
19527,0
113407,0
17222,0
88377,0
73258,0
55340,1
2098,0
27540,0
16512,0
75997,1
74957,1
35769,0
65421,1
6141,0
13959,0
61365,0
101789,0
62232,1
77330,1
41835,0
24006,0
110698,0
105832,0
98026,0
56015,1
93102,0
43645,0
3072,0
43897,1
108244,0
32120,0
106927,0
87450,0
51852,0
99086,0
67921,1
28155,0
88999,0
104360,0
62723,1
53480,0
8435,1
72846,1
66789,1
81279,0
112748,0
40387,0
51782,0
85664,0
112083,0
61400,1
62711,1
43954,1
11306,1
84276,0
96722,1
29198,0
40143,0
8243,0
54175,0
35443,0
67225,1
59255,1
44819,1
57521,1
19638,1
93316,0
112245,0
7999,1
3147,1
1016,0
94768,0
72528,1
63697,0
60831,0
36266,0
103448,0
36997,0
47576,0
61938,1
44112,1
39445,0
93904,1
11696,0
92568,1
65684,1
60160,1
114355,1
84113,0
86082,0
93490,0
104148,0
74022,1
108755,0
99412,0
84576,0
61199,0
83854,0
50662,1
73649,1
45235,1
41529,0
8794,0
27658,0
66293,1
26767,0
19180,0
100545,0
76231,1
103707,1
95333,0
17081,0
56272,1
14124,0
39905,1
9908,0
22100,0
46774,0
93623,0
47423,0
11583,1
5781,1
4538,0
110129,0
102491,0
104808,0
54479,1
27981,0
12830,1
12934,0
15890,1
90292,0
87723,1
100190,0
35663,0
73263,1
44278,0
88386,0
110084,0
102453,0
114858,0
85791,0
22182,0
73511,0
73339,0
177,1
50207,0
115774,0
91726,0
27000,0
15240,0
101430,0
93181,0
103644,0
42507,0
76303,1
64965,0
79885,1
80223,0
103266,0
27615,0
21774,0
71062,1
88325,0
97296,0
28437,0
37639,0
89686,0
36504,0
113943,0
18659,0
87181,0
74848,1
116739,0
21570,0
370,1
75523,1
94773,1
55411,1
8132,0
112172,0
116611,1
11594,0
27557,0
42084,0
64600,1
54759,1
66534,1
92308,1
108601,0
87158,0
40790,0
116379,0
57298,0
5324,1
18299,0
12883,1
51286,1
93699,0
58315,1
33660,0
100813,1
11079,1
89,0
114533,0
57085,0
80364,0
1579,0
28303,0
2820,0
19482,0
49047,1
89945,0
50978,0
107837,1
37065,0
98193,0
101379,0
23117,0
73115,1
24521,0
64695,1
39147,1
39022,0
102607,0
113855,1
22759,0
6092,0
44617,0
113688,0
87497,0
115748,1
98874,0
28683,0
67865,1
107733,0
101654,0
97007,0
11505,1
100690,0
17882,0
89888,0
18870,0
5353,1
67446,1
8298,1
109099,0
105942,0
116786,0
9950,0
45280,0
56174,1
858,1
6998,1
68492,1
63595,0
93804,0
55275,0
17477,0
52312,1
96749,0
27698,0
26105,1
35251,0
9174,0
71974,1
90875,0
45289,0
61088,1
19591,0
77435,0
868,0
69113,0
11251,1
51600,0
8055,0
109,0
69004,0
15818,1
47521,0
19769,0
113376,0
6451,1
12908,1
68781,1
17832,0
37744,0
7350,0
34583,0
117151,0
85908,0
38057,0
100483,0
107968,0
73708,0
61673,1
85496,1
41638,0
97311,0
38545,0
67530,1
76309,0
58451,1
54597,0
64,0
33894,0
113432,0
94784,0
103059,0
46159,0
76400,0
80017,0
98763,0
80303,1
63209,1
15685,0
96809,0
99262,0
91022,0
16849,0
112897,0
54937,0
19697,0
63757,1
13446,0
97102,0
117375,0
80832,0
1995,0
102131,0
47298,0
55107,0
91761,0
104076,0
24627,0
53184,1
79139,0
100053,0
70060,1
36491,0
4485,0
73965,1
35156,0
80577,0
71401,1
44851,0
70240,1
107497,0
108393,0
54324,1
102574,0
19736,0
20703,0
21111,0
18513,0
105320,0
65563,1
47973,1
65055,0
27205,0
99644,0
94914,0
103520,1
85331,0
43636,0
36125,0
12636,0
6909,0
6709,1
82419,0
2625,0
30189,0
53735,1
85724,0
94891,1
51019,0
46644,1
35625,0
15536,0
1561,0
90957,1
92265,0
42619,0
19901,0
84560,0
101982,0
76490,1
37967,0
35721,0
69373,1
69206,0
59347,1
103485,0
7877,0
2655,1
62411,0
27486,0
20389,0
100390,0
111973,0
51591,1
50047,1
85176,0
29882,0
119254,0
554,0
101408,0
35352,0
28782,0
30323,0
56601,1
102042,0
65919,0
49996,1
101764,0
87389,0
3888,0
47866,1
114541,0
76343,0
73436,1
59474,1
55169,1
29314,0
52636,1
46745,0
104660,0
21379,0
38291,0
108629,0
88070,0
17456,0
77573,1
74248,1
65626,1
101353,0
116760,0
76883,1
76142,1
104554,0
65018,0
99449,0
100578,0
65858,1
111345,1
88761,1
9108,0
76939,1
53190,1
28727,0
78808,0
7186,0
34253,0
82385,1
97654,0
24480,0
31344,0
102762,1
103427,0
54351,1
90592,0
60227,1
48535,1
92318,0
12067,1
15988,0
62622,1
46339,1
88824,0
90950,0
61904,1
99331,0
61515,1
72915,0
65874,1
50435,0
11901,1
8406,1
52045,1
38083,0
66681,1
29601,0
56833,1
75209,1
21360,0
3340,0
24152,0
20277,0
19916,0
12492,1
996,1
106768,0
119035,1
65778,1
85835,0
88402,0
83131,0
87107,0
109156,0
88250,0
43126,0
73588,0
114804,0
75270,1
108851,0
110275,0
42893,1
21388,0
33543,0
88659,0
6133,0
17692,0
66921,1
53552,0
88510,0
50818,1
99407,0
20440,0
20263,0
19571,0
52434,1
103459,0
91796,0
103655,0
1106,0
80419,1
27597,0
4149,0
107017,0
98765,0
38993,0
86723,0
111044,0
94306,0
66083,0
53295,1
52416,1
100582,0
93052,0
42842,1
20960,0
105042,0
59272,1
58234,0
9413,1
41291,1
8321,0
67618,1
58246,0
34941,0
78962,0
80639,0
86805,0
15150,1
29982,0
118202,0
73754,1
63344,1
34300,0
103634,0
60372,1
80798,0
87973,0
41237,1
19020,0
18437,0
17545,0
33429,0
78041,0
17325,0
95626,0
72446,1
40359,0
58858,0
88208,0
48854,1
75837,1
109205,1
81966,1
6201,0
39469,0
17810,0
93387,1
57349,1
33698,0
40141,1
78394,0
88942,0
100563,0
110329,0
98569,0
6366,1
89638,0
58744,0
12768,1
24164,0
40988,0
82271,0
18293,0
21117,0
70826,1
17552,0
39319,0
30936,0
36037,1
5614,0
33989,0
90403,1
21390,0
82502,0
110342,0
9516,1
22597,0
44601,0
16321,0
82301,0
113594,0
44463,1
35387,0
58495,1
8366,1
21037,0
42967,0
87605,0
43883,1
88283,0
96236,0
108010,0
87080,0
26312,0
62983,1
78899,0
30439,0
102377,0
40428,0
79170,0
52768,1
24561,0
45860,0
52034,1
72706,1
18364,1
60057,1
12674,0
42205,0
22253,0
65561,1
105593,0
11757,0
64570,1
81949,1
33706,0
47461,0
51670,1
38757,1
58807,1
90750,0
99774,0
48704,0
33734,0
75180,1
387,0
92619,0
46778,1
79232,1
49402,1
68871,0
102272,0
21063,0
55902,1
58650,1
2000,1
82783,1
28785,1
65907,0
23410,0
35199,0
18932,0
29549,0
88088,0
94834,0
78706,0
83306,0
40661,0
103341,0
55116,0
21771,0
39720,0
23702,0
105254,0
63913,1
79795,0
105990,0
56346,1
49286,0
32973,0
91332,0
3971,1
69122,1
51680,1
102595,1
8954,0
109789,0
96920,0
57067,0
55024,1
53140,1
59352,1
115545,1
8210,1
112371,1
101297,1
104721,1
34410,0
107795,0
3611,0
2880,0
12247,1
41815,0
15744,0
91038,0
32248,0
48305,1
42362,1
45697,0
20276,0
54078,1
47424,1
82894,1
17980,0
108124,0
110913,0
55322,1
107178,0
7335,0
51372,1
111582,0
116337,1
20242,0
117887,0
50632,1
34114,0
43958,1
7410,0
16014,0
3420,1
90030,0
28187,0
58695,1
100909,1
87171,0
42644,0
14777,1
42260,0
107847,0
33538,0
76352,0
118158,0
68809,1
75111,1
21513,1
76147,1
28292,0
52827,1
94884,0
58032,0
93160,0
16292,0
85204,0
107699,0
57112,1
95741,0
111574,0
114672,0
32151,0
101328,0
90344,0
95080,0
52715,0
71483,0
43151,0
14042,0
89910,0
54620,1
16745,0
77541,1
63149,1
39,1
64732,0
96515,0
115027,0
56724,0
49737,1
20977,0
51160,0
61936,0
109881,1
87039,0
109748,0
41581,0
58729,1
88958,0
37202,0
96613,0
88945,0
29194,0
19935,0
51808,1
31990,0
5671,0
74558,1
3774,1
43102,0
104887,1
61310,1
9986,0
105604,0
90026,0
79217,0
117705,0
5646,1
13557,1
108496,0
22346,1
101107,0
380,0
110748,0
52002,1
82819,1
62126,0
36775,0
55654,0
25958,1
37459,0
58458,1
8922,0
77254,1
116683,0
3007,0
64314,0
83687,0
23745,0
112845,0
109277,0
50291,1
49506,1
50705,1
8768,0
75812,1
27796,0
108813,0
6198,0
11773,0
9708,1
111327,1
80150,0
38435,0
12726,1
7343,1
20235,0
66307,1
3423,1
97904,0
23056,0
110191,0
115589,1
41812,0
4712,1
39867,0
118417,0
5728,0
56903,1
3328,1
34918,0
61126,1
28713,0
33600,0
119053,0
64182,1
14772,1
85561,0
28110,0
47226,0
24676,0
10151,1
115406,0
2218,0
66038,1
1390,0
51972,1
69881,1
118536,0
83715,0
44445,1
28975,0
66874,1
38604,0
59223,1
87132,0
74770,0
6671,0
49112,1
52529,1
91,0
37048,0
47628,1
35062,0
97215,1
34505,0
26503,0
34239,1
33877,0
88118,1
40235,0
26759,0
47874,0
7349,0
10459,0
14860,1
80619,0
13584,1
95550,0
107897,0
82815,1
26672,1
60359,1
12361,1
42816,0
5871,0
8191,0
60547,1
112423,1
30670,0
36341,0
1343,1
85578,0
25797,0
18802,0
41615,0
8419,0
74147,1
97228,0
9722,0
118926,0
43248,0
82532,0
105087,0
107848,0
104682,0
91868,0
108335,0
52875,1
73384,1
76514,1
52107,1
59819,0
104922,0
48581,1
114340,0
68768,1
28496,0
32039,0
5344,1
43274,0
45055,1
115680,0
97500,0
37760,0
12597,0
104266,0
47189,1
101969,0
106226,0
11653,0
4958,0
41578,0
101700,0
43534,0
80537,0
113352,0
28243,0
20442,0
105500,0
45325,0
32254,0
65398,0
61566,1
24865,0
74527,1
30420,0
57394,0
24922,0
79719,1
38106,0
4378,1
2105,0
5490,1
38238,0
44444,1
114684,0
98749,0
86877,0
5281,0
107341,0
33601,0
39482,0
42450,1
10006,0
62978,1
43036,0
5005,1
101949,0
110283,0
116830,1
51575,1
31218,0
74365,1
46006,1
100180,0
80458,1
11579,0
109774,0
107948,0
114991,0
51420,1
94916,0
19410,0
95354,0
15144,0
50474,0
21741,0
38854,0
115169,1
70390,1
90929,0
118030,0
90924,1
118636,0
42074,1
104359,0
1154,0
67386,0
85014,0
78877,0
77551,1
10296,1
38405,0
111666,0
116091,0
86935,0
91501,0
53568,1
111211,1
6774,0
78162,0
27786,0
50149,1
104006,0
107455,0
13308,1
15159,1
94645,0
68237,1
88075,0
55385,1
54968,1
104420,0
30668,1
98681,0
36973,0
17287,0
119333,0
53446,0
57659,1
35603,0
112007,1
86079,0
76526,1
11801,1
32926,0
16375,0
2371,1
44964,1
109903,0
90392,0
14077,0
18910,1
56484,1
57608,1
28530,0
4138,0
50806,1
60191,1
68543,1
55856,0
10533,1
75568,0
74347,1
59679,1
37979,0
55269,0
11226,1
71095,0
55009,0
115984,0
79717,1
100917,0
26211,0
13242,0
14019,0
111240,0
115602,0
117596,0
59825,1
24523,0
23035,0
9076,0
83464,0
22147,1
66656,1
25690,0
59716,1
45690,0
107605,0
71281,1
63551,1
25152,0
78834,0
85866,0
84571,0
68119,0
94882,0
61659,1
109670,0
6471,1
56269,1
94216,1
116445,0
92386,1
99079,1
39096,0
22449,0
102735,0
52814,1
25411,0
96205,0
92261,1
13442,0
112325,0
101351,0
6920,1
107928,0
28224,0
79775,0
52338,0
39999,0
31478,0
54722,1
79578,0
96752,0
17203,0
8470,1
34046,0
101231,0
22796,0
85254,0
114929,0
98539,0
53756,1
42637,0
95486,0
62250,0
47814,1
91908,0
71807,1
110298,0
32471,0
56396,0
70360,1
77125,0
63949,0
18053,0
43922,1
95897,0
80106,1
24045,0
79612,1
34720,0
19627,0
24425,1
104415,0
36749,0
42982,1
67144,0
91393,0
26549,0
47194,1
59504,1
112927,1
24341,1
58329,0
23765,0
38537,0
96465,0
63170,1
118235,0
41896,0
91916,0
71605,0
44317,1
32387,0
115524,0
3798,1
18454,0
97861,0
93871,0
102736,0
59500,1
117302,0
98020,0
118992,0
85199,0
43428,1
74775,1
14784,1
77474,0
22314,0
54944,1
94864,0
76349,1
88809,0
17428,0
7003,1
79754,0
85615,0
86943,0
24339,0
21590,0
29407,0
69577,1
101381,0
47336,1
25362,0
26688,0
24397,0
108319,0
48677,1
91745,0
76499,1
71335,0
75550,0
100801,0
41048,1
49330,0
36054,0
80917,0
88083,0
38127,0
76161,1
37520,0
75774,1
56418,0
69787,1
76781,1
101387,0
9435,0
61560,1
119071,0
83871,1
4340,0
30504,0
84555,0
55522,1
102567,0
113093,0
29079,0
37346,0
70829,0
109255,0
31742,0
115460,1
89804,0
88556,0
17437,0
17780,0
90913,0
14238,0
91669,0
5138,0
15199,1
84495,0
72515,1
39939,0
77060,1
24145,0
86888,0
53626,1
101439,0
112981,0
115762,0
38272,0
85596,0
28760,0
65193,1
84590,0
26553,0
37279,0
86983,0
80923,0
86697,0
77015,0
51360,0
59706,1
83304,0
16808,0
119061,0
9297,1
69431,0
68191,0
78651,0
11546,1
25026,0
1225,0
101847,0
76935,1
100669,0
77209,1
58313,0
26718,0
57173,1
35518,0
56289,0
90834,0
89325,0
28915,0
40638,1
71598,0
17307,0
4460,0
76146,1
96414,1
24873,0
40705,0
64026,0
35514,0
95759,0
20319,0
43559,0
92966,0
76736,0
25312,0
114588,0
62205,1
15168,1
86429,0
79409,1
81119,1
54962,1
88341,1
36384,0
63265,1
66136,1
96887,0
18842,0
112115,0
96272,0
82188,1
111267,0
82312,1
95971,0
104353,0
35973,0
71128,1
46831,0
31385,0
47665,1
118881,0
105030,0
89001,0
70131,0
61829,1
47236,1
72329,1
100309,0
53354,1
69724,0
19847,0
28231,0
9447,0
27293,0
100380,0
83701,0
50977,0
98153,0
78009,0
71256,0
92828,1
4830,0
88682,0
11461,0
24939,1
9736,0
61961,1
109031,1
111903,0
22107,1
92587,0
98279,0
39302,0
48557,1
69974,0
29251,0
80582,0
116426,1
22371,0
13398,1
3359,1
99877,0
69571,1
12180,0
96366,0
34619,0
67795,1
29762,0
54863,1
24449,0
2650,1
52079,1
88670,0
115650,1
49563,1
26541,0
113691,0
7075,1
119152,0
78143,1
4688,1
96473,0
76756,0
56950,1
6634,0
40120,1
110640,0
44842,0
25558,0
95865,0
110648,1
102182,0
19547,0
56466,1
54812,1
28322,0
55864,0
497,0
35606,0
97437,0
44716,0
48625,1
91611,0
16861,0
42036,1
25155,0
37175,0
79309,0
119314,0
6972,0
91506,0
5081,1
70016,1
74747,1
2327,0
19886,0
55212,0
50666,0
70180,1
31094,0
39777,0
84717,0
117732,0
67298,1
106348,0
73398,1
61761,0
111630,0
17595,0
34073,0
103925,0
27200,1
115914,0
3524,1
74780,1
5323,1
18159,0
15577,0
45863,0
93033,0
57648,0
69735,1
93987,0
85336,0
62732,0
115614,0
82862,1
2163,0
70517,1
68650,1
24766,0
20831,0
48417,0
60786,0
11964,1
110623,1
29990,0
66982,0
103410,0
41764,0
14371,0
61826,1
14997,1
71404,1
63756,1
36963,0
63254,1
99705,0
38121,0
90705,0
91375,0
103183,0
67465,1
101933,0
98119,0
95421,0
92829,0
26322,0
61970,0
13599,1
102474,0
46891,0
71758,1
59024,1
58783,1
106667,0
88272,0
61710,1
96664,0
54313,0
85610,0
81748,1
2367,0
33658,0
11903,1
56404,0
59851,1
59198,1
104683,0
84986,0
69958,1
93619,0
52229,1
13785,1
15627,1
94507,0
86769,0
26101,0
89876,0
69203,0
108227,1
37255,0
109522,1
40546,0
52521,1
15188,1
34847,0
39224,0
24840,0
40093,1
57964,1
84451,0
70231,1
33652,0
113008,0
89741,0
107311,0
51898,0
50378,0
66516,1
35507,0
104703,0
109835,0
117287,0
86447,1
57188,1
852,0
86587,1
24123,0
46889,1
17629,0
40284,1
17918,0
3449,0
104161,0
3234,1
103067,0
69865,1
62862,1
110945,0
14607,0
116467,0
94690,0
14908,0
39062,0
55444,1
8593,1
26701,0
55866,0
80578,0
55138,0
94818,0
74024,1
96802,0
98491,0
67532,1
7105,1
11114,0
95184,0
57274,1
18014,0
1469,0
26168,0
20401,0
64622,1
118638,0
8518,1
4848,0
11222,1
9726,0
55048,0
57435,1
113218,0
118136,1
79783,0
114344,0
2476,1
4062,1
97407,0
90173,0
70195,1
75929,1
108140,0
63638,0
5832,0
13714,0
58048,1
67051,1
20571,0
99117,0
26620,0
13054,1
1943,0
98117,0
63802,1
35482,0
105348,0
28215,0
73072,0
104586,1
63238,1
102047,0
43002,0
101135,0
33760,0
47034,0
118084,0
22189,0
91674,0
91712,0
73779,1
90147,0
12501,0
37959,0
43466,1
25818,0
29043,0
86867,0
29613,0
119033,0
83815,0
91944,0
16105,0
14400,1
20353,0
51633,0
45611,1
40961,1
92713,0
22722,0
107348,0
27453,0
37675,0
25335,0
69514,1
47343,1
81413,0
97715,0
81871,1
87167,0
51888,0
56201,1
117583,1
102962,0
64628,0
26209,0
71359,1
29629,0
27447,0
35597,0
97644,0
115613,0
56656,1
53136,1
13090,0
73927,1
31107,0
96789,0
28095,0
1172,1
42254,0
79589,0
115270,1
77726,0
106158,0
86130,0
52168,1
70431,0
38267,0
92501,0
50176,1
79452,1
88453,0
81862,1
1610,1
90298,0
115799,0
2232,0
74088,1
115418,0
82636,0
53109,1
108155,0
6798,1
8503,1
86517,0
26802,0
117672,0
107521,0
17310,0
26155,0
7548,1
17210,0
91807,0
88054,0
82260,1
112494,0
78903,0
17234,0
36785,0
7292,0
118773,0
1679,0
87992,0
70232,1
8868,0
31378,0
86127,0
40250,0
41960,0
96165,0
67644,1
92131,0
92596,0
66617,1
67084,0
109321,1
23802,0
74733,1
75100,1
23205,0
8317,1
90540,0
54776,1
60016,1
93701,1
39674,0
59158,1
88474,1
60902,1
14910,0
9060,0
97866,0
33381,0
111698,1
118407,1
110364,0
20373,0
90508,0
1229,0
66929,1
14007,0
43940,1
108385,0
69152,1
84145,0
87908,0
80227,0
6491,1
88586,0
45302,0
98807,0
33603,0
101672,0
99518,0
39306,0
93578,0
91834,0
11810,1
46967,0
42536,0
7535,1
70628,0
103661,0
96800,0
116295,1
32446,0
84336,0
46009,1
73765,1
77272,0
107640,0
96050,0
1858,0
15812,1
57093,0
25914,0
27512,0
61718,1
2409,0
71686,0
9303,0
96083,0
3163,0
92780,0
35434,0
97254,0
97793,0
84684,0
69641,0
43912,1
80999,0
32230,0
2976,0
69355,1
52974,1
93384,0
10186,1
117618,0
55971,0
108700,0
31352,0
96953,0
85278,0
75873,1
29384,0
71721,1
6627,0
17421,0
92620,0
93807,0
10462,1
55274,1
20760,0
18199,0
9434,1
23092,0
73943,1
1107,1
29998,0
8930,1
99157,0
1163,0
104461,0
76857,1
50643,1
58284,1
29465,0
16569,1
7404,1
47898,0
93830,0
83956,0
2053,0
79161,0
25303,0
47177,0
87053,0
16728,0
89571,0
69734,0
100095,0
78527,0
110266,0
59401,0
51492,1
30521,0
16838,0
82089,0
60404,0
106858,0
93705,0
13207,0
62623,1
23859,0
92043,0
75030,1
21635,0
47296,0
3424,0
1819,0
101903,0
83285,0
77022,0
31022,0
19094,0
494,0
7913,1
55830,0
77027,1
67563,1
16151,0
114729,0
83952,0
89040,0
1103,1
52659,1
95648,0
66437,1
8688,0
2611,0
35186,0
79445,1
68693,1
18726,0
56273,1
59732,1
31665,0
34580,0
108708,0
85433,0
36213,0
64592,1
40641,0
92319,0
101644,0
78103,0
14810,1
83044,0
26525,0
61173,0
68280,1
72780,1
11861,0
16065,1
15953,0
41972,0
84689,1
89688,0
58676,1
81130,1
57625,1
18403,0
67870,0
89926,0
3501,0
54185,1
112660,0
68845,1
4050,1
115064,0
17486,0
42788,1
18595,1
8453,0
51291,0
19241,0
14949,1
82087,1
99149,0
94454,0
62763,0
15971,0
56511,1
48638,0
115411,0
109665,0
36633,0
13531,1
114512,0
114569,0
42189,0
92010,0
21647,0
78738,1
89685,0
760,0
110915,0
110822,0
98485,0
109980,0
34051,0
58486,0
93580,0
34468,0
46139,0
32383,0
10155,1
67874,1
53707,1
37524,0
21776,0
38224,0
60182,1
85023,0
51574,1
78881,0
119139,0
15200,1
88757,0
103390,0
10859,1
58106,1
60987,0
21989,0
49854,0
28934,0
114238,0
26676,0
100859,0
99367,1
3044,0
906,0
100246,0
95622,1
9351,1
65061,1
110321,0
82582,0
57140,1
43264,0
46228,0
57868,1
17004,0
59081,1
25770,0
29355,0
104468,0
115935,0
86922,1
102280,0
50779,1
104794,0
56851,1
16300,0
17290,0
25783,0
84508,0
99648,0
75651,1
103941,1
79992,0
113606,0
78286,0
20966,0
8253,1
71772,0
18774,0
98276,1
65058,0
72807,1
38053,0
67879,0
43649,0
85827,0
56307,0
16706,0
51617,0
15533,0
78469,0
110517,0
53435,1
79296,0
51226,0
89885,1
50147,1
88735,0
33024,0
55563,1
84539,0
34192,0
54190,1
35456,0
10480,1
31403,0
27968,0
64503,1
36784,0
19345,0
104188,0
54269,1
25255,0
57478,0
44827,0
4334,1
27625,1
43896,1
49126,1
50517,0
94654,0
53879,0
19951,0
74688,1
48622,0
58096,1
12991,0
19885,0
117884,0
104525,0
76137,1
47998,1
35350,0
58687,1
97968,0
105201,0
51722,1
49296,1
19844,0
28193,1
13774,1
24432,0
62040,1
56172,1
11145,1
51903,0
17689,0
48928,0
97035,0
29134,0
39326,0
58400,1
102541,0
9340,0
115884,0
106092,0
87103,0
64015,1
59556,0
41488,0
27091,1
116801,0
116319,0
18433,0
36270,0
26804,0
60123,0
16934,0
105009,0
9323,1
84641,0
111862,0
37917,0
84921,0
63287,0
25712,0
103535,0
103653,0
77472,0
151,0
38071,0
62032,0
36843,0
39589,0
47914,0
70878,1
16178,1
20973,0
110778,1
51771,1
101017,0
27732,0
10272,0
48244,1
97694,0
22274,0
69606,1
107162,0
12193,1
7395,1
77457,0
98635,0
51507,1
18773,1
72962,0
72456,1
35714,0
99337,0
73066,1
19585,0
41597,1
111683,0
2718,0
71365,1
34315,0
13690,1
43343,1
22296,0
65453,0
75117,1
106543,0
9267,0
16235,0
89156,1
99238,0
71875,1
43225,1
118934,0
119244,0
4447,0
109069,0
66219,1
70171,1
80550,0
80628,0
35045,0
23010,0
39167,0
11832,1
8644,1
53556,0
118485,0
65034,0
1831,1
9173,0
95494,0
106909,0
114354,0
16930,0
62021,0
43170,0
12195,0
15269,1
13391,1
37855,0
63957,1
87018,0
33573,0
119131,0
92658,0
89733,0
115819,0
47924,1
69790,1
29409,0
106130,0
34610,0
22860,0
586,0
249,0
117264,0
86480,0
84512,0
67442,1
8283,0
100002,0
98704,0
115488,0
76239,1
63314,1
69812,1
54550,1
61344,0
99492,1
72264,1
90214,0
33033,0
41246,1
57907,1
76758,0
30796,0
30775,0
39009,0
54830,1
84622,0
23029,0
56209,1
15039,1
35959,0
89309,1
69274,1
25845,0
25272,0
37770,1
95956,0
66202,1
111504,0
12392,1
109232,0
113235,0
97652,0
65981,0
105849,0
92313,0
6583,0
102903,0
26301,0
54375,1
88010,0
54885,0
94574,0
71658,1
42243,0
46772,0
35914,0
28772,0
67395,0
60266,1
88886,0
114493,0
9370,1
72112,0
13247,0
66252,1
52599,1
102812,0
26351,0
13524,1
54323,1
72396,1
2473,0
44956,1
63176,1
95503,0
77012,0
1912,0
28747,0
69460,1
18570,0
73471,0
70254,0
116673,0
31399,0
113901,0
10967,0
4856,1
63355,0
62759,0
36881,0
95606,0
117869,0
17185,0
97189,0
94268,0
104598,0
51569,1
68777,1
116382,0
46683,0
97491,0
505,0
15057,0
36284,1
59257,0
112254,0
115768,0
67103,0
71005,0
119063,0
20166,0
13578,1
4083,1
114855,1
80941,0
75603,1
82333,0
96478,0
24018,0
11022,0
58391,1
117190,0
53869,1
61274,1
6062,1
54468,1
41159,0
64863,1
9956,1
55114,0
98317,0
117980,0
42775,0
116699,0
31322,0
19731,0
68,0
54676,1
12063,1
49859,0
13902,0
22938,0
106433,0
44743,1
66093,0
49006,1
20454,0
12181,1
81149,0
76419,1
97395,0
103665,0
80451,1
97911,0
67101,1
90737,0
94595,0
45729,0
58562,1
38142,1
21848,0
49053,1
61623,1
65576,0
115847,0
16002,0
19134,1
88217,0
81194,0
72635,0
59797,1
53665,0
10190,0
10015,0
62633,1
27791,0
16391,0
10251,0
108871,0
33458,0
35998,0
45853,0
88554,0
26186,0
13827,0
64215,1
46617,1
2284,0
114613,0
100104,0
16582,0
77268,1
11604,1
41985,0
9740,1
112330,0
103737,1
51559,0
883,0
105391,0
51126,1
99199,0
40721,0
88791,0
20505,0
60046,1
109725,0
85474,0
85189,0
50441,1
104380,0
5608,0
10730,0
6433,1
106426,0
64852,1
70173,0
88746,1
80970,1
78545,0
83899,0
4002,1
95803,0
109978,1
44662,0
53086,1
96530,0
115551,0
73524,0
110150,0
97457,0
115159,0
110538,0
67301,1
107257,0
115323,0
9577,0
62085,1
82579,1
81598,0
26911,0
113010,0
37137,0
57492,1
21860,0
94107,0
27789,0
113335,0
38616,0
90372,0
54195,0
48851,0
88508,0
99307,0
31659,0
112147,0
95200,0
84723,0
80056,1
82846,1
35549,0
17137,0
15913,0
105027,1
39079,0
63343,0
82314,1
65960,0
57562,0
44507,0
6866,1
64122,1
77678,1
112198,0
59143,1
84809,0
63182,1
105811,1
49495,1
48770,1
59110,1
91436,0
97828,1
27973,0
97,1
79736,0
46958,1
105241,0
81601,0
81532,0
30591,0
95774,0
86491,1
105793,0
69360,1
26121,0
44616,0
54659,1
55168,0
90884,0
100459,0
18391,0
45980,1
52242,1
61407,1
33424,0
67843,0
111305,0
89155,0
82073,0
47890,1
87614,0
33414,0
16386,0
8846,0
108247,0
68807,1
70803,1
39948,1
90851,0
48356,1
116604,0
106528,0
24984,1
89274,0
13232,1
77936,0
104510,1
101594,0
86641,1
28824,0
29860,0
78,1
119042,0
46763,0
69107,0
87717,0
5078,0
30947,0
11743,0
99520,0
88182,0
22332,0
79595,0
41330,0
51452,1
57794,1
117204,0
55713,0
3661,0
6771,1
54846,1
20081,0
4273,1
73861,1
106189,0
67255,0
79572,0
18782,0
40410,0
94683,0
118762,0
30783,0
18443,0
10099,0
28967,0
47527,0
27435,1
98423,0
45091,1
98484,0
40594,1
114076,0
47018,0
22354,0
46849,0
30073,0
104037,0
38107,0
60640,1
86472,0
88667,0
50550,1
153,1
37757,0
55250,1
37012,0
8401,0
15239,0
4751,0
102613,0
57869,0
1333,0
60335,1
71991,0
97546,0
62481,1
13946,0
61979,0
27403,0
34255,0
112181,0
8008,1
43522,0
39814,1
39480,0
90061,0
109583,0
76301,0
24945,0
9164,0
112971,0
84901,0
41310,1
18401,0
56123,0
108373,0
71698,1
107946,0
1267,0
36378,0
55348,1
104374,0
44358,0
21258,0
33177,0
3209,0
40914,0
61387,1
41577,0
59964,1
89521,0
42841,0
107056,0
107615,0
79532,1
28968,0
64279,1
16325,0
24969,1
34212,0
77992,1
77494,1
9959,0
4555,0
66214,1
99798,0
24259,0
1747,0
103070,0
11607,1
32810,0
23502,0
37303,0
31813,0
5764,0
32822,0
68921,0
116817,1
117983,0
71596,1
88534,0
78473,0
9685,0
36812,0
115603,0
52400,1
26951,0
2253,0
93680,0
85377,0
116086,0
7525,1
115883,0
32339,0
80513,1
30531,0
13809,0
69665,1
19409,0
92297,1
94665,0
66321,1
42219,1
82153,1
4541,0
25610,1
30859,0
115562,0
81572,1
77824,0
42633,0
91234,0
78278,0
70928,0
103213,0
93447,0
37200,0
110299,0
48978,1
31992,0
12162,1
58137,0
16223,0
110460,0
113837,0
26585,0
100829,0
48825,1
15368,1
33556,0
119130,0
46678,0
31310,0
90571,0
38235,0
74922,1
30099,1
41030,0
9458,0
20136,0
12496,1
20117,0
40202,0
53451,1
77130,0
101760,0
25848,0
43014,1
76549,1
100855,0
69286,1
70138,0
112730,1
36694,0
112155,0
59949,1
39530,1
83150,0
87256,0
21817,0
67794,1
1875,0
17011,0
49518,1
50289,1
112401,0
46894,1
20600,0
106761,0
72755,1
4345,1
105226,0
4492,1
51702,1
50888,1
44868,0
4031,1
15739,0
10671,1
24938,0
73443,1
24518,0
71975,1
34107,0
58609,1
15917,0
29377,0
67310,1
100182,0
16220,0
96935,0
67077,1
79731,1
18052,0
79684,0
39852,1
103474,0
41320,0
4771,0
37899,0
115941,0
94054,1
119169,1
103111,1
118197,1
82036,1
19676,0
56102,0
5938,0
32640,0
110647,0
87089,0
71580,1
103469,0
40061,0
34076,0
35983,0
111476,0
109424,0
29115,0
28370,0
113860,0
105935,0
55552,1
11511,0
87069,1
65201,0
108620,0
2136,1
116565,0
62308,1
5575,0
67297,1
63077,0
107298,0
81674,1
102305,0
35991,0
90561,0
74414,1
55040,1
49690,1
79685,0
69033,1
102765,1
12346,0
73870,1
75147,1
90112,0
100769,0
114228,1
50363,1
49610,0
37871,0
20561,0
104633,0
74865,1
99406,0
34570,0
99119,0
17348,0
39609,1
33452,0
108515,0
115431,0
68211,1
980,0
117919,0
89544,0
111696,0
85784,0
50612,0
40814,0
71484,0
40267,1
106570,0
23595,0
112436,0
689,0
85867,1
84393,1
94863,0
74836,1
55743,1
27427,0
11610,0
70777,1
81060,1
111277,0
118552,0
90097,0
26478,0
36084,0
111534,0
85457,0
81944,1
55706,1
54252,1
57286,0
77433,0
48307,1
70378,0
19225,1
7569,1
48728,0
23425,0
50970,1
17473,0
19861,0
61085,1
13117,1
64846,0
45356,0
99333,0
49344,1
21949,0
23994,0
16549,1
16820,0
33553,0
68683,1
841,0
100207,0
52780,1
59154,1
34246,0
42481,0
2498,0
83877,1
31208,1
111955,0
115378,0
16307,0
85678,0
94757,0
27299,0
33768,0
56594,0
57210,1
12865,0
16786,0
72258,0
13547,1
27203,1
109886,0
68883,1
25511,0
47458,0
31011,0
35284,0
40887,0
4801,1
74639,1
89099,0
34614,0
43796,0
109552,0
21924,0
38812,0
49407,1
20926,1
41895,0
87432,0
102585,0
83251,0
108390,0
55811,0
103353,0
49431,1
80875,0
27733,0
54527,1
34834,0
39888,0
50269,0
26297,1
56338,1
49290,0
78793,0
17985,0
116285,0
95295,0
60012,1
22907,0
15792,1
98322,0
79075,0
50402,0
80769,1
56710,1
66813,1
84334,0
106995,0
35058,0
15022,0
34921,0
3906,1
97328,0
87339,0
52535,1
108805,0
97713,0
12509,0
30251,0
33207,0
63491,1
45910,0
19817,0
69149,0
23539,0
107149,0
60713,0
97018,0
116667,0
18256,0
73252,1
48050,0
53912,1
47861,0
111827,0
25023,0
20379,0
46377,1
16264,1
20807,0
54315,0
116803,0
116721,0
43030,0
28418,0
42033,0
47048,1
22606,0
53658,1
29855,0
74715,0
11036,1
89590,0
2412,0
23738,0
113467,1
47837,1
88551,0
47673,1
95172,0
33210,0
45364,0
107420,0
71486,1
38031,0
52062,1
50116,0
100099,0
42449,0
84384,0
110300,0
112333,0
96430,0
52222,1
23617,0
82581,0
101841,0
6200,0
90649,0
42512,0
92904,1
22719,0
95043,1
47376,0
115647,0
48254,1
53528,1
37971,0
64807,1
18359,1
25106,0
91329,0
4718,1
21866,1
70303,1
57820,1
40857,0
68227,1
54930,0
36792,0
86241,0
70971,1
25502,0
75459,1
41706,0
16418,1
109727,1
114074,0
88276,0
87789,0
24005,0
103103,0
56267,0
3040,1
45934,0
96706,0
101512,0
72628,0
91446,0
57460,0
11738,1
32058,0
57590,1
23470,0
91753,0
63450,1
90239,0
62588,1
34506,0
35817,0
31348,0
102525,0
70634,1
110221,0
100286,0
10044,1
1222,0
98730,0
90269,0
86047,0
86320,0
20491,0
60392,1
12374,1
68425,1
88336,0
53656,0
93789,1
33828,0
80448,1
56240,1
18699,0
14032,0
19668,0
28855,0
87781,0
84076,0
102754,0
80559,0
40505,1
47136,0
44952,1
103507,1
76426,1
105334,1
77211,1
111771,0
49409,0
49385,0
72166,1
99712,0
64785,1
117649,1
60479,1
90444,0
116906,0
72108,1
100529,0
49015,0
9879,0
93537,0
64855,1
92393,0
57560,1
40588,0
79605,0
23826,0
92697,0
98335,0
46951,0
41510,0
32052,0
3243,0
82323,0
52013,1
51155,1
113617,0
46749,0
74959,1
44316,1
97152,0
110510,0
4150,0
21957,0
74445,1
95061,0
89809,0
70012,1
54777,0
44673,0
58824,1
66114,1
31349,0
104553,0
16181,0
100647,0
88910,0
23805,0
91735,0
93024,0
17541,0
66620,1
85920,0
16951,0
107938,1
77804,1
114283,1
27364,0
118122,0
104131,0
99452,0
6492,0
21051,0
94241,0
60026,1
101917,0
1821,0
12731,0
23031,0
11646,1
53736,1
28096,0
10636,1
11833,1
26844,0
21597,0
23969,0
110622,0
74047,1
25156,0
55300,1
82652,1
71703,0
63660,1
79820,0
56047,0
97327,0
33041,0
9198,0
55800,1
46981,0
33598,0
85740,0
11468,0
47905,1
1348,1
31585,0
88302,0
90925,1
9357,0
57025,1
114863,0
79458,1
99851,0
74855,1
110220,0
114951,0
10378,1
48418,0
44714,0
79334,0
107611,0
60322,1
43825,0
320,0
39029,0
74336,1
2835,0
83447,0
44287,1
85735,0
78513,1
31264,0
71786,1
107045,1
50437,1
117050,0
112765,0
115556,0
5492,0
13989,0
72002,1
94905,0
25470,0
100462,0
75616,1
69563,1
72875,1
12798,0
10614,1
76801,0
91122,0
14069,0
12128,0
99021,0
119318,0
15366,0
39364,0
116518,0
37701,1
18592,1
83590,0
80801,1
117564,1
4647,0
26599,0
12656,1
26223,0
5170,1
104919,0
9017,0
17008,0
114905,0
51813,0
3638,0
111232,1
86385,0
50068,1
48502,0
12116,0
97003,0
84261,0
157,0
63121,1
116867,1
75993,1
34700,0
58406,1
25803,0
20370,0
117542,0
7733,1
40152,1
88697,0
42382,1
47319,1
57847,0
59428,1
47040,0
63962,0
106387,0
74300,1
13418,1
116387,0
58393,1
17891,0
58030,0
116218,0
96510,0
20134,1
101491,0
82997,1
25978,0
94536,0
101413,0
41276,1
116083,0
21458,0
104507,0
38050,0
40984,1
63585,0
81807,1
44998,1
15942,0
24302,0
31858,0
37337,0
54811,1
48264,1
53651,1
113997,0
48442,0
70626,1
49329,1
32067,0
48773,0
21826,0
64231,1
80229,0
76464,1
1834,0
52146,1
44764,1
112530,1
4169,1
110334,0
86582,0
48183,1
92974,0
2722,0
79206,0
19437,0
77675,0
25571,0
102576,0
28983,0
6776,0
54334,1
36921,0
31908,0
112125,1
92115,1
60143,1
45242,1
109717,0
114185,1
6497,0
97559,0
71099,1
15233,0
11383,1
118734,0
68615,1
11972,0
106315,0
70570,0
53784,1
43805,0
71487,1
5031,1
39843,0
69078,1
79291,0
102898,0
98816,0
67004,1
5198,0
8792,0
32192,0
39797,0
113739,0
31377,0
44768,1
102342,0
118894,0
66743,0
92254,0
97171,1
64022,0
79687,0
64431,1
57363,1
18916,0
50906,0
108490,0
33831,0
95369,0
114473,0
78948,0
38309,0
101030,0
61456,0
62218,1
101912,0
27549,0
33025,0
71176,0
104955,0
11800,0
49492,1
11243,1
71102,0
49335,1
28857,0
37609,0
73493,1
8115,1
94491,0
52201,1
71633,1
62557,1
20437,0
54505,0
94837,0
104403,0
107118,0
93650,0
21575,0
100448,0
94303,1
75814,1
40609,0
70490,1
16622,0
102936,0
76321,1
107977,1
24589,0
95265,0
87899,0
84353,0
2372,1
113398,0
65429,0
116109,0
44158,0
84262,0
83513,0
30230,0
93829,0
84564,0
50884,1
27552,0
61024,1
113145,0
119080,0
42043,1
55728,1
39979,0
38266,0
93166,0
80375,1
45807,0
23076,0
118737,0
71364,0
59733,1
62528,1
67640,1
81848,1
112903,0
104847,1
18101,0
79134,0
98163,0
87891,0
18270,0
11366,0
35807,0
19514,0
79325,0
65558,1
36067,0
101542,0
60091,1
115891,0
57159,0
111873,1
23600,1
16976,0
104082,0
102630,0
70983,1
14691,1
72256,0
22900,0
86705,0
108401,0
29259,0
45304,0
20364,0
30071,0
52276,1
103085,0
70388,1
83119,0
42915,1
48320,0
1947,0
35874,0
104931,0
56716,1
89929,0
6925,1
82023,1
72243,1
37509,0
113876,0
63211,1
92695,0
30717,0
92307,0
20444,0
7013,0
57170,1
57164,0
45187,0
23870,0
100782,0
69572,1
32154,0
118171,1
12278,0
24616,0
104278,0
105151,0
96051,0
111469,0
94053,0
89939,0
100900,0
9390,0
69,1
33170,0
46237,0
78796,0
112389,0
78003,1
35980,0
68840,1
8037,1
107649,0
5881,0
101937,0
52990,1
106970,0
71220,0
42102,0
46273,0
72316,1
8139,0
34014,0
36690,0
97665,0
86733,1
41456,0
118179,1
36980,1
7969,1
47449,0
13608,1
87461,0
75474,1
85764,0
116668,0
75469,1
69421,1
15397,0
113066,0
65374,1
117630,1
55072,1
19457,0
110267,1
4823,1
80591,0
50191,1
41380,0
40467,1
18600,1
74212,1
105722,0
118635,0
4323,0
118973,0
6614,0
69908,1
39276,0
71148,1
111030,0
54102,0
35315,0
63181,1
89078,0
2294,0
111192,0
64833,1
104463,0
80164,1
48279,0
107705,0
45667,0
39949,0
69941,1
61871,1
7768,1
86441,0
57160,1
14253,1
116264,0
76858,1
76962,1
23963,0
47452,1
61549,1
40938,1
94434,0
4148,0
41304,0
93468,0
56509,1
61988,1
10471,0
53276,1
77853,1
3481,1
40768,0
20306,1
91733,0
68916,1
72688,1
55764,0
100916,0
110162,0
97132,0
52308,1
84987,0
36203,0
108364,0
103772,0
116674,1
11936,1
33178,0
43433,1
89026,0
50425,1
88626,0
62753,0
97462,0
16665,1
103698,1
15401,0
113749,0
7354,1
68011,1
86591,0
101739,0
114127,0
94873,0
72959,1
48259,1
65414,1
19390,0
38983,0
84476,0
1430,0
107280,0
37864,1
55608,1
117062,0
68185,1
63475,1
113732,0
60254,1
14905,1
108591,0
20695,1
3226,0
42445,0
35803,0
110151,0
843,0
82969,0
66441,0
86450,0
33051,0
53532,1
11626,0
52147,1
32486,0
30912,0
59448,1
13846,0
105813,1
7789,1
5907,0
101304,0
15510,0
104104,0
1914,1
70924,0
28547,0
115760,0
18060,0
117383,0
37242,0
32837,0
107711,0
108815,0
3890,0
94696,0
40819,0
12319,0
22290,0
7076,1
86656,0
73012,1
25264,0
9641,0
62302,1
4195,1
17424,0
32888,0
61656,1
95351,0
58584,0
72508,1
85132,0
103640,0
77818,1
17419,0
35730,0
65977,1
111039,0
35858,0
85418,0
11637,1
47042,0
95512,0
83207,0
31170,0
74649,1
62158,0
37540,0
72286,1
32367,0
18352,1
19892,0
117850,0
105984,0
63501,1
38776,0
34664,0
48558,1
70731,0
117822,0
27586,0
69335,1
83136,0
113970,0
106802,0
12871,1
75573,0
101924,0
50559,1
31458,0
34763,0
21329,0
108165,0
54831,1
112898,0
29059,0
75477,1
39164,0
12455,1
109695,0
82183,1
104367,0
12363,0
66725,0
92415,0
31417,0
66623,1
6070,0
89372,0
20095,0
68201,1
14737,1
29293,0
48289,0
113560,0
10837,0
85170,0
10970,1
58583,1
32499,0
5258,0
70722,1
21509,0
93457,0
40401,0
1730,0
55054,1
104559,1
100314,0
93092,0
95833,0
34631,0
79227,1
20914,0
117756,0
106280,0
32502,0
94510,0
109575,1
112153,1
71408,1
26654,0
107566,0
64253,0
44315,1
94143,0
30365,0
113209,1
28,1
113498,0
50867,1
77837,0
5433,1
32770,0
117057,1
70997,1
17509,0
93679,0
10191,0
32596,0
77286,1
2226,0
101222,0
48429,0
109327,0
108553,0
12311,0
31270,0
19244,0
99634,0
12186,1
67549,1
26102,0
34333,0
89170,0
107211,0
77056,1
33423,0
33195,0
8702,0
115964,0
25825,0
75372,1
19124,0
4455,0
70094,1
95946,0
14589,0
114141,0
42448,0
43634,0
104756,0
114959,0
36344,0
98230,0
19037,0
94502,0
5458,1
39453,0
119357,0
22261,0
45439,0
52280,1
108791,0
50341,1
68891,1
5591,0
105338,0
28920,0
60985,0
68622,1
10382,1
102333,0
89450,0
103505,0
35126,0
74241,1
30571,0
112513,0
34491,0
110235,0
18360,1
85876,0
282,1
50175,1
64843,1
49722,1
50937,1
93678,0
117817,0
116658,0
36695,0
44490,0
28099,0
101217,0
17281,0
55451,1
31844,0
18609,0
106680,0
13372,1
92473,1
30289,0
10521,0
111079,0
83430,0
54191,1
90996,1
33330,0
34080,0
45229,1
93741,0
59893,0
39239,0
40816,0
57704,0
101139,0
105626,0
36481,0
74805,1
27243,0
28124,0
81302,0
40313,1
56426,1
72601,1
100204,1
22591,0
7308,1
87310,0
32739,0
46643,0
54730,0
12780,1
3145,0
107920,0
80795,0
4533,0
3158,0
50360,1
67780,0
64928,1
88106,1
76166,1
74158,1
53866,1
119260,0
100558,0
78813,0
10491,0
98300,0
62816,1
11835,0
113950,0
55579,0
9870,1
109790,0
81967,1
59259,0
1598,0
113006,0
88437,0
79192,1
59121,1
20958,0
15542,0
23115,1
76322,1
76220,1
110600,1
21368,0
74507,1
97167,0
31997,0
17346,0
16823,0
564,0
75239,1
98054,0
102594,0
77637,0
100183,0
91106,0
92592,0
15063,0
58042,0
66056,0
4826,0
108742,1
115303,0
47142,0
35738,0
29011,0
27914,0
114415,0
31544,0
118263,0
103756,0
24832,0
72998,0
24303,1
60934,0
51860,0
11504,1
89986,0
23556,0
98873,0
44301,0
92852,0
22592,0
3982,1
37005,0
42306,0
13573,1
95998,1
117723,0
114856,0
61944,1
37250,0
25821,0
46794,0
92521,0
52923,1
24015,0
49254,1
60380,1
82817,1
43208,0
57451,1
97581,1
82369,1
56386,0
111107,0
51373,0
43066,0
117043,0
108847,0
92290,0
109617,0
35378,0
85815,0
4792,0
14928,0
31647,0
62591,1
81816,1
27043,0
117251,0
104279,0
27933,0
27678,0
40351,1
101242,0
75456,1
18402,0
15918,0
71278,1
81268,0
92571,0
25001,0
76646,1
32559,0
55402,1
20097,0
84023,0
62177,1
97863,0
66075,1
33454,0
28402,0
597,0
81462,0
21808,0
2845,0
8445,0
17640,0
10108,0
81291,0
50819,1
31947,0
87015,0
56629,1
118211,0
106706,0
9459,0
101095,0
2540,0
38133,1
12069,0
103107,0
72775,1
27753,0
44912,0
58797,1
26113,0
102084,0
80284,1
24584,0
68729,1
103349,0
58177,1
34740,0
90596,0
78839,0
15475,0
88986,0
46364,0
47696,1
93449,0
21850,0
34663,0
100345,0
47643,0
47346,1
41181,1
101364,0
89363,0
68137,1
66876,1
105946,0
83148,1
28430,0
65371,1
118262,0
100423,0
16555,1
33935,0
93422,0
88672,0
44526,0
108129,0
19553,0
93579,0
28764,0
71808,0
78907,1
51518,0
39545,0
19567,0
73195,1
6927,1
18627,0
86433,0
8521,1
21351,0
52871,1
19109,0
107265,0
84681,0
8719,0
99569,0
28899,0
72222,1
45983,1
82744,1
64036,0
3544,0
114155,0
75102,1
12376,0
60386,1
71754,1
94424,0
95255,0
20420,0
76971,1
28793,0
60309,1
80396,1
44339,0
9556,0
98531,0
51283,1
73327,0
62912,1
64671,1
86984,0
105945,0
37665,0
97374,0
30844,0
38459,0
43376,0
33372,0
113172,0
103222,0
29912,0
8981,1
53514,1
18582,0
114585,0
66665,1
107168,0
1773,0
88192,0
78357,0
55662,1
7159,1
16605,1
100021,0
95724,0
108773,1
109754,0
40001,0
74854,1
17553,0
79059,0
46503,1
70667,0
60101,1
29245,0
23,0
42528,1
73977,1
58238,0
98347,0
76463,1
27467,0
2267,0
109370,0
117877,0
41077,1
59006,1
31319,0
46473,1
65750,1
83451,0
28254,1
62055,0
67093,0
65968,0
101780,0
114582,0
86946,0
97392,0
90733,1
64368,1
92729,0
47581,0
58091,1
54403,0
46598,0
56559,0
17094,0
66265,1
10833,1
89168,0
14126,0
117338,0
108638,1
112247,1
93766,0
20311,0
24802,0
87174,0
18400,0
54158,1
50348,1
59890,1
52284,0
31118,0
32255,0
38783,0
84142,0
44227,0
10552,0
91032,0
95754,0
69427,0
25416,0
460,1
84452,0
3398,1
95068,0
7370,1
112117,0
32456,0
46686,0
72701,1
63436,1
76687,0
85597,0
44182,0
27189,1
100137,0
117191,0
18453,0
39891,0
90711,0
59320,1
75675,1
84690,0
115601,0
103310,0
82092,0
75731,1
110838,0
40423,0
37916,0
12647,0
20269,0
100070,0
57978,0
73622,1
27252,0
99365,0
118899,0
57035,1
33500,0
62926,1
85860,0
110619,0
46418,0
45798,0
58670,0
20202,0
73053,1
15050,0
69434,0
36649,0
79935,0
61793,1
70205,1
106144,0
27830,0
63594,0
31246,0
21170,0
61602,1
64573,1
95449,0
71217,1
102251,0
20738,0
113285,0
22525,1
89943,0
48965,1
98154,1
66586,0
56926,1
44535,0
10780,1
106171,0
11002,0
22427,0
63496,0
93645,0
74657,1
88257,0
32136,0
30997,0
109901,0
42961,0
64414,1
70364,0
10914,1
74429,1
112387,0
95952,0
66854,1
64642,1
93145,0
93232,0
61172,0
45383,0
27273,0
74719,0
101663,0
57011,1
108072,0
47074,0
21137,0
25379,0
8716,0
86211,0
27863,0
86583,0
81503,0
92645,0
5002,0
22519,0
68225,1
58,0
44166,0
29402,0
41000,0
71775,0
98107,0
67914,1
101659,0
70024,1
21082,0
14794,1
76763,1
76200,1
118941,0
68060,0
36855,0
69529,0
90718,0
89052,0
9266,1
12515,1
91683,0
30843,1
71666,1
109920,1
113354,0
89237,0
80907,0
117989,0
99739,0
18563,0
7741,1
21193,1
75202,1
42125,0
29234,0
109985,0
3242,0
63272,0
43502,1
83296,0
19235,1
81602,0
86910,0
13091,0
10609,0
43640,0
95194,0
27795,0
81435,0
88715,1
24199,0
48147,1
102550,0
21653,0
6203,0
103795,0
34450,0
10757,1
22874,0
30557,0
22505,0
55687,1
83003,0
86036,0
9038,0
42113,0
59753,1
90685,0
51108,1
60972,1
92837,0
13316,0
25772,0
69207,1
57697,1
56666,1
71572,0
43832,1
53466,1
18066,0
25049,0
69697,0
59707,1
29441,0
39976,0
56891,1
60726,0
17806,0
6459,1
114080,0
99430,0
74369,1
103762,0
61896,1
99578,1
36399,0
36179,0
84589,0
17693,0
93216,1
113365,0
109331,0
79673,0
39534,1
78869,0
14204,0
28320,0
44568,1
105462,0
79933,0
9828,0
99997,0
103197,0
88607,0
14220,0
62095,1
33106,0
109067,1
18848,0
87479,0
94838,0
112572,0
119215,0
110651,0
86633,1
44055,0
45882,0
32102,0
23312,0
102506,0
9031,0
54305,1
37865,0
37710,0
54400,1
63147,0
51832,0
21222,0
53362,0
106367,0
116228,1
85233,0
39652,0
113241,0
59657,0
17523,0
41787,0
112859,0
14380,0
28458,0
16439,0
102667,0
117508,1
25762,0
8507,1
39587,1
82005,1
49769,1
3746,1
18076,0
79542,1
32244,0
32738,0
44762,0
60823,0
41154,0
4294,1
5544,1
85644,0
91162,0
92607,0
44138,0
21378,0
106623,0
34588,0
21165,0
47467,1
14874,1
80688,0
74153,1
98182,0
111783,0
94069,0
99573,1
113969,1
71891,0
115026,0
12432,1
47023,0
34148,0
25922,0
69935,1
25520,0
74652,1
116820,0
28541,0
43387,0
33493,0
42579,0
74192,1
13734,0
49679,1
11440,0
12824,0
78040,0
22757,0
80373,1
34236,0
119034,0
6388,1
90227,0
71521,1
79271,0
55792,0
64121,1
117627,0
56246,1
25119,0
80079,1
38151,0
39229,0
3161,1
73824,1
73885,1
90642,0
25355,0
19893,0
63938,1
8967,1
34925,0
3930,0
92052,0
94144,0
37975,0
5141,0
90351,1
5372,0
84210,0
107197,0
19502,0
108891,1
22178,0
101836,0
39350,0
69268,1
51184,0
86806,0
27292,0
25297,0
109286,0
80852,0
63615,1
4787,1
70439,1
26784,0
115381,0
78658,0
34689,0
50308,1
23495,0
80118,1
79063,1
68319,1
56243,0
88345,0
14381,0
10254,1
77402,0
75649,1
24332,0
72058,0
11357,1
36844,0
85408,1
58642,1
35508,1
31258,0
100853,0
51350,1
57214,0
59112,1
50043,1
85150,0
76656,0
108921,0
100272,0
82836,1
73903,1
19186,1
80011,0
117456,0
75727,1
89879,1
1092,0
57201,1
107182,0
100284,1
98851,0
60742,0
56264,1
101524,0
50893,0
112189,0
96370,0
44136,0
71158,1
12320,1
25161,0
111424,0
115255,0
7372,1
3027,0
114149,0
95374,0
17758,0
70276,0
82495,0
56689,1
18322,1
13956,0
76226,1
84259,0
41596,0
103635,0
5217,0
43482,0
73947,1
95917,0
33074,0
98302,0
40205,0
62891,1
25256,0
5518,0
47028,0
85306,0
65515,0
18209,0
62081,1
116765,1
89886,0
8848,0
53326,0
65107,0
81970,1
18413,0
118375,0
74181,1
17591,0
56667,1
68474,1
110501,0
7330,1
113096,0
42162,0
37430,0
17508,0
35620,0
94402,0
91826,0
63233,0
84040,0
117229,0
32638,0
111559,0
56342,0
105369,0
86112,0
13462,1
37116,0
24830,0
14507,0
21716,0
22163,0
66585,1
22049,0
55337,1
40932,0
102335,0
29958,0
39713,0
105040,0
48443,0
47688,1
60492,0
104774,0
97315,0
58523,1
53120,1
6728,0
13753,0
114371,0
69998,0
36272,0
56260,1
95352,0
40656,0
87541,0
68886,1
92830,0
2241,0
49298,0
82105,0
107876,0
15709,1
76387,0
56586,0
85032,0
79056,0
100556,0
13419,1
103301,0
110832,0
42997,1
61581,0
38230,0
98029,0
118290,0
66172,1
23742,0
91001,0
94257,0
67610,1
106588,0
90358,0
19480,0
62262,0
77608,0
702,0
107788,0
70466,1
43531,0
59511,1
110238,0
22352,0
39632,0
2310,0
76676,0
100630,0
81677,1
8818,0
5521,0
21471,0
5765,0
45539,1
23984,0
81876,1
77377,1
40531,0
67992,0
95523,0
92242,0
96323,0
12615,0
36281,0
39783,0
97930,0
66953,1
104649,0
28398,0
75566,0
54388,1
62704,1
100723,0
40749,0
97099,0
107697,1
103435,1
39972,0
118882,0
66866,1
65797,1
8691,1
14838,1
24867,0
102929,0
97891,0
47847,0
34350,0
117731,0
98225,0
97881,0
36795,0
94184,0
46162,1
117470,0
82088,0
32757,0
115307,0
65474,1
80964,0
65605,1
71997,1
72559,0
53619,1
59343,0
89631,0
22762,0
10428,1
98937,0
48650,1
64736,1
39420,1
47648,1
33779,0
39715,1
89188,0
20970,0
13984,0
8810,0
74899,1
82858,1
52584,1
111866,0
12184,1
65538,0
115608,1
34738,0
49807,1
113923,0
110096,0
7576,0
116340,0
47265,1
21627,0
6785,1
24323,0
112283,0
67851,1
30349,0
70672,1
107424,0
104647,0
11957,1
27025,0
110885,0
73777,1
28949,0
74983,1
90585,0
22384,0
74905,1
28884,0
6281,1
811,0
86792,0
18737,0
38834,1
3135,0
57382,0
19983,0
36640,1
84632,0
103847,1
17317,0
47714,1
116447,0
39443,0
50106,1
76987,0
98656,0
8727,0
7809,0
23080,0
112142,0
108648,0
104730,0
86797,0
117739,0
103583,0
36298,0
37174,0
39641,0
93607,0
60755,0
55205,1
13887,0
7128,1
63820,0
118393,0
80352,0
40069,1
45146,0
90783,0
64167,1
66685,1
54406,0
24531,0
10983,0
73994,1
67381,1
104606,0
40642,0
10893,1
914,0
21794,0
83891,0
40937,0
2612,0
3794,0
112199,1
20890,0
103376,0
58867,1
25424,0
92448,0
18640,0
86115,0
44127,1
35424,0
54841,1
94633,0
62249,0
88050,0
79952,0
56654,1
116477,0
60009,1
26629,0
105937,0
58547,1
110333,0
4336,1
24077,0
39608,0
64801,0
104852,0
59958,1
57586,1
53574,0
28524,0
96893,0
52286,1
52150,1
59040,0
110482,0
40941,0
62163,0
88502,0
96364,0
51960,0
77526,0
97086,0
58347,0
112048,0
108677,0
22546,0
739,0
77069,0
80785,0
115441,0
79373,0
83068,0
16368,0
37938,0
54409,1
15463,0
559,1
78100,0
5450,1
74005,1
3711,0
21003,0
118584,1
59726,1
12461,0
115811,0
67974,0
8199,0
31793,0
102554,0
39464,0
56159,1
114350,0
99508,0
118252,0
66197,1
12229,1
54353,1
53547,1
6758,1
14066,0
1862,0
102044,0
9566,0
93738,0
1272,0
53398,0
82387,1
117011,0
34891,0
117233,0
75505,1
50945,1
72105,0
35976,0
2058,1
7191,0
1762,0
37442,0
46231,0
118999,1
78347,0
6272,1
7658,1
24985,0
80477,1
33532,0
41869,0
52046,0
67817,0
56232,0
61872,1
33881,0
45938,1
36099,0
72188,1
69565,1
103246,0
8103,0
94623,0
56759,0
117100,0
44123,1
53780,1
103202,0
58021,0
27754,0
68842,0
71574,1
71017,0
98695,0
115176,0
91533,0
74362,1
58854,0
60719,0
4049,1
11674,1
29936,0
7029,0
44330,1
112318,1
55633,1
46553,0
48814,0
6036,0
35305,1
97244,0
66001,1
53997,1
96548,0
42079,1
24394,0
33022,0
62960,1
94142,0
3590,1
54717,0
28952,0
102818,1
70296,1
49493,1
2380,1
49361,1
55756,1
12021,0
74332,1
11706,1
26051,0
11777,0
46098,1
1581,0
66717,0
79593,0
45139,0
12510,1
71332,1
86842,0
19237,1
27834,0
1702,0
2570,0
82384,1
113362,0
107909,0
51261,1
65198,0
32750,0
48278,1
3122,0
8300,1
12328,0
79950,0
109166,0
6582,0
76072,1
69181,0
5006,1
73446,1
118182,0
111459,0
14332,0
105208,0
35594,0
82756,1
10373,1
19425,0
40429,0
97380,0
118322,0
81120,1
106799,0
77293,0
108981,0
102296,0
75931,1
116266,0
113170,0
92291,0
21034,0
3705,0
80830,0
39413,0
54231,1
69395,1
65477,1
37246,0
41843,1
20680,0
114760,0
90146,0
46835,1
93625,0
12238,0
91253,0
76739,0
46658,0
114271,0
101925,0
88718,0
2223,1
109516,0
113279,1
70828,1
10398,0
16666,0
103434,1
26812,0
95211,0
117779,0
34952,0
66388,0
69749,1
10962,0
110468,0
52423,0
63,0
6971,0
76103,1
105169,0
89329,0
66165,0
47207,0
116288,0
67185,1
28560,0
14423,0
118173,0
58987,1
78610,0
5114,0
42798,1
25443,0
35910,0
69779,1
111868,1
111011,0
63413,0
82386,1
69190,0
81959,1
15590,0
86839,0
81140,0
56919,1
56868,1
94927,0
17187,0
17952,0
7445,0
89871,0
27568,0
88430,0
55096,1
98361,0
53853,1
11195,1
54336,1
12500,1
87213,0
74705,0
26572,0
117409,0
101163,0
99369,0
93472,0
105229,0
25507,0
15605,0
82515,0
86883,0
57136,1
59056,1
41023,0
13692,0
109330,0
72260,0
35329,0
69866,1
49784,1
64327,1
89972,0
16697,1
100804,0
17178,0
91578,0
77405,0
61680,0
66126,0
30566,0
54295,1
59560,1
45479,1
9121,0
8864,0
117592,0
63966,0
63466,1
23638,0
64536,1
40509,1
100689,0
13352,1
81429,0
64835,1
7589,1
90503,0
17947,0
1475,0
100154,0
32667,0
115262,1
63243,0
110404,0
64193,1
37094,0
35876,0
59386,0
8626,1
8825,1
41788,0
118662,0
26728,0
83123,0
28919,0
56315,1
21645,0
81662,0
91572,0
75187,1
63255,1
116453,1
2351,0
34986,0
86950,0
79737,0
111596,0
62757,1
107823,0
91028,1
108164,0
3031,0
80026,0
112676,0
51779,0
10,0
81735,1
105511,0
86138,0
94462,0
88261,0
38293,0
96771,0
93502,0
72657,0
53663,1
103219,0
45537,1
23152,0
107371,0
27854,0
32989,0
66708,1
80183,0
41135,0
116979,0
30830,0
53287,1
79682,0
7718,0
39430,0
30227,0
47130,0
75542,1
106161,0
75145,1
50541,0
93627,0
112241,1
45689,0
57381,1
56271,0
106582,0
44611,1
10874,1
108522,0
60429,1
42608,0
110629,0
9408,0
68974,0
101202,1
66065,1
82513,0
4845,0
36838,0
89832,0
86194,1
101532,0
40406,0
6506,0
96026,1
66439,0
66766,1
62619,1
72414,0
109077,0
756,1
12282,1
118856,0
88700,0
104125,0
88627,0
19982,0
105843,0
118980,0
116561,0
60877,1
78564,0
103012,0
9057,0
12956,0
32872,0
35347,0
118471,1
29038,0
5773,1
40603,0
73207,1
27317,0
100567,0
52042,1
103073,0
68085,1
78480,0
92623,1
42741,0
99822,0
47733,0
64091,0
77961,0
35844,0
108612,0
48399,1
84675,0
103117,0
61648,0
78535,1
34090,0
3581,0
87601,0
40325,0
37805,0
9841,0
62321,1
111836,0
30797,1
104529,1
103063,0
34774,0
103871,1
58602,1
82551,0
91936,0
27013,0
7670,0
110599,0
106640,0
42465,1
103479,0
43801,0
31774,0
94848,0
36952,0
59385,1
11778,1
58953,1
13797,0
72179,1
35090,0
27085,0
66769,1
1794,0
15471,0
109093,0
101195,0
99353,0
40127,0
116788,0
43471,0
44247,0
72295,1
9421,1
45143,1
15548,0
100285,0
106787,0
64324,0
38643,0
117169,0
82334,0
64957,1
43478,0
94182,0
119072,0
45978,0
46851,0
13216,0
118644,1
94830,0
63040,1
69256,1
86428,0
46505,1
115906,1
114854,0
13875,0
82531,0
74621,1
29336,0
106419,1
103614,0
43953,1
60766,1
87529,0
6882,1
111116,0
25851,0
110556,1
97590,0
23444,0
16874,0
56028,1
83735,0
14812,1
10227,0
57885,1
37740,0
32495,0
5480,1
15559,0
93694,0
47199,0
14626,0
39658,0
47094,1
9693,0
54848,1
17738,0
34202,0
74072,1
38165,0
82909,1
88687,0
23604,0
93404,0
21216,0
87404,0
23421,1
40488,1
102450,0
76416,1
1523,0
27995,0
95883,0
64861,0
56358,1
70207,1
42357,1
3107,0
19173,0
19728,0
11372,0
85173,0
88019,0
81152,0
108387,1
51214,1
74529,1
72482,1
50280,1
76564,1
70524,1
88028,1
3394,1
36935,1
7360,0
95136,0
30037,0
27919,0
97136,0
48276,1
54936,1
41465,0
89848,0
117192,0
76206,1
80669,0
101638,0
96243,1
72161,1
71893,1
49878,0
110991,0
27002,0
86064,0
87918,0
73612,1
34193,0
108346,0
92479,0
71369,0
12680,0
33612,0
113647,0
111145,0
97343,0
110025,0
62765,1
53121,1
97869,0
80815,0
109195,0
10777,1
54051,1
80534,0
34098,1
6255,0
73859,1
32359,0
23931,1
116120,0
64128,1
114284,0
22032,0
74456,1
43921,1
7497,0
88764,0
113202,1
23259,0
53051,1
4714,0
103325,0
46270,0
33654,0
9298,0
16575,0
16239,0
92485,0
113877,0
1743,0
20883,0
42252,0
17301,0
13135,1
21202,0
19572,0
58490,1
5688,0
48829,1
36330,1
99546,0
104432,0
91523,0
118990,0
85330,0
11056,0
8853,1
23338,0
20990,0
82351,1
78533,1
73177,1
35150,0
11539,0
92178,0
28265,0
37949,0
73501,1
34528,0
55733,0
7177,0
68144,1
66159,0
25791,0
13678,1
73113,1
53258,1
71751,0
86331,0
5514,0
83086,1
93570,0
93596,0
52710,1
76045,1
106325,0
5572,1
4122,1
21717,0
3172,0
68846,0
40323,1
69082,0
43470,1
109311,0
76918,1
71648,1
62075,1
81338,1
31645,0
5644,0
35933,0
41628,0
25453,0
78565,0
19036,0
22084,0
102447,0
110031,0
86066,1
38736,0
42218,0
86274,0
65065,0
112840,0
101590,0
114769,0
9063,1
54689,1
93668,0
76488,1
111585,0
48184,0
69244,0
86974,1
92922,0
113932,1
17035,0
74973,1
46738,0
5120,0
99564,0
84437,0
84938,0
94948,0
12771,1
24219,0
112035,0
119062,0
94369,0
108592,0
80945,0
67785,0
8053,0
103797,0
105895,0
10156,0
90188,0
27598,0
73268,1
109636,0
78605,0
34320,0
89853,0
70419,0
48931,1
36590,0
29522,0
41406,0
49336,0
13629,1
1459,1
56036,1
17624,0
56706,1
67165,0
58884,1
103868,0
75640,1
18254,0
96208,0
47003,0
9576,0
13258,1
43688,0
15743,0
112998,0
2804,0
100250,0
5300,1
10179,0
41091,0
91404,0
14142,0
110311,1
113217,0
26370,0
28529,0
116137,0
78642,1
99964,0
44894,1
44420,1
115671,0
43917,1
102983,0
26771,0
89999,0
118512,0
32121,0
78735,0
88896,0
89003,0
82870,1
50497,1
14322,0
54417,1
87901,1
43503,0
87666,0
82923,1
9135,0
103476,0
27938,0
24429,0
46675,0
107018,0
101015,0
89991,0
902,0
102461,0
30847,1
80465,1
42418,0
18901,0
99472,0
39389,0
61370,0
83083,0
8444,0
94146,0
17977,0
39198,0
94535,0
114223,1
102564,1
16610,0
18990,0
61056,1
81507,0
53265,1
7728,1
25787,0
116576,0
82524,0
18010,0
9690,1
113119,0
30123,0
47617,1
119129,1
10624,1
46201,0
7022,1
102071,0
41416,0
26764,0
94622,0
21867,0
103823,0
116479,1
108477,0
49358,1
56040,1
64407,1
97479,0
81788,1
53677,1
84978,0
46008,1
65361,0
68468,1
116116,0
96791,0
1436,0
85379,0
98191,0
77334,1
113020,1
79883,1
35390,0
108621,0
50991,0
75165,1
69660,1
106099,0
74896,1
94251,0
115285,0
86638,0
8772,0
117317,0
64803,1
24226,0
2657,1
88872,0
22709,0
52752,1
38330,0
117550,0
20567,0
1005,0
36381,0
61473,1
97523,0
283,0
55548,0
117309,0
82118,0
95402,0
54107,1
115530,0
90942,0
118148,0
76308,1
5242,1
83208,0
108056,0
12042,1
110390,0
20009,0
95217,0
43579,1
68456,1
54458,1
91846,0
13370,1
6852,0
70750,1
72376,1
118560,1
39407,0
2457,0
837,0
29800,0
90200,0
4382,0
66984,1
22850,1
110417,0
32636,0
77648,0
29183,0
63044,0
111766,0
93868,0
103915,1
89171,0
20151,0
1786,0
43074,0
7388,0
56463,1
28783,0
16213,0
7261,1
43627,0
12091,0
59598,0
107599,0
84569,0
111699,0
55642,1
113258,0
37494,0
46130,0
14546,0
93988,0
7365,0
118488,0
90138,0
53130,1
69506,1
22,0
53449,0
81217,0
70518,1
106141,0
17585,0
52444,1
34140,0
64800,1
47380,0
36056,0
77949,0
1341,0
3516,0
74869,1
18725,0
108,1
66968,1
5995,0
41008,1
20713,0
59693,1
71588,0
7189,1
67876,1
66007,0
89893,0
8972,1
63339,1
23515,0
29186,0
4969,0
22959,0
77805,1
113031,1
94288,0
71403,1
53085,1
52196,1
69798,1
70756,0
110230,0
15551,0
77219,1
14078,0
83036,1
94515,0
28693,0
114498,0
22773,0
27696,0
118328,0
70906,1
82169,1
70,1
89299,0
70304,1
54902,1
75496,1
58011,1
45404,0
20443,0
15324,1
109508,1
100675,0
68365,0
47826,0
14094,0
37182,0
67168,1
17196,0
81804,1
94657,0
67287,0
31811,0
61147,0
1114,1
14647,0
66832,1
106968,0
42329,0
102662,0
76815,0
50984,1
22396,0
109758,0
50267,1
54196,1
6221,1
78114,0
69390,1
33312,0
1696,0
94233,0
85545,0
69344,1
75330,1
5048,0
41663,0
17860,0
12951,1
26954,0
81323,0
18931,0
3517,0
94607,0
69853,1
83657,0
81412,0
115074,1
50820,1
9779,0
108623,0
18215,0
34032,1
30714,0
87066,0
37596,0
100861,0
77024,0
77694,1
28788,0
61506,1
20538,0
81754,1
115329,0
119160,0
57967,1
41459,1
83311,0
39274,0
19956,0
84004,0
72762,0
31803,0
4285,1
50519,0
86706,0
69435,0
11018,0
38700,1
101893,0
13230,0
52590,0
77466,0
103830,0
86632,1
11224,1
48120,0
12495,0
66700,1
91171,0
30772,0
53372,0
91679,0
77723,0
98888,0
56791,1
26993,0
78245,1
102904,0
16475,0
103313,0
113758,0
26962,0
111388,0
8449,0
104158,0
84230,0
17835,0
2003,0
74807,1
118758,1
34017,0
61902,0
21057,0
111251,0
117729,0
10445,0
16694,0
67562,0
60047,1
107815,0
47484,1
78185,0
71284,1
84534,0
59746,1
67246,1
74450,1
83643,0
108876,1
38455,0
18779,0
29610,0
14452,0
100496,0
14334,0
51166,0
18479,0
31121,0
100122,0
86802,0
81586,1
105699,1
62503,1
87910,1
10066,1
71231,1
62171,0
86903,0
4731,0
20920,0
32734,0
109770,0
72987,0
83567,0
111784,1
43321,1
18776,0
12885,0
119216,0
100897,0
76042,1
96040,0
28236,0
67276,0
3648,0
114031,1
39920,1
113179,0
46613,0
68362,0
53751,1
5918,1
77532,0
99189,0
15332,1
52555,1
54265,1
64716,1
74394,1
71904,1
110288,0
82365,1
49513,1
65073,1
75342,1
14268,0
107085,0
7016,1
58579,1
45535,1
84774,0
13773,0
60038,0
2237,0
75152,1
63113,1
112209,0
8306,0
29932,0
8173,0
28175,0
68602,1
27976,0
78646,0
19485,0
7553,0
96822,0
100975,0
68096,1
82918,1
107436,0
112179,1
28710,0
35919,0
76606,0
29105,0
17007,0
60111,1
65487,1
106740,0
84703,0
87672,0
17420,0
57324,0
16769,1
65051,1
58046,1
48341,0
58270,1
63010,1
80893,0
71977,0
58475,1
75089,1
74751,1
71774,1
83297,0
42881,0
42269,0
45733,0
105674,0
112085,0
46877,0
93239,0
100343,0
1790,0
14899,1
2883,0
50036,0
23109,0
39040,0
2296,0
67573,0
9754,1
80838,1
118955,0
108273,0
66195,1
40366,0
63743,0
43884,1
68884,1
86990,1
36522,0
75091,1
110327,0
80404,1
102439,0
69036,0
96573,0
65728,0
86918,0
86515,1
84206,0
44027,0
86577,0
57749,1
102346,1
107448,1
20747,0
93127,0
20694,0
113759,0
27520,0
81048,1
17090,0
34693,0
119240,0
16975,0
51618,0
454,1
47606,1
69981,1
76064,1
3802,1
67308,1
40357,0
79620,0
19108,0
57138,1
113144,1
267,0
49102,1
49007,1
59336,1
112719,0
43474,0
106245,0
59742,1
22473,0
7248,0
69732,1
90488,0
119023,0
8440,0
65528,1
46887,1
75138,1
114627,0
29994,0
1813,0
106698,0
117455,0
90111,0
91640,0
21301,0
17886,0
70516,1
3412,0
37939,0
68324,1
72406,0
116196,0
10084,0
90748,0
101274,0
97635,0
106380,0
33134,0
40478,1
102770,0
96815,0
1337,0
23341,0
6057,0
4922,0
106503,0
76849,0
73182,1
26164,1
71626,1
10503,0
22896,0
79893,0
48100,0
114003,0
33149,0
28769,0
63429,0
28170,0
98804,0
11533,0
23953,0
106749,0
102398,0
118503,1
100608,0
97477,0
98237,0
95301,0
77449,1
4880,1
47323,1
1771,0
27538,0
23297,0
56225,0
115500,0
100090,0
57575,1
113003,1
99439,0
89037,1
113726,0
104783,0
46111,0
88460,0
28813,0
89949,0
86031,0
77540,1
12398,0
36498,0
115399,1
66977,1
97141,0
45032,0
94128,0
3093,0
99003,0
71632,1
21288,0
17555,0
68053,1
20029,0
17235,0
48552,1
30021,0
68727,1
55290,1
26787,0
49922,0
104377,0
72608,0
33607,0
46873,1
60787,0
10303,0
536,1
38472,0
39243,1
14901,0
18546,0
114293,1
95284,0
4522,0
64451,1
24948,0
104722,0
60565,0
1628,0
102704,0
84533,0
107429,0
55596,0
34827,0
19380,0
89051,0
63866,1
112661,0
25549,0
48596,1
54522,1
37941,0
65206,0
75948,1
95730,0
75259,1
101779,0
100798,0
78087,1
19033,0
116827,0
78389,0
86440,0
13618,1
108882,0
61077,1
103038,1
102899,0
92838,0
118394,0
33787,0
79449,1
10177,0
49557,1
62001,1
102352,0
103744,0
20416,0
26568,0
104316,0
107097,0
81138,1
72245,1
111738,1
15562,0
109731,0
107839,0
50270,0
28677,0
54342,1
6805,0
84033,0
94911,0
71138,0
13261,1
28678,0
42190,0
8028,1
66660,1
43938,1
47812,0
37841,0
41564,0
14918,0
14690,1
31725,0
71927,1
9522,1
112508,0
19181,1
47001,0
118123,0
68300,1
3589,1
19433,0
88495,0
92359,0
14105,0
108267,0
31233,0
81603,0
72696,1
29113,0
99930,1
45268,0
19217,1
80685,0
96450,0
35409,0
16845,0
18436,0
38505,0
96931,0
2894,0
71209,1
98269,0
29695,0
84759,0
90124,0
43227,0
60572,0
2730,0
62471,1
92482,0
83243,0
71310,1
90004,0
68751,0
102698,0
68885,1
19245,0
57075,1
31072,0
34894,0
69638,1
31891,0
88432,0
8390,0
12248,1
71980,0
12241,1
79621,0
97439,0
110381,0
73740,1
15802,0
9178,0
44672,1
88042,0
46747,1
72680,1
99608,0
116465,0
68570,1
97987,0
88438,0
112739,0
117425,0
78723,0
82951,0
2891,0
2042,0
28197,0
94792,0
24841,0
16009,0
70733,1
117667,0
67473,1
20330,0
109001,0
24944,0
29866,0
22520,1
23619,0
49979,1
1903,0
83406,0
107250,0
26949,0
4236,0
25786,0
90799,0
104884,0
2056,1
95335,0
46298,0
78140,0
74052,1
34707,0
39934,0
86679,1
24336,0
96184,0
38686,0
109060,0
114402,0
57141,1
19695,0
459,0
70255,0
79293,0
96994,0
93984,1
91187,0
91984,1
26376,0
35204,0
72978,1
17811,0
37293,1
55315,1
80053,0
92370,0
80738,0
99613,0
67487,1
114438,1
61992,0
79949,1
22108,0
30296,0
78870,0
58681,1
27526,0
114878,0
7611,0
3805,1
36613,0
44997,1
99538,0
104629,0
93012,0
90714,0
65807,0
110676,0
55113,0
8159,0
35668,0
6786,1
4296,1
17602,0
25554,0
102179,0
67666,0
115474,0
118239,0
72283,0
71653,0
9920,0
6696,0
74400,1
104727,0
5727,0
72292,0
67550,1
47551,0
15833,0
108316,0
109366,0
25810,0
43854,1
95736,1
68710,0
13819,0
56037,0
24398,0
72603,0
109861,0
77742,0
105076,1
9646,0
78838,0
81434,0
18208,0
100238,0
21916,0
67547,1
14683,1
11918,0
109423,1
41946,0
55057,1
84464,0
82808,1
58755,1
73059,1
53609,1
27162,0
71476,1
80887,0
1318,0
50254,0
28424,0
13430,1
32492,0
112514,0
86623,0
111593,0
16129,0
56937,1
70040,1
112208,0
71412,0
13320,1
90720,0
62297,1
33390,0
54627,0
36340,0
104827,0
13838,0
23305,1
48373,1
63502,1
89092,0
72856,1
99074,0
110865,0
56214,1
67466,0
53695,0
27717,0
80663,0
53319,1
31426,0
38633,0
29551,0
72411,0
5711,0
17175,0
12204,0
3429,0
117776,0
49057,0
105681,0
23989,0
43793,0
69356,1
51442,0
3575,0
32880,0
93350,0
109128,1
34003,0
67597,1
63006,1
14986,1
27944,0
94178,0
87140,0
103471,0
44767,0
4997,1
105856,0
15668,1
15333,0
71206,1
1955,0
75600,0
88592,0
66460,0
27868,0
78614,0
69664,1
18965,0
5666,0
104524,0
96345,1
109376,0
58505,1
108919,0
61071,0
56798,1
60367,1
110767,0
67917,1
30047,0
84228,0
34576,0
10560,0
61577,1
71451,0
82679,0
105228,1
112666,0
106542,0
38343,0
54656,1
77883,0
59974,1
119211,0
13470,1
35765,0
94477,1
2346,0
4374,1
111000,0
25384,0
31365,0
768,0
9228,1
30490,0
22626,0
18477,0
76694,0
85177,0
84140,0
30412,0
21364,0
114475,0
39707,0
51869,0
64228,1
3525,1
31794,0
37932,0
98224,0
101456,0
57049,1
101314,1
5365,1
108361,0
88976,0
60069,0
82750,1
46682,0
52707,1
115834,0
29173,0
73400,0
22110,0
51074,1
27595,0
103022,0
56382,0
84608,0
113392,0
103205,0
3495,1
45176,0
7232,1
1020,1
29399,0
64080,1
29718,0
10752,0
87483,0
90310,0
28843,0
215,0
8077,1
98980,0
87682,0
59643,0
41420,0
32205,0
17010,0
29370,0
87949,0
27377,0
22413,0
99455,0
109875,1
103558,0
101548,0
97418,0
87146,1
82538,0
100965,0
32357,0
86880,0
76979,0
111013,0
67145,1
105590,1
116454,0
93809,0
88045,0
14659,0
15980,0
16419,0
97021,0
67193,1
26551,1
17251,0
74403,1
63737,1
5515,1
99662,0
96103,0
101621,0
54515,0
16191,0
95959,0
41784,0
118950,0
56425,0
38703,0
117992,1
87575,0
52350,1
53809,1
58371,0
33350,0
41655,0
29450,0
28960,0
67415,1
89690,0
31741,0
4886,0
22741,0
75140,1
22328,0
36043,0
100393,0
27342,1
28407,0
79310,0
45751,0
12751,0
98265,0
24738,0
25579,1
106809,0
58802,1
109078,0
114589,0
21124,0
85156,0
80742,0
51915,0
104551,0
103627,0
71340,1
71623,1
85327,1
19477,0
109555,0
70821,1
99683,0
62367,1
107008,0
100444,0
83663,0
72906,0
47398,0
24197,0
113869,0
46861,0
65141,1
13346,1
103388,0
72142,1
73001,0
46757,1
107023,0
28797,0
23667,1
52511,1
65244,1
114063,0
110760,0
6410,1
84244,0
59768,1
97011,0
115745,0
117021,0
93274,0
20091,0
102391,1
16469,0
53798,1
70846,0
1491,1
74943,1
39132,0
47531,1
116439,0
58196,0
12057,1
56568,1
27882,1
104118,0
73297,1
79328,0
21499,0
69099,0
37104,0
103571,0
71303,0
15716,1
9309,0
22474,0
101101,0
16347,0
54241,1
61749,0
57650,0
86698,0
48421,1
62181,0
28020,0
43639,0
108600,0
33513,0
19518,0
29204,0
107444,0
85822,0
109287,1
100924,0
85469,1
89241,0
16054,0
100117,0
77245,1
33211,0
26577,0
117780,1
54646,1
38115,1
35570,0
79851,1
17212,0
105396,0
104441,0
30644,0
88936,0
37189,1
69997,1
56840,0
31931,0
27208,0
24371,0
34299,0
48343,0
22776,0
77534,0
44162,0
58325,1
70838,1
83951,0
98913,0
65410,0
104505,1
5840,1
90576,0
4238,0
98502,0
77971,0
37695,0
25364,0
114990,1
32877,0
15616,0
56025,1
39676,0
35194,0
40161,1
82672,0
60318,1
19666,0
3900,1
93199,0
84074,0
73865,1
8547,0
32156,0
117226,0
81390,0
70462,1
94384,0
111743,0
6073,0
21557,0
67840,1
87552,0
90655,0
3500,1
4902,1
86452,0
15393,0
65320,1
114587,0
112123,0
51579,1
86023,0
116663,0
82618,0
16441,0
57111,0
114815,0
74604,1
10878,1
46168,0
56855,1
76225,1
61610,0
15068,0
56805,1
77233,1
31114,0
96216,1
42389,0
83242,0
111694,0
14496,0
68222,1
61343,1
1156,1
82443,0
83535,0
20464,0
42873,0
90817,0
32707,0
13004,1
81893,1
79331,0
32754,0
48914,0
64148,1
87360,1
77258,1
81417,0
6131,0
118354,0
10183,0
61108,1
4052,0
84860,0
12921,1
30070,0
44416,1
76613,0
8591,1
10817,1
50442,0
24882,0
52948,1
19175,0
103511,0
76949,1
16344,0
109729,0
56454,0
7070,1
16895,1
6295,0
75167,1
80679,0
112030,0
8292,1
79611,1
102738,0
96059,0
88467,0
35214,0
50919,0
89429,0
96394,1
109734,0
61019,1
119376,0
94232,0
31603,0
56902,1
73469,0
80475,1
104846,0
13652,1
90234,1
19203,1
111235,0
24684,0
53863,1
62439,1
62018,0
32204,0
42856,0
9798,0
116980,0
101696,0
52506,0
57986,1
104858,0
96408,0
13886,0
80750,1
17526,0
55550,0
25144,0
104950,0
95459,0
41845,1
68645,1
69618,1
18478,0
110196,0
55465,0
82258,0
10013,0
47252,1
59132,1
55023,1
38462,0
94277,0
108740,0
113751,0
16388,0
32260,0
5903,0
109893,1
29937,0
112476,0
109190,0
99640,0
46782,0
16077,1
104664,0
78964,0
61714,1
48641,0
58925,0
3289,0
97701,0
79761,0
67191,1
24520,0
12699,1
70760,1
34569,0
4255,0
48253,1
77844,0
34171,0
45796,0
33988,0
24702,0
78929,0
115858,0
60933,0
42568,0
18608,0
8225,0
55159,1
95511,0
117720,1
117150,1
8033,1
11168,1
50489,1
6245,1
20434,0
78726,0
8342,0
37422,0
6344,0
65508,1
110222,0
25351,0
111814,0
87469,0
84566,0
55083,1
88274,0
31494,0
45779,0
16406,0
69223,1
48723,0
99398,0
112024,0
73583,1
46811,0
25710,0
3947,0
19257,1
24208,0
104418,0
19898,0
6581,1
84161,0
41853,0
42170,0
32007,0
44748,0
11965,1
99619,0
5539,1
60925,1
68045,0
39746,0
77239,0
62906,1
114304,0
80690,0
37110,0
29944,0
3331,0
71510,0
62184,1
50485,1
16767,0
20294,0
14167,0
115710,0
46052,1
76716,0
72731,1
17796,0
7762,1
39550,0
103198,0
13392,0
89813,0
22524,0
117178,0
16816,0
31988,0
69505,1
40485,0
70084,1
92368,0
3431,0
20642,0
69021,0
65170,1
55441,1
43851,1
27985,0
18879,1
62530,1
10608,1
48321,0
109408,0
26880,0
52705,1
66631,1
115212,0
116398,0
82754,1
114239,0
50200,0
29824,0
22488,0
29693,0
97602,0
65642,0
45986,1
96293,0
46565,0
29540,1
102191,0
30744,0
95715,0
2523,0
118279,0
76516,1
52733,1
7982,1
10739,0
103241,0
80904,0
45245,1
65260,0
7800,0
44215,0
113291,0
85051,0
28980,0
111242,0
65021,0
48539,1
24402,0
85,0
76208,0
58299,1
41692,0
21310,0
55005,1
80032,1
98776,0
75891,1
105615,1
47496,1
17205,0
100970,0
91402,0
8963,1
98179,0
56460,1
37834,0
28041,0
105275,0
99400,0
93581,0
80510,1
74569,1
49760,1
116110,0
49196,1
58761,1
52349,1
72927,1
80749,1
53961,0
116691,0
66889,1
107780,1
61964,0
110952,1
9618,0
55064,1
98471,1
47899,1
66741,1
4960,0
60401,0
85402,0
8152,0
47300,0
111571,0
20025,0
50070,0
91016,1
61471,0
94977,0
34646,0
99918,0
17098,0
6117,0
118283,1
71532,1
116890,1
88285,0
60497,0
34027,0
91209,0
103686,0
9701,0
77343,1
64782,0
226,0
87352,0
7558,1
49552,1
88506,0
114825,0
18511,0
12557,1
54333,0
61987,1
33587,0
97320,0
24296,0
30499,0
45691,0
22070,0
98393,0
91970,0
13436,0
60768,1
30155,0
44553,0
99059,0
52366,1
111708,1
26619,0
106269,0
56873,1
99970,0
57823,0
81158,0
90641,0
99163,0
26230,0
95916,0
102941,0
19281,0
52528,1
69723,0
82903,1
113812,1
104143,0
56789,1
37234,0
29776,0
67151,1
2191,1
32705,0
62624,1
57107,1
105149,0
38209,0
33967,0
105526,1
98434,0
117976,0
116666,0
106933,0
43196,0
79715,0
877,0
94092,0
63068,0
119269,0
69141,0
12822,0
101898,0
14427,0
73663,0
30261,0
99752,0
47699,0
106386,1
68019,1
104589,0
76165,1
92423,0
17475,0
37417,0
91574,0
67854,0
48075,1
30652,0
20200,0
113265,0
48828,0
27562,0
101786,0
62888,0
3282,0
37799,0
111546,0
62190,1
85279,0
55297,1
7091,0
14379,0
117326,0
38285,0
51502,1
87105,1
20411,0
26348,0
60224,1
3386,1
91708,0
4456,0
33855,0
75743,1
79907,0
89233,0
37142,0
89968,0
20231,0
42538,0
74123,1
41525,0
107821,0
13213,1
60912,0
107338,0
21426,0
55354,1
56353,1
14185,1
6439,0
41482,0
52093,0
111065,0
64874,0
20768,0
65878,0
35484,0
10266,1
103800,0
47525,0
99579,0
16234,1
101579,0
46055,1
90979,0
86751,0
62848,1
98598,0
36974,0
28242,0
75637,1
101540,0
68354,1
50343,1
23367,0
68249,1
84283,0
1246,0
17309,0
76233,1
3511,1
114879,1
68552,1
116597,0
111633,0
25835,0
89947,0
72244,0
91546,0
64518,0
15361,0
105821,0
112900,0
25813,0
24301,0
13109,0
102644,0
35736,0
70814,1
116792,0
6384,1
110170,0
11033,1
98544,0
86562,0
47538,0
28676,0
8064,1
87800,0
12599,1
39579,1
37878,0
43330,1
85223,1
9917,0
84168,0
64010,1
30862,0
62541,1
18959,0
65001,1
94814,1
69241,1
29360,0
86332,0
84160,0
61265,0
34594,0
111112,0
74502,1
110384,0
88270,0
39596,0
14805,1
16159,1
30294,0
27247,0
116405,0
18414,0
53422,1
23118,1
116301,1
69785,1
116936,0
86297,0
55406,1
87322,0
32732,0
86172,0
3,0
29458,0
22787,0
114833,0
115899,0
5398,1
54706,0
54591,0
114087,0
96746,0
38871,0
78051,0
43414,0
4443,0
96621,0
55906,1
36555,0
119297,0
1367,1
107513,0
83493,0
107157,0
58464,0
38908,0
62294,0
79065,0
60236,1
56691,1
42009,0
95629,0
55698,1
34408,0
90486,0
67014,1
118897,0
95837,0
20523,0
21697,0
91074,0
107672,0
59384,0
43683,0
53982,1
99517,1
77034,1
26122,0
81854,1
112236,0
118939,1
32515,0
46292,0
14328,0
45973,1
95655,0
50788,0
109749,1
43477,0
59801,0
30536,0
48084,0
64700,1
55789,1
88079,0
75319,1
41600,0
80542,0
79966,0
68821,1
78571,0
92280,0
83633,0
79086,0
90016,0
41780,0
6357,1
48935,0
17695,0
24385,0
108246,0
567,0
24424,0
107505,1
47879,0
115814,0
48122,0
7584,0
37097,0
42380,1
37214,0
18152,0
76894,0
26257,0
87366,0
9892,0
51423,1
108572,0
95565,0
100553,0
105258,0
88754,0
7851,0
38182,0
106619,0
108180,0
91551,0
109598,0
89854,0
70488,1
49905,0
103235,1
96538,0
43499,0
103801,1
101167,0
101434,0
48721,0
23277,0
78801,0
67927,0
59471,1
1384,1
4932,1
81474,0
106924,0
96286,0
27118,0
35613,0
99979,0
27388,0
115023,0
38424,0
59020,0
82465,0
67966,0
16563,1
75246,1
110319,0
63914,0
20178,0
107247,0
57443,1
27099,1
89996,0
54955,0
68462,1
613,0
110919,0
14152,0
40617,0
17204,0
2617,0
4888,0
87311,1
100478,1
64492,1
39839,1
117545,0
71475,1
9050,0
66574,0
62316,1
49567,0
106347,0
79847,1
97070,0
18942,0
22624,0
114097,0
48824,1
44908,0
4428,0
34665,0
41546,0
18484,0
109857,0
56259,1
65271,0
20385,0
19781,0
101345,0
98522,0
22712,0
90220,0
39987,1
68371,1
32131,0
95303,0
55954,1
94452,0
25323,0
51605,1
75565,0
75405,1
66497,0
116769,0
53974,0
940,0
54365,1
92873,0
59151,1
88851,0
45659,0
73171,1
103229,0
5716,1
5992,0
46365,0
57942,1
99479,0
59589,1
91586,0
83389,0
47955,0
24026,0
86245,0
14462,0
52886,1
51356,1
97908,0
63669,1
27852,0
52839,1
49773,1
26473,0
94480,0
38662,0
82150,1
117833,0
87817,0
78322,0
1060,0
83914,0
84129,0
50554,1
15653,0
41170,0
47377,0
89917,0
4986,1
25455,0
83305,0
9923,0
149,1
21542,0
115638,0
48766,1
96973,0
100171,0
71165,1
118612,0
13371,1
81331,0
86231,0
95007,0
115355,0
25137,0
51711,1
74440,1
91125,0
35061,0
3294,0
45936,0
79732,1
47978,0
2125,0
58585,1
57573,0
23714,0
45569,1
93878,0
13355,0
105455,0
22750,0
118277,0
60116,1
52340,1
37101,1
110927,0
13530,0
45173,1
94648,0
110550,0
67286,0
73183,1
51707,1
27713,0
28879,0
68460,0
28087,0
7488,0
7680,1
100240,0
93498,0
72863,1
37764,0
52233,1
1605,0
82939,1
78638,1
59555,0
18411,0
78471,0
43001,0
7195,1
13353,0
80733,1
8607,1
72088,1
70492,1
117081,0
100776,1
105961,0
118678,0
11191,1
53025,1
65377,1
110043,0
118206,1
1660,0
36889,0
49625,1
61045,0
27155,1
2693,0
57912,0
6301,1
1240,0
37881,0
7278,0
4626,1
39463,0
101732,0
9053,0
35695,0
55166,0
48972,1
63150,1
68770,1
113417,1
82270,0
64561,1
92488,0
55486,1
2084,0
112137,0
836,1
28355,0
20823,0
48531,1
95277,0
9616,1
16899,0
74098,1
52142,1
85258,0
6933,0
34295,0
93982,1
113675,0
53421,1
102093,0
23910,0
118114,0
49235,0
10821,0
13362,0
3330,0
54341,1
95445,1
24743,0
33183,0
20881,0
24234,0
111535,0
36233,0
43073,0
1034,0
21669,0
23585,0
88363,0
41916,1
30122,0
55316,1
115001,0
10470,0
19878,0
103315,0
43678,0
26470,0
23354,0
24878,0
95055,0
21847,0
63934,0
78788,1
81332,0
91862,0
3014,0
23481,0
105057,0
8066,0
73703,1
62854,1
8394,0
64397,0
41441,0
112296,0
76027,1
11542,1
60092,1
39414,0
19006,1
27913,0
30040,0
58764,0
19444,0
72804,0
61215,1
7264,0
20877,0
111427,1
106252,0
43714,0
52737,0
109780,0
41228,0
99155,0
101731,0
32826,0
86073,0
95855,0
66820,1
79822,0
2224,0
42504,0
19552,1
38593,0
76397,0
26686,0
47212,1
117046,0
80210,0
18137,0
68508,1
77063,0
93980,1
17564,0
97307,0
62767,1
27578,0
70857,1
9485,1
55002,0
44461,1
110065,0
90849,0
31100,0
60994,1
108092,1
36938,1
33642,0
77953,0
60623,0
9070,1
88284,0
18366,1
33415,0
77468,0
69996,1
89919,0
31273,0
82838,1
95036,0
50741,1
10168,0
93068,0
104611,0
45815,0
78447,0
70636,1
44985,1
91449,0
15798,0
74651,1
47630,0
25232,0
107874,0
1547,0
80291,1
22595,0
3194,0
67256,0
71581,1
27588,0
84205,0
75834,1
98138,0
119128,0
100075,0
71878,1
119101,0
81835,1
104312,0
108453,0
61696,1
56608,1
18338,1
19403,0
107010,1
48732,0
27702,0
11451,0
73558,1
53382,1
48405,1
11152,0
86100,0
14871,1
41007,0
39176,0
36172,0
119105,0
68235,1
41173,1
113449,0
32718,0
4841,0
17605,1
53990,1
115089,0
86227,0
108363,0
12603,1
24968,0
107060,0
86453,1
63937,0
82748,1
39195,0
7630,1
98175,0
89374,1
105989,0
7111,0
63904,0
78396,0
64830,1
61374,0
87958,0
19950,0
38640,0
49447,1
50465,0
47002,1
113367,0
8994,1
44682,1
116154,0
27817,0
37653,0
94211,0
57772,0
87289,0
60730,0
40698,0
78155,1
31415,0
37637,0
92430,1
7704,1
37403,0
67425,1
36074,0
52940,1
27718,0
23853,0
20779,0
48007,0
108128,0
73144,0
118617,0
93767,0
74482,1
35089,0
35890,0
107560,0
73916,1
50694,1
23492,0
25234,1
4387,0
109711,0
119302,1
25765,0
39052,0
32088,0
1866,0
70375,0
8254,0
44903,1
16135,0
30016,0
33276,0
30663,0
77786,0
90932,1
8127,0
58932,0
27198,0
30705,0
4164,1
88064,1
3272,0
90846,0
10368,1
87790,1
36657,1
96071,0
22509,0
59906,1
98697,0
83816,0
58380,1
50484,1
106725,0
65970,0
67474,1
100465,1
20607,0
115240,0
231,0
75359,1
61615,1
83942,0
102082,0
49408,0
100910,0
18016,0
30605,0
20224,0
49908,0
72017,1
71247,1
29318,0
4676,0
26427,0
55668,0
18294,0
51993,1
40036,0
27016,0
53079,1
1778,0
48092,0
47565,1
15881,0
112426,1
8729,0
45905,0
99823,0
21718,0
24626,0
19862,0
35798,0
89546,0
21600,1
103825,0
98346,0
98694,0
43069,0
43489,0
57499,1
21551,0
68117,1
56438,1
47586,0
33244,0
91897,0
51805,1
38356,0
10827,0
56119,0
92685,1
7890,0
114433,0
19112,0
57260,1
6442,0
19051,0
93799,0
13832,0
48245,0
39394,0
108555,0
83970,0
6372,1
41722,0
114601,0
102098,0
83628,0
70247,1
72599,1
79764,0
18648,0
78771,0
53637,1
40529,0
86333,0
15853,0
46354,1
117258,0
78806,0
55457,0
97889,0
32370,0
15546,0
81902,1
39472,0
6008,0
26831,1
2490,0
58164,0
107904,0
90715,0
76485,1
91601,0
45648,0
2350,0
51479,1
95963,0
33484,0
113652,0
62505,0
94378,0
3515,0
7302,1
60650,1
108579,1
32666,0
98786,0
45216,1
59147,0
108967,0
93649,0
57006,1
28743,1
63395,1
25069,0
117765,0
118541,0
4531,0
51825,1
33691,0
44862,1
111859,0
76505,1
6514,0
21598,0
1248,1
40329,0
36185,0
21244,1
49887,1
49754,1
105818,1
39846,0
28263,0
52664,1
18610,0
11720,0
2587,0
106823,0
34416,0
17198,0
34166,0
82692,0
64346,0
73961,1
10803,0
4038,1
65265,0
49581,1
8411,1
89623,0
35565,0
117294,0
102348,0
43048,0
86124,0
29457,0
104107,0
102521,0
85839,1
88223,0
89138,0
17334,0
78604,0
82449,0
29149,0
70236,0
26253,0
13542,1
95954,0
90133,0
17859,0
49505,1
21413,0
96565,0
22733,0
81939,1
100771,0
87586,0
114254,1
106625,0
83890,0
103736,0
50651,1
112970,1
79525,1
52103,1
17696,0
95743,0
29013,1
80342,1
118157,0
9494,1
103728,0
54018,1
27325,0
110873,0
58885,1
73343,0
68151,1
94118,0
49702,0
112722,0
44666,1
15564,0
72417,0
40722,0
90893,0
90462,0
44022,0
32827,0
24794,0
73830,1
105199,0
16715,0
25974,0
41060,0
58132,0
100502,0
91973,0
87302,0
5538,1
20038,0
12639,0
3038,0
14771,1
55532,0
4239,0
85135,0
107452,0
17300,0
25356,0
83113,0
105730,0
107464,0
7995,1
91509,0
74485,1
11232,0
73911,1
112937,0
110394,0
109775,0
63370,0
5448,1
84948,1
63907,1
65827,1
31593,0
105581,0
31108,0
