id,is_canceled
54530,0
21700,1
74790,1
92567,0
52846,0
37068,1
3369,0
72980,1
82741,1
27679,1
96521,0
112276,0
23182,0
11895,0
61120,1
79283,0
98933,0
78481,0
104448,0
112743,0
40028,1
17512,0
55123,0
76437,1
114145,0
82335,0
22246,0
108079,0
103679,0
80356,0
31913,0
50581,0
82147,0
99749,1
23200,1
105710,1
19165,0
88926,0
106333,0
88797,0
104719,0
92062,0
51924,0
63269,1
85079,0
79220,0
102475,0
50890,0
37556,1
7935,0
30916,0
42792,1
105346,0
95059,1
77126,1
12423,1
80605,0
2592,0
102944,0
14073,0
90528,0
7889,1
102980,0
105846,1
91599,0
62576,1
114685,0
45016,0
13517,1
40009,0
52202,1
107671,1
76892,0
110938,0
115708,0
97118,0
86669,0
8867,1
13593,1
103726,0
106405,1
95750,1
17905,0
49615,0
32617,0
52245,1
99536,0
32166,1
62331,1
77967,0
38043,1
53985,0
22728,0
46060,1
81703,1
73201,1
62287,1
56005,1
18537,0
43517,1
76108,1
117632,0
23446,0
53261,1
53952,1
47530,0
43447,1
89342,0
9441,1
72412,1
100547,0
48097,0
29184,0
59937,1
18180,0
38148,0
80061,0
28981,0
75888,0
49400,1
59582,1
76006,1
86051,1
19764,1
19917,1
46366,0
41723,0
102229,0
67961,0
17500,0
4004,1
51182,1
40280,0
46606,0
92647,0
113481,0
63788,0
36617,0
91554,1
57938,1
111753,0
29827,0
9334,0
87511,0
43689,0
33329,0
37570,1
69270,1
99447,0
102138,1
87947,0
19664,0
67398,1
2109,0
40795,0
88995,0
7821,0
51059,0
117303,1
70393,0
52161,1
19597,0
36976,1
35852,1
89630,1
7375,1
99066,0
14196,0
75998,1
114683,0
88371,0
91909,0
18040,0
64938,0
115416,0
65004,1
108766,1
100604,0
243,0
98590,0
5509,1
116276,0
112713,1
47791,0
55553,0
69966,1
16125,0
85973,0
24682,0
52446,1
25970,0
75218,1
11494,0
61219,0
84131,0
104378,0
111442,0
52575,0
3267,1
58917,1
68890,1
3054,0
93903,0
21354,0
116436,0
70204,1
50422,1
63610,0
21219,0
90891,0
5354,0
40228,0
116268,0
102866,0
12776,1
99424,0
46443,0
25160,0
41331,1
97081,0
68323,1
88801,1
63484,1
67031,1
70804,1
65863,1
29029,1
32169,0
93879,0
7585,1
54531,1
66564,1
92295,0
24010,0
74799,0
103473,0
82774,1
108968,0
114671,0
60604,0
119150,0
95661,0
96155,0
16843,0
37226,0
68558,1
102357,0
87087,0
86010,0
16198,0
97245,1
86419,0
112210,0
27904,0
13257,1
23228,0
56885,1
36894,0
33620,1
63800,1
94485,1
85941,0
57536,1
93144,0
39772,0
36799,1
42497,0
111729,1
73114,1
107285,0
11709,1
91520,0
111110,0
61653,1
34704,0
13990,0
95274,0
116562,1
52120,1
111605,0
551,1
5481,0
102034,0
4130,0
79721,0
115920,1
83840,0
98905,1
69770,1
48198,0
33057,1
103626,0
102433,0
6737,0
11269,1
22642,1
4706,0
19820,0
29929,1
30353,0
21795,0
102419,1
30826,1
49423,0
29058,1
6307,1
54800,1
112171,0
33972,0
18213,1
16646,0
81382,0
27673,1
14161,1
1477,1
32629,0
42934,0
47967,0
27222,0
80003,0
70965,1
49384,0
95744,1
51026,1
43040,0
595,0
31676,1
112487,1
54036,0
20375,0
22301,1
21900,0
117816,1
65782,0
42271,0
32491,1
113275,0
36588,0
114336,1
76331,0
98130,0
66447,1
24681,0
39655,1
49956,1
51380,1
114575,0
100422,0
8763,0
79006,0
113832,1
55576,1
21199,0
102726,0
40197,0
115999,1
57916,1
56838,1
64523,1
34002,0
83836,0
80354,0
71440,1
59960,1
15928,0
109549,1
85184,0
114801,0
55604,1
88792,0
54590,0
108250,0
72145,0
3279,0
42764,0
12244,1
105566,0
113517,0
60643,1
5870,0
97364,0
106700,1
33874,0
74449,1
75611,0
79175,1
88916,1
32995,0
75890,0
17795,0
60229,1
116998,0
87114,1
5830,0
54843,1
115972,0
7041,0
41697,0
55877,1
80747,1
51536,1
24156,1
28234,0
50213,1
25582,0
97133,0
93317,0
2466,1
63921,0
77701,0
58644,1
84876,0
56651,1
78696,0
58093,1
39286,1
16978,0
56360,1
114037,1
56411,1
11657,1
27001,0
107379,1
117767,0
94608,0
93550,0
97431,0
69423,0
55981,1
25561,1
38502,0
7965,1
37848,0
52699,0
53906,1
44310,1
80018,1
33476,0
103926,0
69591,1
101210,0
81465,0
101772,0
96940,0
77721,0
58309,0
28542,0
101503,0
9819,1
118719,0
15289,0
74632,1
3396,0
86259,0
77735,1
25435,0
52616,1
40044,0
32347,1
31660,0
91213,0
36849,0
46872,1
13582,1
81124,1
70926,0
52032,1
97162,0
27287,0
7699,1
59666,0
87810,0
94769,0
52667,1
36459,1
8333,1
61035,0
51662,1
92002,1
49231,0
84519,0
119289,1
45817,1
46124,1
31256,0
69295,1
110247,0
22087,0
13217,1
50709,1
27350,1
49284,0
81670,1
83872,0
100722,0
118428,0
81470,0
68810,1
86722,1
29588,0
81104,1
113572,1
65285,1
111166,0
39153,0
53224,1
4748,0
108777,0
99580,0
109513,0
44531,1
85782,0
38216,0
30118,0
59585,1
101878,0
109113,0
65966,1
106401,0
110511,0
16957,0
97494,1
22320,0
25816,0
57538,1
44269,1
83386,1
10765,1
71737,0
107908,0
28598,0
42338,0
15667,1
40658,0
65040,1
60659,1
31293,0
93968,0
58204,1
90700,0
72324,1
91258,0
95987,1
26444,0
99298,1
32389,0
22988,0
44064,0
105069,0
62675,1
76077,1
105993,0
87016,0
66329,1
91167,0
50558,1
24516,0
54764,0
10430,1
58671,0
77746,0
92672,1
101515,1
98846,1
39027,0
88640,0
114426,0
68998,0
23023,0
16882,0
14096,0
18019,1
57857,0
25128,0
45011,1
62532,1
117714,0
14977,1
35109,0
39681,1
12526,1
12467,0
3904,0
18882,0
48880,1
23001,0
45473,1
22447,0
90699,0
61534,1
106455,0
101996,0
5777,0
62615,0
70261,1
22140,0
15061,1
70824,1
23900,0
9788,0
32268,0
67923,1
117513,1
105613,0
118766,1
32993,0
31440,0
68449,0
99299,0
51233,1
104350,1
93421,1
53467,0
90334,0
8939,1
51710,1
67770,1
55686,1
55243,1
65667,1
29031,0
75924,1
107094,0
112706,0
104440,0
115998,0
84924,0
43186,0
59200,1
69687,0
79041,1
66565,0
23985,0
92065,0
86488,1
55667,1
7963,1
22364,0
107810,0
96872,0
110722,0
26645,0
42071,1
98532,0
97954,0
117288,1
47173,0
7243,0
103438,0
79645,0
8665,1
24400,1
64510,1
91044,0
112507,0
75671,0
14981,1
73611,0
74039,1
58978,1
44880,0
60718,0
2601,0
80646,0
48917,0
107005,1
73772,0
28492,1
79842,1
73915,0
35753,0
102886,0
13844,0
13705,1
59440,1
52947,1
99864,0
85557,0
33310,0
19555,1
102066,1
32392,0
22800,0
101212,0
16972,0
41096,0
14872,0
93646,0
45963,1
116814,0
31312,1
46303,0
100049,0
43456,1
30178,0
90285,0
99381,1
78966,0
72323,1
100115,0
55065,1
84398,1
31392,0
78987,0
102062,0
108132,1
67406,1
14243,0
87229,1
59816,1
64479,1
64140,1
86878,0
10140,0
110081,1
83463,0
66816,1
91116,0
18822,1
77186,0
21118,0
82192,1
37375,1
58636,1
12793,0
45249,1
93983,0
107701,0
11698,1
64054,1
47950,0
78573,0
73279,1
33047,0
823,0
14511,0
46265,0
22825,0
88839,0
57050,1
44274,1
59027,1
58388,1
89175,1
2899,0
12028,1
74186,1
2520,0
113186,0
24074,0
77614,0
85993,0
55128,1
27334,1
31226,1
47397,0
62813,1
92783,0
93487,0
45291,0
114700,0
80089,1
108338,0
48958,0
16698,1
112836,1
28691,0
51460,1
19384,1
52211,1
44324,1
25815,0
113081,0
64077,0
47170,1
26343,0
119098,0
47920,1
67424,1
104704,0
60030,1
10416,0
71552,1
11882,0
116542,1
93478,0
12983,1
18463,0
100525,0
48529,1
108710,1
84121,0
30537,0
36991,1
96865,1
41358,0
61618,0
110608,0
8010,1
37948,0
2434,0
18335,0
39442,0
91220,0
29488,1
75358,1
59171,1
82191,0
80454,1
15583,1
108789,0
79212,0
66902,1
24495,0
91281,0
17425,0
39559,1
41432,0
43733,0
49316,0
55496,1
64612,0
38373,0
87749,1
67544,1
56407,1
100851,0
79204,0
19220,1
70897,1
65241,1
34414,0
73299,1
14430,0
73668,1
79922,1
100593,0
29675,0
112465,0
31964,0
74567,1
54987,1
33410,0
37037,0
36358,1
19868,0
85536,0
58253,0
63094,1
72725,1
81133,1
94009,0
117813,1
21255,0
104061,1
47238,0
106538,0
108908,1
50961,1
8353,0
57120,1
109089,0
14505,0
17573,0
101352,0
64921,1
8409,1
11477,1
35808,0
79060,0
96428,1
4567,0
61898,0
58756,1
83599,0
101613,1
116388,0
57109,1
3106,0
102001,0
30621,0
108187,0
102065,1
102435,0
45047,1
1199,0
71675,1
83169,1
52327,0
39296,0
2756,0
69672,1
43245,0
111821,1
117051,1
12087,1
52622,1
33975,0
89634,0
33609,0
83117,0
12065,0
112901,1
17661,0
54343,1
118137,0
61430,0
71657,1
4033,0
101904,0
83330,0
14579,0
89588,0
65839,1
86544,0
4998,1
88699,0
27822,0
91308,0
82867,1
109462,1
102685,0
34188,0
29256,1
82371,1
105160,0
28360,0
41803,0
98416,0
98255,1
29484,0
80287,1
47328,1
103859,0
20904,1
92409,1
69690,1
45764,1
100192,0
42000,0
10897,1
58805,1
84447,0
47599,0
89427,1
64582,1
22424,0
15944,1
86533,0
95502,0
30980,0
67692,1
26511,0
8603,0
56504,1
58621,0
53365,0
73145,1
72354,1
93534,0
30232,0
67899,1
47675,0
55530,0
28887,0
36024,1
91714,0
34415,0
117010,0
120,1
46680,0
88290,0
11787,0
115826,0
92105,0
29708,0
50566,0
60772,0
26283,0
68790,1
58114,1
97357,0
58301,0
93132,0
46963,1
36621,1
88490,0
51063,1
2724,0
5467,1
110775,1
119375,0
51236,1
18969,1
109412,1
116399,0
1857,0
19564,0
60863,1
87558,0
40370,0
51991,0
642,0
92325,0
112263,0
11726,0
63048,0
20257,1
73793,0
34057,1
111462,0
57439,0
66667,1
795,0
17216,0
11785,0
32830,0
50630,1
31606,1
87199,0
65666,1
28063,0
28212,1
8758,0
42783,1
46345,0
64473,0
74027,1
94993,0
110527,0
55648,1
61963,0
35647,0
4840,1
98041,0
26395,0
55609,0
38187,1
92999,0
33485,0
91664,0
18917,0
22864,0
105170,1
64956,1
50800,1
35184,0
101796,0
7498,0
49411,1
78334,1
115816,0
72944,1
7992,1
11442,1
107760,0
58013,1
15654,1
64914,0
35255,0
35316,1
20822,0
64596,1
36091,0
92000,0
113405,0
34837,0
29763,0
9822,1
68741,1
31795,1
98886,0
41284,0
10584,1
2898,0
99723,0
74276,0
86378,0
75831,0
49799,1
62078,1
115263,1
114143,1
10567,1
39932,1
71872,1
104687,1
5962,1
97942,0
14200,0
51834,0
16364,1
54514,0
32870,1
85434,0
119164,0
78745,1
105855,0
100297,0
59291,0
11703,1
10340,1
50969,1
102470,0
3846,1
65279,1
85829,1
13041,1
74808,0
34129,0
109760,0
3988,0
114705,0
64522,0
81231,0
65720,1
74035,1
37350,0
76666,0
72763,0
39266,0
27175,0
42307,0
25966,0
21296,0
50982,1
57028,1
118191,1
62545,1
25790,0
111129,0
20191,0
17921,0
81942,1
16096,0
118855,0
11190,1
99396,0
10992,0
44738,0
42428,0
39656,0
15752,0
25536,0
60103,0
20563,0
82827,1
102235,1
113884,1
36786,0
91172,1
18696,1
75451,1
15220,1
71509,0
95245,0
101169,1
31141,0
52108,0
48181,1
29806,0
96455,0
28319,0
114043,0
47642,0
92146,0
45440,0
54630,1
90267,0
99052,1
58363,1
97454,0
78689,0
88658,0
16756,0
55030,1
94889,0
54780,0
118415,0
96463,0
45034,0
65081,1
44083,1
49082,1
60173,1
1015,0
118522,0
4351,0
75450,1
20846,0
118048,0
22276,1
51049,1
50823,1
50044,1
50736,0
40917,0
73889,0
26025,1
111361,1
17048,0
38509,1
31331,0
40211,0
8664,1
88294,0
105058,1
56155,0
69177,0
2238,0
76629,0
37274,1
69833,1
36030,1
16509,0
66780,1
34585,1
13009,1
47403,1
75844,0
107869,0
69180,1
38175,0
54939,0
53453,1
74215,0
52681,1
53137,1
38167,0
117874,0
7084,1
6342,0
23462,0
46605,1
103462,0
100810,0
67413,1
63085,1
44436,1
36527,0
76427,1
89584,0
35655,0
80911,0
73658,1
107522,1
51839,0
90199,0
34459,0
79318,0
85349,0
4437,0
102187,1
30344,1
41998,0
34875,1
16476,0
47817,0
84916,0
95355,0
112510,0
3309,1
31664,0
108609,0
82224,0
84831,0
80094,1
89911,0
8208,1
87965,0
95327,1
94405,1
45580,0
108728,1
6129,0
17314,0
66675,0
22213,0
50275,1
67083,0
104893,1
104444,0
30598,0
9764,1
113419,1
32704,0
8620,1
77052,1
94492,1
17734,0
54098,1
54993,0
115357,0
79642,0
108175,0
23378,0
74763,0
88740,0
61887,0
97291,0
94584,1
34883,0
35264,0
99349,0
41445,1
89699,0
103072,1
57877,1
101866,0
5917,0
41572,0
79646,0
114046,0
37089,1
111475,0
108389,0
58630,0
959,1
3482,1
114668,0
18250,0
40320,0
31636,0
87617,0
89457,0
116158,0
89677,0
93377,0
76276,0
110716,1
59467,1
44677,1
38476,0
66518,1
62667,1
40780,0
77225,0
25043,1
94290,0
28516,0
46032,0
94169,1
16562,1
103601,0
114564,0
22526,0
27928,0
66690,1
98908,0
19672,1
78224,0
90066,0
110799,1
90080,0
78792,0
75327,1
116953,0
115170,1
116949,0
97710,0
35512,1
21152,0
110044,0
75575,0
18861,0
32565,0
96133,1
67057,1
31251,1
12535,0
41341,0
103968,1
83577,0
35291,0
29307,0
41368,0
114288,0
115612,1
44637,0
79758,0
35462,0
101988,0
81517,0
27768,0
26589,0
4299,1
43096,1
17378,0
35057,1
92991,1
21936,0
50276,1
79460,1
12611,0
72314,0
11028,0
48582,1
34978,0
3497,1
113087,0
52587,0
42916,0
84889,1
39373,1
48798,1
83006,0
10274,1
96513,0
97731,1
10791,1
73979,1
40086,1
826,0
20952,0
12504,1
109917,1
14111,0
39586,1
30908,0
115390,0
16020,0
118361,1
89261,0
69321,1
103580,1
59813,0
79303,0
76774,1
13440,1
48512,0
75941,1
113880,1
46541,0
43281,1
58250,0
6515,1
20182,0
24223,1
3393,0
43685,0
69993,1
87477,1
53401,1
9663,1
111023,0
43729,0
34781,1
55610,1
74647,1
89463,0
91967,0
109315,0
69713,1
49418,0
13305,0
5102,1
10222,0
82887,1
51091,0
15863,1
43711,0
110903,1
53113,1
88789,1
46962,0
36177,0
66747,1
4509,0
25299,0
15059,0
20579,0
51697,1
118686,1
102422,0
58814,1
81224,1
28503,0
27344,1
110752,0
102313,0
33624,1
86960,0
49222,0
100177,0
54554,1
103240,0
31642,0
110264,1
87488,0
17876,0
27964,0
81159,0
39866,1
10664,1
103594,1
78342,0
52353,1
11574,1
39935,0
57026,1
8546,1
47118,0
96980,0
51381,1
5698,1
95165,1
32465,0
60666,0
36235,0
37019,0
49061,1
9711,0
60662,0
80099,1
5542,0
52778,1
23919,0
10327,1
20536,0
106212,1
50546,0
95152,1
23710,0
90577,0
44217,0
20279,0
39114,0
50533,1
56971,1
23915,0
60911,0
23373,0
47313,1
82152,0
65775,0
93703,0
101171,1
74740,1
92675,0
51289,0
372,1
25252,0
73565,0
62165,1
6107,0
23583,1
108347,0
18188,0
94381,0
104905,0
9568,1
38342,0
78774,0
94531,0
115370,1
35521,1
87254,0
51987,0
33028,0
109150,0
12604,1
60121,0
76856,0
83784,0
24115,0
84841,0
23180,1
116028,0
5333,1
47867,1
90423,0
116183,0
71918,0
94478,0
58136,1
86294,0
16289,1
13835,0
112693,0
32648,0
48734,0
20397,0
110400,0
32688,0
62814,1
21421,1
108081,0
77481,0
115393,0
65702,1
113743,1
28054,0
116861,0
42602,0
23457,0
54220,1
92760,0
634,0
790,1
39728,1
27770,0
61018,1
79631,0
13897,0
27987,0
56469,0
9901,1
58341,1
73037,1
46374,1
74680,1
114065,0
9481,1
69608,1
35855,0
110256,0
51549,1
1053,1
7061,1
58656,0
14754,1
77986,1
103488,0
28646,0
5465,0
34758,1
57707,1
61320,0
39146,0
61663,1
50648,1
43019,0
77356,1
82725,1
55353,1
5988,1
42632,1
86642,0
94583,1
32728,0
38274,0
70514,1
101042,0
69459,0
49324,1
5970,1
64437,0
95272,0
96343,0
13211,1
21632,0
90017,0
32198,0
79414,1
68546,1
39315,0
8123,0
49491,1
3713,0
9501,1
48923,0
46814,0
73701,0
27407,1
106590,1
28662,1
40114,1
68303,1
13214,1
109134,1
72468,0
62105,0
82158,0
56158,0
85957,0
64104,1
104488,1
79667,0
66972,0
111073,0
2147,0
75645,0
34376,0
71934,1
52791,1
72499,0
115901,0
118842,0
81078,0
81321,0
83191,1
91573,0
792,0
107301,0
27731,0
38699,1
105523,0
85580,0
117879,0
13702,1
103503,0
78785,0
6535,1
67763,1
76639,1
92328,0
73836,0
64968,1
66273,0
3334,0
20336,1
21997,0
74313,1
86022,0
33909,1
111524,0
94320,0
71347,1
97721,1
107199,1
69341,1
3678,0
12022,0
27307,0
42315,1
24819,0
52429,0
88618,0
96001,0
61142,1
95836,0
26282,0
114710,1
109355,0
115702,0
33853,0
7865,1
73300,1
29094,0
19338,0
59934,1
81479,0
109003,0
31766,0
15780,0
86956,1
41925,0
9985,1
89292,1
98270,0
114112,1
38589,1
63067,1
109054,0
8881,1
109394,0
80891,0
99934,1
9321,0
13717,1
20425,0
56057,1
57241,1
38015,0
48280,0
24810,0
115645,0
107461,0
113833,1
63082,0
29880,0
10492,1
72573,1
30085,0
100342,1
107407,0
14531,1
43510,0
87375,1
95436,0
18899,0
15236,1
47105,0
55850,1
43661,0
112969,1
8418,0
18833,0
105570,0
84768,0
49669,1
107638,0
69052,0
108374,0
68725,1
15497,0
11277,1
18466,0
19171,0
38897,1
59862,1
100792,0
39331,1
1258,0
88821,0
57047,1
13749,0
12593,1
72075,1
26957,1
29002,1
1915,0
97543,0
12219,1
70587,0
68491,1
89095,0
112852,0
24888,1
76562,0
56361,1
118355,1
51440,0
2358,1
57865,1
40697,1
115501,1
17072,0
64978,1
102947,1
18834,0
34228,0
70451,0
98475,0
41779,0
81741,1
15117,0
3494,1
82537,0
79265,1
61414,1
41423,0
46287,0
79752,0
4478,0
7228,1
27923,1
87545,0
118687,1
97434,0
84885,0
60644,0
56931,1
13129,1
72761,1
63326,1
115292,0
43328,1
46241,0
40891,0
116855,0
83230,0
97370,1
108198,0
53307,0
47429,0
105099,1
50587,1
53007,1
16591,0
92919,0
82981,0
89314,0
95567,1
73076,0
413,1
74795,1
39097,1
71728,1
34,0
16986,1
79084,0
5269,1
34865,1
61349,0
93737,0
5472,1
81969,1
93688,1
88772,0
28806,1
47969,0
25887,0
935,0
103457,0
23193,0
57126,1
106213,1
77339,0
80461,1
12819,1
8830,1
9565,1
105473,1
107803,0
44147,0
84506,0
112553,1
89664,0
20728,0
73108,1
70780,0
2828,0
59864,0
22265,0
85107,0
3414,0
35726,1
75695,0
41746,0
110804,0
119359,0
72241,1
28100,0
16121,0
97049,0
89940,1
53976,0
24369,0
83267,0
95457,0
113104,1
67750,1
51474,1
73034,1
20659,1
17130,0
62303,1
75690,0
65052,1
6051,0
83679,0
5717,1
110224,0
25010,1
75361,1
34481,0
44996,0
69358,1
110912,1
60259,1
76872,1
93055,0
77361,1
118424,1
103529,0
113054,1
12584,1
25631,0
30689,0
60764,0
27199,0
105773,0
76573,0
81817,1
36508,0
104881,0
42058,1
80190,0
86996,0
111165,1
58076,1
26966,1
41429,0
68969,1
22024,0
96937,0
19122,0
19240,0
95857,0
85746,0
97209,0
94876,0
3173,0
17076,0
51519,0
16520,0
104912,0
98842,1
86504,0
75254,1
68527,1
34854,0
102996,0
9970,1
54321,1
67827,0
93174,0
108631,0
108625,1
14994,1
80393,1
44427,1
78999,0
47821,1
59218,1
39103,0
109802,0
90602,0
12706,1
406,0
78674,1
69756,1
75766,0
105758,0
73296,1
83695,0
19322,0
99730,0
90264,0
93666,0
15340,0
56808,0
46928,0
37934,0
26188,0
40767,0
15124,0
54889,0
91431,1
38550,1
116170,0
113698,1
42376,1
13885,0
64756,1
20003,0
91422,0
41084,1
78267,0
24880,0
29302,0
112649,0
52606,0
110598,0
68939,0
119039,1
62807,1
58740,1
116701,0
59520,1
34507,0
40496,1
3874,1
89219,1
12182,1
63049,1
98766,0
98970,0
19709,0
76429,1
79022,0
12563,1
99896,0
67283,0
35653,0
32161,0
13407,1
38038,0
19601,0
52224,1
50794,0
31394,0
48409,1
63639,0
31546,0
16615,0
70964,1
10881,1
103543,1
58235,0
60321,1
113485,1
65042,1
93053,0
65923,1
50789,0
40936,0
64391,1
77074,0
80916,0
18398,0
99909,1
56038,1
28966,0
31492,1
113484,0
17355,0
5620,0
99842,0
76034,1
62585,1
111220,0
73458,1
36016,1
99150,0
93305,0
9789,0
110786,0
103951,0
72774,1
70383,1
87101,0
99967,0
105290,0
76212,1
97464,0
40311,0
61941,1
31831,1
44701,1
66558,1
82439,0
38247,0
44073,1
37275,0
42331,0
43527,0
104517,0
15727,1
72753,1
90974,1
61834,1
106824,1
31179,0
79147,0
18746,0
81629,1
114441,1
25327,1
115846,0
75738,0
91466,0
4234,0
77037,1
59203,0
26512,0
63386,0
96472,1
36380,0
67792,1
73474,1
48525,0
36398,0
61422,1
81583,1
36451,1
10601,1
47596,0
74796,1
36762,0
8096,1
98633,1
9300,0
50512,1
70211,1
112405,0
112773,0
10794,1
17494,0
42300,1
80592,0
91728,0
32854,1
74801,0
44174,0
94950,0
30942,0
62579,0
74554,1
52299,1
77845,0
24039,0
8627,1
104651,0
9034,1
57542,1
19747,0
1037,1
1524,0
57848,1
49171,1
65190,0
66088,0
1406,0
104404,0
96416,0
49111,1
2250,0
31477,0
17003,0
107193,0
82432,0
32143,0
83439,0
10421,1
38527,1
48060,0
105126,0
23757,0
115718,0
1354,1
7305,0
46423,1
33054,1
109911,0
64840,0
40466,0
39391,0
66395,0
1480,0
119263,1
58151,1
115215,0
60411,1
55524,0
37627,0
78212,0
52012,0
20584,0
39568,0
39981,0
96327,0
54144,1
88381,0
7792,1
26513,0
37076,0
27093,0
117395,0
17095,0
3718,1
78172,0
71207,0
37928,0
60775,0
14761,1
17898,0
50583,0
60438,1
20601,0
2634,1
53851,1
117774,0
49463,1
55592,0
94729,0
29455,0
68196,1
67804,1
85542,0
40677,0
63412,0
63476,1
71405,1
28346,1
11470,0
86685,0
17195,0
94732,0
9930,0
19660,0
73314,0
28631,0
115309,1
75401,1
70630,0
4125,1
32072,0
39581,1
118953,0
36035,0
100991,0
104535,1
44041,1
70508,1
117561,1
81044,1
115496,0
73620,1
115442,0
85095,0
53534,1
91825,0
13162,1
7765,0
80413,1
39314,0
15457,0
40601,0
41439,0
43981,1
80491,1
79343,0
40075,0
58539,0
28294,0
86495,1
73577,1
114389,0
59685,0
57522,1
36110,1
12143,0
80997,0
88576,1
9938,0
64475,0
113853,0
74238,1
114570,1
46759,0
70402,1
22146,0
71938,0
68529,1
87139,1
79800,0
72712,0
42761,0
102002,0
26746,1
55059,1
108785,0
90807,1
25154,0
26494,0
94160,0
24678,0
5701,0
32112,0
112197,1
25382,0
35624,0
112875,0
96786,0
82276,0
63723,1
42109,0
46876,0
39850,1
46285,0
14638,1
49862,0
68547,1
62746,1
30433,0
30970,0
2137,1
82573,1
55772,1
11557,0
72402,1
100360,0
2765,0
97037,0
10275,0
6199,0
62374,1
78318,0
19949,1
51947,0
110522,0
116185,0
90703,0
10964,0
29498,0
34341,1
5523,1
83932,0
117534,0
18681,0
49199,1
81197,0
22071,0
95102,0
109185,1
30369,0
66181,1
60251,1
103256,0
84553,0
8264,0
17784,1
36111,0
40757,0
109735,0
108332,0
67136,0
12585,1
94563,0
29520,0
37785,0
98698,0
8126,1
47119,0
38196,0
48726,0
93407,0
30045,0
111994,0
90650,1
26527,0
80353,0
66638,1
106184,0
102753,1
4638,1
49354,0
61741,0
24188,0
91709,0
45142,0
34587,1
115763,0
79112,0
6317,1
81520,1
79982,0
84851,0
73970,0
27063,1
101892,0
49184,1
48069,0
86786,0
10205,1
78643,0
98017,1
111473,0
30198,0
45154,0
59669,1
57255,1
110971,0
67340,0
94906,0
31317,0
75050,1
11265,1
73143,1
104145,0
28852,0
16523,0
8080,1
115902,1
116012,1
68246,1
12789,1
116443,1
88739,0
15284,1
84847,0
57727,1
16210,0
38307,1
90443,0
1742,0
45379,0
54117,1
20212,1
48609,1
72109,1
86354,0
116339,0
5991,0
32980,0
16498,0
7135,1
109363,0
33334,0
59274,1
19085,0
103001,1
32551,1
100066,1
8558,1
58102,1
64613,0
47100,0
5082,1
82992,1
54864,1
31431,0
30265,0
56713,1
45241,1
49045,1
101670,0
101049,0
41854,0
33012,0
20732,0
72784,0
50096,1
94686,1
46415,1
66923,1
26587,1
95596,1
22717,0
59071,1
48457,0
54010,0
113972,0
112526,0
52162,1
41522,0
112811,0
53792,1
55685,1
24730,0
18191,1
35422,1
87065,0
32722,0
37565,0
73468,1
80989,0
114909,1
111451,0
77836,0
110141,0
59004,1
55513,0
60108,0
108504,1
106218,0
104841,1
104397,1
33285,0
92272,0
114222,0
102852,1
59396,1
57621,1
25933,1
1583,1
114554,0
98583,0
85057,0
86936,0
4735,1
32809,0
44927,0
10455,1
93822,1
45140,0
15278,1
48473,1
38685,1
63234,0
81759,1
106118,1
34482,1
98418,0
13964,0
111484,1
75785,0
46698,1
94235,0
45620,0
9552,0
91208,0
101348,0
1513,0
105305,0
95949,0
15840,0
38944,0
34886,0
52685,1
54569,1
19656,0
108821,1
71841,1
111745,0
13322,0
83730,1
50400,0
8594,1
37054,1
49445,1
29527,1
7221,0
3123,0
43443,1
99931,0
67249,0
92949,0
21568,1
20929,0
22840,0
5486,1
9023,0
33156,0
38565,1
69146,1
5505,1
5256,1
27266,1
40298,0
54164,1
23270,1
23835,0
46262,0
63002,0
77491,0
66599,1
1531,0
4435,0
18529,1
12545,1
26445,0
39820,1
82025,1
45381,0
76314,0
114077,1
7818,1
61955,1
91575,0
65884,0
21088,0
110811,0
20714,0
3473,0
114178,0
107485,1
46603,0
76399,0
110278,1
86096,0
75553,1
36888,0
78846,0
14070,1
97022,0
22263,1
97526,0
24836,0
76227,1
48339,0
57570,1
79493,1
105271,0
30535,0
76891,1
91987,0
116708,0
116641,1
56184,0
37423,0
7132,0
76776,1
72749,1
64300,0
20274,0
55942,1
44785,0
78210,0
90129,0
24447,0
15202,1
44090,1
64662,1
7808,1
111717,1
75909,0
98997,0
118351,1
103440,0
79435,1
29130,0
40058,0
56428,1
10917,0
45836,0
69685,1
54033,1
116928,0
42048,1
9350,1
43518,0
2265,0
73151,1
6930,0
104932,0
104091,0
5113,1
105556,0
50475,1
21903,0
14464,0
107362,0
88834,0
102351,0
28399,0
100850,0
19143,0
95467,0
27542,1
94609,0
6542,0
15741,0
107155,1
23126,1
68388,1
54132,0
492,0
35357,0
99992,0
24708,0
38964,0
31355,0
69224,1
10842,0
82357,1
117759,0
29098,1
55699,1
52897,1
62967,1
28576,0
38203,0
116776,0
62420,1
88367,0
60075,1
88238,0
117928,1
83120,1
23220,0
14892,1
100785,1
98624,0
62315,1
101083,0
108212,1
92033,1
16825,1
48994,1
52635,0
13332,0
98348,1
44653,0
65672,1
110603,0
31055,0
44237,0
35108,0
102534,1
90523,0
54896,0
56004,1
108798,0
107543,0
40221,0
53309,0
41366,0
114812,0
90318,0
26150,0
79088,0
51366,1
74468,1
112165,0
5969,1
61901,0
27491,0
104293,0
58561,1
94332,1
70982,1
111468,0
100094,0
13669,1
93382,0
105944,0
102540,0
89766,1
59140,1
13018,1
70315,1
25406,0
68961,1
55517,0
50870,0
56875,0
109701,1
38052,0
59577,1
98634,0
98818,0
80856,0
68452,1
115228,1
86672,0
113005,0
43524,0
91995,0
25722,0
100762,1
5742,0
106053,0
104661,1
32558,0
112976,1
12403,0
266,0
98884,1
48207,1
8721,1
52129,1
63768,1
87197,1
46692,0
58368,1
101946,0
77026,0
20047,0
40348,0
4612,1
48317,1
83185,0
80779,1
45095,0
82598,0
56620,1
98289,1
25685,1
12694,1
84243,0
88891,0
16164,1
82767,1
33545,1
12641,1
69999,1
17812,1
47745,1
70339,1
84562,0
58945,0
40000,0
53060,1
101331,0
70717,1
73159,1
97468,0
88256,0
30818,0
35121,0
92376,0
111264,0
63061,1
32841,0
44815,0
17650,0
58191,1
17037,0
25986,1
66127,0
325,0
109414,0
27480,0
112792,0
34675,0
110078,1
105580,1
60402,0
57092,0
32762,1
86365,0
40821,1
66913,1
59199,0
51968,1
97271,0
67325,1
102544,0
60311,1
92275,0
84996,0
67708,1
66827,1
104985,0
117754,1
59153,1
11928,1
24539,0
52382,0
58899,1
113395,0
119005,0
102202,0
86626,0
79363,0
46672,0
92702,1
14448,0
79103,0
7242,0
94680,0
2579,0
115005,0
87313,1
6375,0
29191,1
34703,0
37552,0
92247,0
105608,0
44232,0
73475,1
11981,1
552,0
110004,1
12715,0
66612,1
55590,1
33623,0
113660,0
87083,0
7580,1
92551,0
12502,0
9165,1
83948,0
40473,1
39397,0
13277,1
18823,0
22497,1
105261,1
84797,0
39813,0
79485,0
77598,0
13950,0
57569,1
107549,0
100258,0
47188,0
67607,1
3086,0
99796,0
4613,1
78371,0
16848,0
114486,0
110729,0
118267,0
28204,0
42711,0
95484,0
98263,1
58154,1
44059,0
82864,1
12915,1
30969,0
9256,1
26436,1
42923,0
41283,0
1839,1
75377,1
43643,0
82187,0
14390,0
96214,0
94455,0
75623,0
53654,0
78994,0
82643,0
81190,0
51246,0
24896,0
57320,0
11344,1
94262,0
84128,0
95210,1
53981,1
100226,0
113110,1
81082,0
92746,0
43583,1
21579,1
60308,1
112462,1
7340,0
85699,0
63329,1
25269,0
23406,1
8872,0
30010,1
84472,0
37015,0
13168,1
89511,1
18925,0
49341,1
24625,0
8562,1
116931,0
97313,0
86763,1
19960,0
14338,0
86688,1
14057,0
47242,1
22407,1
95280,1
80421,1
98065,0
26278,0
73829,0
8252,1
112893,0
4512,1
16522,0
48124,0
92942,0
84656,0
30011,1
696,0
38300,0
90185,0
19619,0
31699,0
889,0
2244,0
61356,1
115395,0
106284,0
36280,0
113817,0
115908,1
42599,1
11501,0
52185,1
32931,0
79546,1
46127,0
29961,0
116800,1
51528,0
20577,0
14018,0
56347,1
46869,0
6304,0
2764,1
71343,0
16160,0
115332,0
23625,0
45497,0
117242,0
1623,0
79681,0
41997,0
13434,1
60129,1
43708,0
34122,0
25464,0
92913,1
90473,0
27519,0
2896,0
55528,1
13806,0
40117,1
32155,1
757,0
32074,0
2377,1
77029,0
51587,0
99182,0
105619,0
71205,1
6407,1
60948,0
23474,1
33446,0
50531,1
75303,1
81259,0
52498,1
99123,0
8250,1
35078,0
66227,1
13053,0
109309,0
71740,0
81782,1
37721,0
27699,0
31346,1
93943,0
13384,1
82545,0
23641,0
106785,0
22554,0
106291,0
781,1
96317,0
44678,0
34620,0
31759,1
118710,0
76081,1
81123,1
45511,0
110997,1
27137,1
65737,0
55281,0
85069,0
68281,1
76460,1
48688,0
88661,1
50714,1
106170,0
73880,0
71677,0
8610,1
29347,0
5292,1
34902,1
59829,1
49750,0
107,0
46827,0
103049,1
35197,1
67048,0
87045,1
99279,1
108692,1
22186,0
2940,1
57789,1
86236,0
61013,1
33341,1
46258,0
100717,0
33996,0
25522,0
42726,0
103993,1
34346,0
58430,1
4368,1
36047,1
86991,0
30119,0
116361,1
96080,0
35768,1
114623,0
57483,1
25213,0
53716,1
42831,0
11910,1
10197,1
42970,0
103081,0
57735,1
77607,0
101682,1
2735,0
4604,0
78314,0
18220,0
54824,0
33919,1
78248,1
15791,0
71188,0
59486,1
25174,0
43110,0
86891,0
82859,1
3792,0
96870,0
30877,0
91857,0
107771,0
64775,1
109488,0
35598,1
44424,0
1349,1
95830,1
84034,1
80675,0
72420,0
45188,0
47663,0
81282,0
20422,0
87437,0
9655,0
16396,0
56432,0
94359,0
77747,0
41495,0
24826,0
107517,0
73747,0
15370,0
93171,0
106288,0
63762,0
5595,0
95082,0
95052,0
55370,1
35632,1
60281,1
14955,0
62590,1
97899,0
90316,0
71377,0
1234,0
10836,1
65443,1
63102,1
102141,0
21177,0
49419,0
46662,0
58257,1
68149,1
55067,1
30544,0
37563,1
62738,0
101146,0
24469,0
11645,1
62958,1
60964,0
115993,1
39870,0
78227,0
16272,0
47224,1
39473,1
21842,0
36312,0
73832,0
118680,0
3835,1
93412,0
33745,0
24850,0
76095,1
90647,0
19691,0
101280,0
103705,0
89275,0
9430,1
109732,0
91495,0
103094,0
96560,0
96850,1
36115,0
18508,0
91746,0
77938,0
25983,0
13312,0
11417,0
52077,0
56231,1
41252,0
91964,1
102543,0
7108,0
29464,1
83465,0
14237,1
115575,0
45178,0
89162,0
29769,0
69869,0
91576,0
24003,0
39484,0
45900,0
36686,1
79404,1
64417,0
5091,1
61991,0
107133,0
2638,1
42681,0
112163,1
20427,1
75274,1
41951,0
18594,1
38087,1
42453,1
78600,0
78033,0
36202,0
30351,0
60454,0
47634,0
34389,0
81877,1
103970,0
11817,1
57747,0
81739,1
74601,1
101246,0
23530,1
42887,0
12669,1
98056,0
109157,1
9532,0
38248,0
43989,1
4747,1
90089,0
44443,1
751,1
56048,1
117301,1
53410,1
48758,1
79846,1
4303,1
26248,0
15814,1
10862,1
81801,1
8538,1
107582,0
24562,0
36502,0
23681,0
106946,0
76787,1
91303,0
100989,0
5934,0
90207,0
49961,0
60425,1
72585,0
110211,0
52711,0
19648,0
97817,0
14364,1
57944,1
47367,1
41800,0
44088,1
54148,1
26246,0
55189,0
86141,0
72539,1
93072,0
78038,1
56555,0
19449,1
67634,1
12295,1
27165,0
62656,1
64317,0
47314,1
60962,1
91246,0
20801,0
15893,0
101687,0
91841,0
7588,0
52852,1
85022,0
56978,1
31695,1
64727,1
29246,0
110798,0
94198,0
13870,0
37630,0
70560,0
83219,1
50802,1
13044,1
87720,0
12745,0
77842,0
61923,1
114279,0
49,0
43127,0
20281,0
24825,0
93331,1
77267,1
39872,1
91211,0
4076,1
15973,0
50602,0
36441,1
60505,0
15951,0
17256,1
12109,0
65978,1
48251,0
70071,1
13626,1
68847,0
84551,0
38390,0
9797,1
7219,1
107230,0
94942,0
72056,0
46516,0
82821,1
87626,0
70086,1
51383,1
28439,0
4316,0
88463,0
90401,0
62687,0
5140,0
64034,0
27721,0
12414,0
70384,1
32247,0
89148,0
117528,1
41827,0
102694,0
71254,1
24597,0
8381,1
22299,0
61794,1
92083,1
113004,0
112068,0
80335,1
63363,0
71676,1
94560,1
20989,0
68685,1
77550,1
69310,1
103973,0
41684,0
44007,0
36464,0
112733,0
3022,0
68104,0
52195,1
52136,1
12002,1
108701,0
674,1
60181,1
48979,1
113720,1
87464,1
105041,1
7382,1
11552,1
38392,0
111458,1
30255,0
29216,1
45147,0
62537,1
43556,0
58684,1
23888,0
94071,0
7193,0
96987,0
3196,0
116357,1
95808,1
42786,1
68742,1
16667,0
80068,0
6989,1
58663,0
14704,1
83876,1
30050,0
77581,1
65643,1
59591,1
114560,0
71803,1
73202,0
40004,0
83055,0
14940,0
54459,0
107382,1
72060,1
87308,0
14853,1
84068,1
18020,0
18707,0
79489,0
50307,1
40164,1
31156,0
110370,0
43654,0
78385,0
90570,0
22625,1
107685,0
116516,1
113493,0
106188,0
12987,1
16844,0
14854,1
91012,1
25097,1
75201,1
44518,1
82700,1
45450,0
23782,0
45679,0
70218,1
111045,1
44179,0
38814,1
97376,0
20367,0
97703,1
66213,1
53537,1
50500,1
20015,1
90656,1
51891,0
46599,0
106689,0
18125,0
56089,0
20072,0
95468,0
52975,1
40618,0
76102,1
98443,1
72834,0
34495,1
3537,0
67086,1
1332,0
24778,1
37676,0
41043,0
63843,1
80402,1
86523,0
71455,0
7351,1
41851,0
98246,1
60440,1
42505,1
52255,1
21749,0
98368,0
105205,0
50193,0
107550,1
36277,0
106891,0
71149,1
5267,1
22689,0
95811,0
30229,0
77518,0
17963,0
110161,0
42653,0
76015,1
11624,0
31026,0
20062,0
72015,0
2316,1
50780,0
80697,0
100844,0
67772,1
67695,1
100518,0
85226,0
9344,0
109884,1
87777,0
45970,1
84673,0
91300,0
85362,0
119173,1
14460,1
84893,0
8164,0
20879,0
114562,0
98917,0
4722,0
114098,0
33506,1
42432,0
84257,0
81522,0
105263,0
99417,0
110683,1
107656,0
38784,1
97033,0
58768,1
69531,1
114444,1
27499,0
58123,1
33597,0
46960,1
66812,1
91368,0
23044,0
83058,0
83050,0
85357,0
58632,0
52944,1
99249,0
7692,1
78368,0
13494,1
53623,0
101888,0
45243,1
75222,1
89331,0
16614,1
105191,0
79809,0
51450,1
39438,1
7887,1
49708,0
20520,1
17768,0
110063,0
35529,1
45719,0
93696,0
60822,0
67537,1
106903,0
36017,1
16027,0
111077,0
29481,0
118869,0
95858,0
5898,0
25265,0
7925,0
55778,1
75486,1
30091,0
67117,0
111042,0
39047,1
112968,0
75633,0
23168,0
117078,0
58521,1
4135,0
65676,1
68036,1
116534,1
22335,1
100340,0
48543,0
8217,1
81354,0
111901,1
86807,0
14583,1
14195,0
12815,1
94170,0
1294,1
118174,1
111123,0
24494,0
37886,1
64131,1
82265,0
102180,0
40569,0
79138,0
38536,1
87765,0
79317,0
107297,0
107906,1
48573,1
77527,0
9795,1
47384,1
99643,0
91238,0
53318,0
45660,0
28252,0
76605,0
90203,0
66910,1
78688,0
53455,1
4411,0
53360,0
108484,0
90706,0
97532,0
58780,1
29269,0
23249,0
29389,1
97242,0
62043,0
109565,0
34185,0
118627,1
16485,0
22319,0
81030,1
5087,1
81335,0
9480,1
48109,0
28533,0
96843,0
56515,1
35970,0
11175,0
12353,1
82777,1
43152,0
109867,1
85672,0
59610,1
106839,0
33259,1
58190,1
119188,1
41754,1
6912,0
103115,0
71323,1
114503,0
90489,0
30400,1
20836,0
31631,0
105724,0
61069,1
45883,0
97755,1
76032,1
38269,1
3595,1
58153,1
9653,1
55512,1
10120,1
113334,0
18333,0
88068,0
12610,1
103657,1
98007,1
35883,0
48513,0
63715,1
75318,1
68285,1
21189,0
25123,0
29459,0
62974,1
100885,0
110905,0
86007,0
102009,0
57649,0
28990,1
60923,0
43078,0
8598,0
22941,0
25773,0
83437,0
64635,1
73068,1
4479,0
13454,1
105864,1
68791,1
34931,0
46023,0
26241,1
118110,0
23586,0
26190,0
1396,0
40099,0
57700,1
5673,1
110753,0
52726,0
47716,0
46809,0
65746,1
31704,0
66022,1
70892,1
47647,1
99132,0
116230,1
96185,0
71972,1
97119,0
77355,1
42955,0
1096,0
64206,1
24047,0
7127,1
41109,0
114967,0
21528,1
47246,0
93304,0
40346,0
67956,1
247,0
59752,1
36605,1
75281,1
94399,0
38393,0
109171,0
97368,0
28963,0
14682,0
46386,1
1489,0
625,1
37545,0
45550,0
87047,0
61459,0
20821,0
31232,1
90624,0
76846,0
83896,0
56722,1
81988,1
118045,1
87388,0
80662,0
97371,1
104052,0
21849,0
78697,0
97610,0
62128,1
74294,0
119003,0
107999,0
44000,1
117495,1
28658,0
73964,0
20052,0
77976,0
89023,0
31980,1
85235,0
100220,0
21920,0
116524,0
45887,1
25853,0
118337,1
31239,0
28548,1
58727,1
105448,1
84880,0
119301,1
31768,0
35615,0
25822,0
67095,0
56495,1
753,0
7866,0
114484,0
51655,1
37208,1
68349,0
60558,0
81004,1
108080,0
80971,0
17159,0
65523,0
12314,0
3197,0
26965,0
86893,0
24679,1
96925,0
25,0
88298,0
76150,0
109709,0
202,0
8278,1
78255,0
51854,0
21417,0
17412,1
65832,1
114358,1
65465,1
80908,0
33266,1
21067,0
35553,0
86462,0
69383,1
90828,0
88435,0
13134,1
109675,1
106054,1
68102,1
49282,1
17623,0
76555,1
45715,0
63264,0
58999,1
115113,1
30190,0
104489,0
74316,0
18241,1
53542,0
50090,0
66221,1
32322,0
73166,0
107967,1
66666,1
20892,1
14631,0
101602,1
114885,0
35081,0
98987,0
91925,0
18745,0
7686,1
34219,0
26633,0
77510,0
81466,0
59636,1
41258,0
87042,0
68384,0
44081,1
112576,0
16945,0
3235,0
13968,1
74129,1
49698,0
56311,0
34115,0
110380,1
78208,0
74843,1
114335,0
73060,1
75970,1
93872,0
40634,0
4619,1
116456,0
20955,0
31998,1
68223,1
65853,1
34815,0
71003,0
61326,1
67672,0
102473,0
93394,0
55135,1
4271,1
80612,0
97001,0
7750,1
61873,0
89597,0
107607,0
114865,1
86636,0
68368,1
51403,1
80336,1
23566,0
111844,1
97734,0
18615,0
114392,1
101514,0
46813,0
11327,1
78864,0
48087,0
1759,0
93574,0
76019,1
1482,0
37889,0
6358,1
71490,1
16884,0
102723,0
40934,0
35712,1
18236,0
111454,0
28904,0
77388,1
45343,0
11561,0
94245,1
93510,0
56355,1
50502,1
103278,1
99920,0
96642,0
47718,0
72234,1
46119,1
102590,0
23121,0
100188,0
96411,0
45189,0
13913,0
38132,1
111786,0
52736,0
37003,0
6352,1
4650,1
102181,0
38969,0
26974,1
71076,1
119140,1
108499,0
49374,1
42693,0
10244,1
94299,0
31290,1
53141,1
118562,0
81792,1
97091,1
18062,0
20216,0
100018,0
42157,0
5851,0
89306,0
100153,1
19711,0
47160,0
45832,0
17713,0
52662,1
80103,1
82556,0
13150,1
95515,0
12516,1
31151,0
117907,0
7032,1
50618,0
27472,0
41281,0
84919,0
117805,0
69876,1
21126,1
33238,0
24441,0
75949,1
31749,0
4363,0
38450,0
53955,0
81849,1
11555,1
86216,0
16206,0
38558,0
16733,0
78102,0
113849,0
116723,0
87431,0
115506,1
89965,0
82167,0
110878,0
43162,0
15576,1
22763,0
76712,0
57281,0
11353,1
21399,0
43860,1
82504,1
103609,0
43539,0
80331,1
6404,0
93295,0
65447,1
73330,1
107778,0
26239,1
60289,1
3493,1
47210,0
5794,1
22119,0
27646,0
42639,0
89198,0
26255,0
12573,0
93533,1
81927,1
50718,0
108105,0
114688,1
112715,1
44253,0
82668,1
16850,0
53431,0
18500,0
38548,1
108234,1
52132,1
93518,0
81903,1
87722,1
37823,0
19758,0
46141,0
66171,1
35488,0
110525,1
88136,0
64609,1
56604,1
108350,0
95988,1
58300,1
116410,0
53296,1
10237,0
101930,0
80400,1
45165,0
105663,0
59933,1
3357,0
65446,1
66761,1
55181,0
73867,0
117801,1
60903,1
114329,0
47951,0
109697,0
88191,0
34795,0
81490,0
52673,1
71840,0
100324,1
100035,1
117952,1
31224,1
101399,0
57312,0
83033,0
43658,0
99801,0
91937,0
97461,0
31255,1
75271,1
68800,1
37755,0
52543,1
8026,1
109518,0
9037,0
118156,0
116306,0
104243,0
40770,0
24705,0
15857,0
63519,0
37801,0
94823,1
101833,0
7640,1
83130,0
72160,1
42780,1
41424,0
23328,1
58141,1
103185,0
45904,0
42704,0
50409,1
2432,1
78681,0
111241,1
59998,1
21914,0
109590,0
105166,0
65380,0
24547,0
118449,1
81033,1
102972,0
112607,0
62696,1
100008,0
70770,0
114264,1
40393,0
55157,0
1514,1
57206,1
66786,1
81136,0
83677,0
70201,1
33287,0
65235,0
57303,1
22494,0
96099,1
86635,1
74377,1
21448,0
89857,0
95687,0
87719,0
111488,1
31328,1
58528,1
114443,1
13298,0
115648,1
35809,0
16689,1
106164,1
8284,1
108979,0
23693,0
35550,0
51512,1
46533,1
8344,1
9048,1
5454,0
63331,1
57462,1
86062,0
104602,0
99623,0
97484,1
58263,1
7196,1
73412,1
99197,0
112227,0
73000,0
101636,0
103372,0
28352,1
67736,1
81679,1
105652,0
52909,1
79145,0
80415,1
57654,0
46128,0
23187,1
68637,1
33610,1
39971,1
97026,0
60152,1
92540,0
66686,1
14731,1
30239,1
104343,0
72076,1
52583,0
32022,1
15661,0
25873,0
25741,0
112303,0
85070,0
78884,0
17263,1
59260,0
100217,0
9606,1
77091,0
99442,0
56746,0
90505,1
110461,0
96704,0
118034,0
59283,1
2456,0
68652,1
93739,0
70474,1
60760,0
9707,0
93529,0
3553,0
87764,0
67511,1
107612,0
78305,0
109490,1
9449,0
45393,0
102153,0
57421,0
48497,0
83707,0
81304,0
90810,0
34806,0
73245,0
61006,1
54507,0
53108,1
29189,0
58036,1
58786,1
10474,1
30058,0
104547,0
78309,1
83002,0
32293,0
37925,1
119293,1
64345,0
77952,0
78562,0
107090,0
83881,0
42825,0
93466,0
40958,0
8431,1
24546,0
74932,0
109127,0
3877,0
25002,0
39142,0
8214,0
23247,0
105743,0
72064,0
78714,0
112518,1
18980,0
111352,1
71237,1
76933,1
46744,0
89650,0
83702,0
38490,0
30734,0
14224,0
74034,1
49215,1
101908,0
507,0
55464,0
25478,1
85470,0
63296,1
7596,0
58910,1
96798,0
40892,0
5230,0
51083,0
67126,0
116557,1
18079,0
105572,0
33588,0
60683,1
50571,1
118996,0
92387,1
109084,0
84644,0
95308,1
55247,0
31655,1
15525,0
97379,0
89335,0
74242,1
118864,0
1940,0
78089,0
30655,0
10438,0
95042,1
99639,0
47545,0
78952,0
48871,0
79361,0
78896,0
25814,0
33405,1
67317,1
4876,1
37777,1
65200,1
16404,0
28019,1
45677,0
84520,0
81840,1
46785,0
52519,0
27242,0
64275,1
70064,1
41856,0
51127,1
81075,0
31571,0
89564,0
44519,0
40349,0
74875,1
4984,1
111366,0
36269,0
32971,0
4635,0
70374,0
79495,0
91206,0
35908,0
19056,0
25405,1
100469,0
32743,0
18911,1
86988,0
61609,0
21853,0
73711,1
118795,0
115510,1
14835,1
113097,1
3390,0
58119,0
94747,0
34361,0
59527,1
60485,0
90683,0
109646,0
108934,0
46454,1
60313,1
77006,0
52572,1
13777,1
3304,0
69502,1
112659,1
48984,0
47427,1
97117,0
86386,0
29836,1
119283,1
61448,0
90228,0
52154,1
55886,1
36002,0
45248,1
106755,0
36898,0
110253,0
61,1
115611,1
2888,1
108889,0
96643,0
80702,0
68544,1
36482,1
65703,1
93818,1
24827,1
35124,1
22761,0
89728,0
114454,0
1362,0
73014,1
117603,1
91872,0
70134,0
85799,0
44551,0
104458,1
47834,1
83768,0
103711,1
68161,0
72711,0
84956,1
49381,1
42180,0
63972,1
86738,0
96719,0
57378,0
63001,0
22738,0
14960,1
47379,1
47503,0
106364,1
110985,0
117886,0
32938,0
73387,1
100724,0
45504,0
112996,1
58794,1
10527,0
24754,1
87022,0
60300,1
9475,0
96837,0
32219,0
36658,1
21928,0
34814,0
56770,0
36120,0
29099,0
2773,1
81240,0
80985,0
14050,0
27237,1
56086,0
86870,0
67273,1
22143,0
102880,0
28572,0
35091,1
117109,0
97603,0
75049,1
44992,0
97114,1
113452,0
19845,0
80764,1
42859,0
14236,0
68457,1
36934,1
93126,0
61502,1
4279,0
7782,1
92825,0
57179,0
37452,0
87681,0
4924,0
20637,0
35608,0
77197,0
89071,0
65724,1
72514,1
10517,1
79042,0
32838,0
54077,1
62700,1
95448,0
87791,0
22957,0
22194,0
15641,0
4257,0
9729,1
13841,0
109641,1
92170,0
42519,0
81267,1
43239,0
29053,0
56475,1
75320,1
70876,0
99169,1
30679,0
29569,0
50488,1
75501,1
10278,0
39021,1
12879,1
109924,1
40026,1
81281,0
39041,0
17948,0
11139,1
42258,0
79792,0
73564,1
99794,0
50133,1
8577,1
63584,1
118453,1
73442,1
35713,1
109212,0
13949,1
100082,0
32626,0
45920,0
87716,0
91513,0
63888,0
25586,0
118099,1
76690,1
26177,0
19876,1
40999,0
85239,1
112481,0
102888,0
76941,1
96215,0
77823,0
118335,1
22344,0
17596,0
7239,1
115558,0
13083,1
60186,1
108435,0
55478,1
90092,0
22026,0
28556,1
59111,1
106119,0
38062,1
61999,0
74827,1
57676,1
85952,0
115135,0
86251,0
75410,1
81260,0
116920,0
42429,0
90288,0
18667,1
14736,1
54331,1
6690,0
64905,0
37007,0
70279,1
18246,0
35032,1
107477,0
103548,0
100230,0
49551,1
60976,0
20141,0
64217,1
20852,0
93093,1
2821,1
80986,1
61434,0
33961,0
86832,0
103765,0
144,0
92384,0
80820,0
48624,0
98527,1
29451,0
6725,1
55962,1
74938,0
82789,1
62031,0
51810,1
26973,1
44999,1
31499,0
103980,0
9671,0
105250,0
109826,0
81023,1
44684,0
71511,0
22367,0
33001,1
30693,0
20266,0
103551,1
99513,0
100817,0
100020,1
54721,1
80337,1
48879,0
100494,0
66811,1
60375,0
114548,0
117404,1
88073,0
76546,0
34832,0
71234,1
41028,1
34762,1
54624,1
94064,0
42408,0
92435,1
109958,0
31235,0
45712,0
99676,0
96991,0
77217,0
42743,0
12333,0
26442,0
6567,1
32068,0
99960,0
99053,0
26561,1
19636,0
51252,1
118039,1
92632,0
76129,1
76254,1
26805,0
14052,0
34439,0
91881,0
87900,0
84726,0
77108,0
63146,1
1419,0
7894,1
39816,1
32105,1
21249,1
42281,0
83460,1
94854,0
77811,0
10721,1
104132,0
56741,1
42646,0
28521,1
35997,0
58812,1
76307,0
18618,0
61591,1
6405,1
38852,0
103611,0
100879,0
13481,1
319,0
96657,0
107794,0
65436,1
49076,1
109829,1
102623,1
97695,0
20971,1
92335,0
110667,0
38359,1
101830,0
74318,0
13544,1
55544,1
17984,0
118484,1
73596,0
14965,0
115595,1
51099,1
81690,0
73259,1
30358,0
12217,0
43598,0
16197,1
59177,1
118402,0
46223,0
106095,1
105022,1
18701,0
59608,0
55215,1
119214,1
66891,1
96403,0
117277,0
112796,1
114440,1
86665,0
70683,1
78909,0
71988,1
9307,0
7593,0
92345,0
6184,1
74984,1
53545,1
66435,1
6545,1
74425,1
94546,0
101254,0
10781,1
95133,0
30513,1
39323,0
61382,1
81881,1
15384,1
36890,0
12810,1
12240,1
64629,0
96303,0
118862,0
17488,0
37935,0
71814,0
55518,1
83425,1
68860,1
749,1
62868,1
21563,0
82218,1
48301,1
68837,1
97158,0
80329,1
68801,1
97092,0
54146,1
113173,1
15441,0
94540,0
1895,0
32172,0
96780,0
40479,0
4729,0
6837,0
97616,0
15719,1
31883,0
14972,1
5043,0
72311,0
64147,1
28425,0
84911,0
12260,1
80818,0
29145,1
65314,0
5362,0
97098,0
26593,0
10213,0
8007,1
15748,0
67198,1
41790,0
113473,0
34437,0
28086,0
10942,1
681,0
117951,0
54021,1
91069,0
75282,1
93460,0
68648,1
76821,0
7761,0
74580,1
11047,1
4679,1
79398,0
37294,0
22277,0
67733,0
17465,0
19542,0
11284,1
24022,1
107013,1
2539,0
40541,0
15568,1
99524,0
4311,0
72305,1
34864,0
80340,1
67116,0
47453,0
3231,0
105495,0
38713,0
31051,0
26054,1
17248,1
11309,0
16323,1
21784,0
53161,0
4557,0
66193,1
107400,0
5204,0
59989,1
68065,1
7940,1
48913,1
89932,0
73939,0
4992,1
41116,0
81676,1
9099,0
61658,1
79998,0
63608,0
5758,0
83853,0
16370,0
22752,1
57613,1
96958,0
61573,1
10744,0
112347,1
42403,0
3324,0
12963,1
59173,0
51459,1
98713,1
84950,1
88102,0
107996,1
65998,0
87309,0
59014,0
10092,1
19311,0
73661,0
94856,0
33340,0
110451,1
97634,0
22112,0
25622,1
8251,0
88036,0
39208,0
100461,0
110083,0
12220,0
100767,1
92973,0
34554,0
10129,1
73591,1
59235,0
38737,1
108878,0
66592,1
55895,0
20629,0
28487,1
58410,1
89987,0
103618,0
91144,0
51351,1
26507,0
76040,1
24660,1
38630,1
21043,1
27618,1
77371,1
38232,1
15844,0
67950,1
74944,0
91011,0
43682,0
107645,0
108990,0
26143,1
79769,0
62383,1
83256,0
98315,0
37937,0
36965,1
107641,0
29706,0
84216,0
93800,0
74551,1
4410,1
17874,0
42469,0
56639,1
111568,1
90340,0
3252,0
29264,0
62396,1
58133,1
58111,1
70651,1
9793,0
88151,0
37055,0
3219,1
39035,1
75878,0
14840,1
51820,1
49511,1
76968,1
90123,1
113225,1
44478,1
118944,0
97947,0
2041,0
35757,0
6195,0
22669,0
8876,1
90635,0
41494,0
19401,0
35369,1
105825,0
80790,0
76897,0
113470,0
24159,0
107293,0
94110,0
12609,1
93475,0
23844,0
6655,0
117997,1
35710,0
107423,0
40657,0
28471,0
56818,1
79713,1
79339,0
75347,1
54049,1
116732,0
67838,1
22106,0
27177,1
71063,1
104556,0
110229,0
111024,1
36238,0
25193,0
116687,0
102656,0
1893,0
67769,1
87025,0
20495,0
14836,1
114474,0
24662,0
67509,1
14441,0
96612,0
115975,0
11040,1
42039,1
19840,0
93711,0
113863,0
41219,0
103343,0
20398,0
47989,1
54258,0
77313,0
39522,0
77688,1
84700,0
36882,1
89236,0
79596,0
101269,1
6887,1
101983,0
79694,0
109721,0
49793,1
94605,0
80914,0
51580,0
24078,0
33834,1
65661,1
85556,0
60338,1
113027,0
62222,1
7067,0
38032,0
13697,0
73576,0
517,1
33542,0
87997,0
97606,0
101272,1
36492,0
36642,0
101591,0
57263,0
70548,0
85971,0
104755,1
71191,1
45074,0
34861,0
53450,1
108559,0
84058,0
34728,0
32391,1
35943,0
57913,1
84192,0
30782,0
92907,0
93857,1
84670,0
46977,0
57448,1
72661,1
51023,1
59650,1
47547,0
68611,1
70159,1
114214,1
97668,1
95180,0
81108,1
73551,0
97266,0
27902,0
66249,0
119266,1
17923,0
15657,0
41631,0
77785,1
27128,0
33100,0
117633,0
95929,1
70115,0
26238,0
60791,1
103574,0
12471,1
71411,1
109173,0
13441,1
48436,0
56101,0
22563,1
7115,1
13868,1
109689,0
86076,0
61107,1
38524,1
22844,0
32642,1
96767,0
70662,1
111404,1
29500,0
23575,1
56603,1
87041,0
101047,0
73955,0
33073,0
53898,1
70922,0
34496,0
47366,1
103258,1
64287,0
61405,1
27840,1
65367,0
44963,1
52266,1
96307,0
52876,1
97160,1
68467,1
58615,0
68126,0
30107,1
29567,1
82004,1
81168,0
17752,0
38249,0
30765,1
62299,1
14900,0
44380,0
47450,0
74689,1
87006,0
110108,0
55162,0
47584,0
54256,1
77502,0
50060,1
106716,0
42862,0
44466,1
89607,1
19461,0
16387,1
59436,1
107335,0
31019,0
8663,1
76977,0
111917,0
32318,0
33376,0
48955,0
109547,1
53628,0
40209,1
69124,0
118187,1
10001,1
95703,0
11350,1
13525,0
107618,0
81164,0
61234,1
110789,1
110744,1
37851,0
114196,0
32579,0
49692,1
69253,1
29600,1
69901,1
114633,1
56391,1
112453,0
85701,0
29889,0
87458,1
39061,0
117357,0
39569,1
119010,1
91202,0
23559,1
113632,0
8130,1
33166,0
53698,1
102948,0
57696,1
5926,0
19969,1
33790,0
109663,0
62736,1
49229,0
11845,1
113095,1
58435,0
102789,0
24373,1
111769,0
30108,0
107859,0
5099,1
82569,0
84540,0
79859,1
22472,0
41799,0
30206,0
91597,1
13340,1
65655,1
44660,1
79683,0
81011,1
107953,0
74481,1
44913,0
92405,0
60761,0
50338,1
44109,1
17881,0
69661,1
47704,1
101191,1
39404,1
2048,0
11053,0
88267,0
79608,0
72829,0
117493,1
2654,1
113530,1
29782,0
14878,1
75381,1
88245,1
106000,0
99913,1
69379,1
35780,0
52465,1
92625,0
87534,1
58374,1
72026,1
108199,0
43101,0
89756,0
95208,1
63724,1
111564,0
68466,1
96533,1
37411,0
19972,0
16977,0
37680,0
22710,0
56274,1
102132,0
71193,0
63352,1
48973,1
24150,0
10412,1
5261,1
45514,0
105464,0
67076,0
112415,0
16025,0
50589,1
115522,1
52865,1
95089,0
82597,0
79302,0
113453,0
20590,0
80716,0
84595,0
96832,0
105197,0
31393,0
871,0
50757,1
34194,0
11096,0
96673,0
69949,1
54794,0
78955,1
111491,0
105939,1
58044,1
117025,1
116945,0
60118,0
78514,0
60707,0
1323,1
59155,1
21268,0
33173,0
64000,1
18107,0
60056,1
21398,0
36119,0
39943,0
1565,1
58557,0
11217,1
49909,1
9856,1
100191,0
111091,1
98699,0
92722,0
56800,1
105073,1
72660,0
114242,1
8413,1
30273,0
38197,0
49485,1
53496,1
29673,1
35938,1
44180,0
114229,1
73226,0
32965,0
31911,0
93348,0
54503,0
91384,0
32478,0
67172,1
92512,0
77021,0
8305,0
93976,0
9854,1
1297,0
22797,0
105264,0
42282,0
58518,1
89147,0
27589,1
36730,0
68195,1
72386,1
90587,0
68689,1
56502,1
21878,0
106917,0
79906,1
106033,0
31878,0
68177,1
117532,0
5749,0
76906,1
106457,0
27927,1
43705,0
21689,0
83468,0
7711,1
86788,1
117824,0
108205,0
88122,0
47741,0
69407,1
26291,0
22618,0
4517,0
20857,0
74903,1
47717,0
108724,0
117122,1
56959,0
15885,1
57656,0
74086,1
99310,0
54497,0
50949,1
20686,0
40623,0
48309,1
70311,1
10193,0
26037,0
71378,0
42691,0
30809,1
46838,1
97775,0
44941,1
84360,0
46435,1
64780,1
32665,1
59512,1
5661,0
99548,0
90116,1
53829,1
66351,1
87780,0
34683,1
83547,0
4967,0
36058,0
14046,0
7309,1
89675,1
105183,0
89862,0
8576,1
36608,0
80376,1
65905,1
98803,0
112825,1
95306,1
89079,0
23235,0
104925,1
79479,0
33864,0
106895,1
5128,0
84314,1
112584,0
103864,1
35210,0
67739,1
55418,1
81651,0
85732,1
101740,0
74678,1
70797,0
108576,0
73380,1
73215,1
74304,0
93589,1
111383,0
88894,0
81551,1
72882,1
89866,0
5037,1
113442,1
29374,0
95329,1
38498,0
21022,0
96270,1
70967,1
26292,0
48822,1
111966,0
35530,1
89636,0
81895,1
82974,0
79570,0
36634,1
61015,1
109596,0
94518,1
72957,1
32585,0
68584,1
51117,1
96682,1
77436,0
108071,0
26180,0
109520,1
71989,0
79900,0
7597,1
103650,0
104407,0
86205,0
25672,1
22471,0
6682,1
68698,0
36022,1
106769,1
52462,1
104101,0
92438,1
101043,0
85905,0
97505,0
91433,0
242,0
84038,0
13733,0
17502,0
40781,0
88249,0
49626,1
100337,1
34995,0
43599,0
42122,0
94278,1
89523,0
70228,1
14110,0
990,0
76988,0
108916,0
69778,1
86829,0
101463,0
99783,1
96986,0
25776,1
61241,0
112662,0
49675,1
64992,1
75400,1
57345,1
94798,0
113659,0
107507,0
67291,0
91276,0
25347,0
26318,0
42007,0
93556,0
85925,0
21750,0
63183,1
29268,0
108760,0
7231,0
12727,1
75033,0
87618,0
118067,0
56962,0
73345,1
73135,0
21463,0
35797,0
26856,1
24269,0
19357,1
102615,1
14457,0
96830,1
40951,1
84170,0
37053,0
70822,0
67918,1
87260,0
91866,0
117802,1
13376,0
90676,0
53963,1
89768,1
17297,0
33383,0
111312,0
100698,1
98313,1
81356,0
50750,0
82360,1
3418,1
79686,0
16988,0
101451,0
42648,0
29486,1
22575,0
65054,1
113793,1
499,0
74185,1
109609,0
104785,0
53147,1
115233,1
8796,0
52188,0
48695,0
73234,1
89149,0
52359,1
33885,0
59495,1
57343,1
99265,0
84606,0
111918,0
104395,0
100933,0
9567,0
60482,0
7081,0
28794,1
54230,1
53804,1
100589,0
85010,0
89971,0
86498,0
98814,0
103663,0
94135,0
96453,0
28005,0
52675,1
3659,0
8158,0
83924,0
34393,0
98689,0
45244,1
53344,1
72095,1
62208,1
19313,0
107512,0
99938,0
64146,0
59329,1
32280,0
107595,1
2903,1
4704,0
10393,0
24227,1
43853,0
31391,0
74668,1
103696,0
13390,1
78892,0
117148,1
19806,1
92425,0
12051,1
66452,0
109235,1
73744,0
21401,0
108674,0
118253,0
59611,1
89205,1
91928,0
105003,1
39133,1
41860,0
95140,1
38945,0
64315,0
101056,0
70424,1
55372,0
95748,0
97004,0
1128,0
115152,1
13266,1
57859,1
48205,0
54802,1
112983,0
3991,1
33102,1
16662,0
67268,1
93469,1
12949,1
47537,0
90674,0
57051,1
30269,0
96166,1
77587,0
50483,1
56785,1
95143,1
99340,0
109869,0
67574,0
119116,1
60608,1
41933,0
70485,1
98950,0
28282,0
111726,1
85198,1
63013,1
12730,1
62151,1
99184,0
55636,1
100274,0
13590,1
51783,0
12538,0
63505,0
67358,1
17747,0
85109,0
11150,0
50188,0
92249,0
73739,0
79050,1
105194,1
31138,1
17673,0
1779,0
778,1
74233,0
69128,1
51637,0
31531,1
32935,0
40970,0
72562,1
84028,0
88768,0
47555,0
110749,0
2404,0
2352,1
90322,0
21472,0
21823,0
52099,0
114388,0
67199,1
12873,1
107621,0
92842,0
92804,0
75843,0
51557,1
19155,0
98296,0
81553,1
83722,0
6136,0
39248,0
3656,0
532,0
114559,0
7659,1
82077,0
111810,1
91584,0
32779,0
31521,0
92208,1
86420,0
114469,0
117616,0
30681,0
70184,1
73952,0
10657,1
33297,0
6677,0
70274,0
68931,1
14575,1
24293,0
47155,1
40032,0
100043,0
101440,1
14847,1
71520,1
110797,1
33712,0
70959,1
39380,1
80526,0
71021,1
86223,0
48292,1
80900,0
103712,0
36996,0
47179,0
9470,0
28704,0
32418,0
6657,1
102763,1
19426,0
69495,0
31591,0
79872,1
74254,1
80420,1
103168,0
88522,0
34325,0
91169,0
60185,1
47953,1
84869,0
32416,0
47991,0
114019,0
55815,1
28527,0
99281,1
2461,0
36677,0
42085,0
27884,0
20406,0
101555,0
100836,0
114260,0
105735,0
117747,0
4282,0
38365,0
4048,1
116645,0
74868,1
17871,0
97387,0
47462,0
11519,1
20042,0
41124,0
54405,1
70341,1
109933,0
115813,0
23516,0
90773,1
89522,0
21029,0
55471,1
3174,0
95727,1
117836,0
51900,0
105552,0
800,0
79368,0
50432,1
56946,1
2641,1
61641,1
84711,0
92399,0
19363,1
89153,1
114915,0
21799,0
28925,0
9907,0
9623,1
81105,1
4214,1
54770,0
97287,0
91470,1
2741,0
17729,0
41604,0
6231,1
94894,0
113034,0
115236,0
87885,1
98631,0
51982,0
119358,1
10313,1
103426,0
50747,1
101952,0
23766,0
54559,1
101637,1
84405,0
10787,1
114081,0
32815,0
87683,0
104738,1
93698,0
44792,0
1663,1
72981,1
56817,0
85902,0
51103,1
92204,0
77322,1
49056,0
89828,0
88544,1
43768,0
30291,0
86749,0
35869,0
48521,1
118506,0
7779,1
19703,0
107572,0
26575,0
1115,1
76571,0
87192,0
62508,1
118800,1
64124,1
53091,1
50499,1
35686,0
97090,1
61346,0
88002,0
85786,0
84999,1
87650,1
69629,1
16384,0
38917,1
26870,1
5937,0
27805,1
6695,0
20510,1
17280,0
16703,0
61557,0
68082,1
107624,1
117906,0
117416,0
113968,1
28241,1
49424,0
71120,1
691,1
67595,1
112938,1
43982,1
106863,1
32467,1
48402,0
93340,0
39179,1
12478,0
81200,0
50025,1
97142,1
38438,0
49273,0
92232,0
56090,0
75578,0
61477,0
40140,1
98545,0
29368,0
110911,1
54735,1
95490,0
40806,0
98977,0
46363,0
94022,0
3329,1
48485,1
104599,0
41647,0
112305,1
89617,1
43780,0
1564,1
115072,0
48065,0
57430,1
116322,0
11183,1
112593,0
10230,0
77104,0
67820,1
68825,1
86454,0
23663,0
100890,0
724,0
79575,0
114480,0
23061,0
34099,0
114152,0
57996,1
93484,0
86724,0
75482,1
92795,0
50507,1
9227,0
109282,0
56075,1
92928,0
33605,1
109597,0
108419,0
57993,1
79864,1
30853,1
108162,0
110016,0
24111,1
20618,1
59285,1
53578,1
33974,0
67531,0
34792,1
71546,1
37170,0
7723,1
79431,1
73394,1
37499,0
17756,0
53488,0
116097,0
101250,0
48791,0
35717,1
10695,1
52979,0
87092,0
14212,0
56503,1
48304,1
2069,0
8386,0
91519,0
9150,1
108768,0
928,0
96690,1
80295,1
94759,0
101156,0
19486,0
96687,0
43525,0
93084,0
88479,0
4000,1
104390,1
77439,0
97321,0
78901,0
44146,0
20899,0
48137,0
92997,0
3421,0
97036,0
41956,0
110657,0
31965,1
118400,0
48826,1
73645,1
70696,1
33908,1
22791,0
115669,1
36918,1
110144,0
81992,1
8760,1
111523,0
104381,0
2070,0
56477,0
66663,1
65246,1
7677,1
12351,0
54870,1
819,0
204,0
85975,0
99372,0
57626,1
103220,0
26428,0
34613,0
69642,0
40399,0
85025,0
19639,1
21603,0
75648,0
102719,0
66879,1
13565,0
28929,0
67363,0
84013,0
78713,0
54047,1
68311,1
29636,0
112373,0
18034,0
92016,0
17265,1
12454,1
10960,1
77927,0
60500,0
52760,0
82673,0
47143,0
100534,1
94083,0
94517,0
62456,1
31756,0
29557,1
36382,0
26961,1
93401,0
48366,1
88785,0
72750,1
95864,1
69003,1
43846,1
103287,1
40266,0
107576,0
11736,0
101899,1
55148,1
49482,1
8651,0
110814,0
93945,0
80641,0
29367,0
16909,0
8690,1
50469,1
1816,0
103017,0
28744,0
77023,0
62009,0
31119,0
22281,1
111031,0
4366,0
97708,0
112229,0
116608,0
59180,1
59793,0
55627,1
49957,1
42217,0
30583,0
105844,0
82716,0
66220,1
53575,1
53247,1
92941,1
86518,0
78296,0
73273,0
10046,1
98405,1
92894,1
96351,0
113428,0
61235,0
52712,0
79994,0
60665,1
2356,0
19135,1
67020,1
49851,1
40896,0
99490,1
101476,0
10146,0
88598,0
42427,0
20968,1
79459,1
68986,1
47151,1
42330,0
1095,0
624,0
78947,1
105916,0
30740,0
23264,1
60935,1
19445,0
61331,1
14120,1
100779,0
17764,0
42223,0
44595,0
13252,1
67296,1
104147,0
48667,1
4786,0
68528,1
12851,1
98301,0
111358,1
114401,0
89921,0
8416,1
67948,1
51268,1
32231,1
66238,1
63119,1
98882,0
45734,0
56624,1
59645,1
80553,0
37385,0
88085,0
31740,0
82302,0
10513,1
61627,1
101147,0
94929,1
107314,0
49652,1
72098,1
20438,1
44602,0
16137,0
10713,0
39735,1
15013,1
79989,0
74728,0
82899,1
91418,0
96116,1
37516,0
90212,0
95022,0
29418,0
27134,0
48131,1
38335,0
49364,1
59241,0
62130,0
70825,1
90591,0
10498,0
113671,1
53927,0
65188,0
64098,1
57808,1
113519,0
56621,0
107255,1
112641,0
41138,0
64595,1
76280,0
101203,0
14344,0
65207,1
80784,0
118251,0
65101,0
42698,1
30639,0
37873,1
85790,0
77659,0
115042,0
102533,0
13157,0
111911,1
81720,1
23261,1
37772,0
52629,1
84868,0
45019,1
39520,0
57507,1
96854,0
100414,0
95631,1
28878,0
81504,0
89401,0
62640,1
60871,1
79544,1
90324,0
62413,1
1982,0
53749,0
113304,1
35756,1
21429,0
56116,1
82796,1
95364,0
14950,1
5216,0
32771,0
112182,0
55818,1
20944,0
81706,1
86474,0
4175,1
91145,0
107634,1
35071,1
64019,1
101431,0
101086,0
1433,1
119360,1
11640,0
47836,0
9442,1
71426,1
70856,0
26691,1
85456,0
30217,0
46268,0
38281,1
95337,1
76810,0
26986,0
34537,0
98158,1
90627,0
17527,0
56930,0
7269,1
106791,0
116392,0
86218,0
3195,0
100737,1
53918,1
9758,0
106881,0
24742,0
38692,0
4883,0
13874,0
51180,0
101178,0
25420,0
54071,1
18970,0
50248,1
33332,0
56896,1
67032,1
87546,0
74757,0
84199,0
9081,1
57513,1
72743,1
30438,1
26776,0
14839,1
97702,1
59965,1
77661,0
12613,1
60513,1
101601,0
39113,1
62285,0
39782,1
1159,1
83611,0
24692,0
112214,0
100733,1
85419,0
83723,0
77154,1
66095,1
99394,0
7456,0
92005,0
103332,0
47903,1
34543,0
26843,0
21731,0
78253,1
94179,0
91898,0
1023,1
61083,1
24622,0
13205,1
50203,0
13962,0
83388,0
63392,1
32093,0
36401,0
30907,0
43582,0
43313,0
78568,1
9769,1
37594,0
104883,0
66855,1
86962,1
24051,0
40750,0
1810,1
68952,0
57632,1
64178,1
101428,0
14144,0
15978,0
30252,0
102920,1
51309,0
109028,0
74549,1
57677,0
20828,0
118524,0
100007,0
79830,0
115857,0
76928,1
37063,1
93140,1
108603,0
110745,1
31098,1
44515,1
115701,1
91411,0
117517,1
114332,0
67411,1
49683,1
10483,1
105077,1
48470,0
116844,1
78667,0
43331,0
46053,0
28726,1
21318,0
9210,0
29165,1
63582,1
33398,0
117843,0
104169,0
17193,0
10109,1
9988,0
62581,1
3157,1
74121,1
60503,1
93941,0
73853,0
62884,1
112932,1
113138,1
64404,1
53579,1
72473,1
951,1
36746,0
70031,0
9971,0
68782,1
3319,0
93846,1
27865,0
113264,0
81498,0
112965,0
22518,0
80574,0
105216,0
53223,1
113332,0
103723,0
67861,0
52546,0
78170,0
100720,0
110177,0
4582,0
71142,1
82405,0
51223,1
79801,1
95691,0
103671,0
47312,1
13574,1
98445,1
119187,1
25309,0
43197,0
34015,0
47491,1
3779,1
81644,0
13784,1
49758,1
110453,0
22387,1
69777,1
73040,0
62950,1
106906,1
11590,1
102101,0
24257,1
38975,0
106783,0
42230,0
61098,1
102720,0
54480,1
70685,1
25506,0
64853,1
108521,0
42128,0
103023,0
6641,0
79993,0
32816,0
29784,1
65047,1
18455,0
75986,1
74702,0
73035,1
60468,0
52270,0
12849,1
69536,1
52041,1
35802,0
91485,1
2355,0
60157,1
30835,1
92910,1
47457,0
3452,0
35017,0
46065,1
81573,1
66699,1
6279,1
105323,0
10949,0
117799,1
58139,0
4275,0
110089,0
52743,0
4925,1
63749,1
128,0
45153,0
56072,0
65883,1
29979,0
102778,0
97230,0
38984,0
90350,0
98004,0
64888,0
51609,1
102776,1
67752,1
25340,0
85185,0
9776,1
5865,1
43694,1
16303,1
94673,0
6792,1
21668,0
105709,1
106266,0
6890,1
77153,0
33865,0
102183,1
23477,0
35021,0
83766,0
34335,0
104900,1
112407,1
30192,0
69720,1
2831,1
101962,0
100679,0
46819,0
72982,1
44353,0
4559,1
69797,1
58060,1
94568,0
74463,1
88396,1
95433,0
82639,0
41738,0
75166,1
25177,0
70674,1
87272,0
28405,0
89304,0
15945,0
32814,0
71943,1
56858,1
43719,0
3117,0
89167,1
49446,1
73849,0
12766,1
114045,0
351,0
103940,1
61222,0
118396,1
30631,0
16346,1
19716,0
8177,0
69129,1
25532,1
19287,1
22588,0
37164,0
90166,0
9279,1
80723,1
87984,0
96426,0
29716,0
1868,0
48835,0
29299,1
57015,1
68244,1
58790,1
106423,0
51980,0
50102,0
86775,0
50911,0
46185,1
29874,0
114398,0
85825,0
15460,0
39255,1
89268,0
20650,0
53241,1
74518,1
105331,1
115746,0
115312,1
74560,1
19372,0
43336,0
28926,1
38264,1
9001,1
65656,1
93585,0
81441,0
102531,0
29646,1
113985,0
116123,0
114626,1
74597,1
7707,0
27048,0
13619,1
47939,0
108857,0
10062,1
60781,0
113184,0
119205,1
79617,0
92834,0
96879,0
95583,1
14990,1
78366,1
111795,1
98411,0
91550,0
71227,1
97788,0
77338,0
114643,0
52486,1
42603,0
114978,1
41425,0
117008,1
64661,0
99511,0
66468,1
77921,1
75711,0
91809,0
54839,1
5704,0
34655,0
30422,0
33179,0
108467,1
100619,0
51138,0
30546,1
2955,0
44094,1
44708,0
68417,0
13807,0
66378,1
71115,1
106677,0
74726,0
57259,1
114645,0
100623,0
57934,1
4415,0
107271,0
115905,1
39982,0
32061,0
74360,0
46882,0
50825,0
83511,1
49363,0
77821,0
102897,1
81228,0
54635,1
32479,1
108027,0
17670,0
62792,1
33987,1
76745,0
118746,1
16,0
118055,1
44277,1
6282,1
107773,0
71325,1
36870,0
87725,0
105729,1
19646,0
30250,1
35060,1
105242,0
1004,1
113718,1
46362,0
81339,0
98086,0
95403,1
49036,1
74897,1
3138,0
28109,0
32823,0
29611,1
12205,1
6651,0
71915,0
83000,0
63478,1
10390,0
113878,1
99843,0
89594,0
74189,1
45643,0
75691,0
9676,1
52748,0
44690,0
93863,0
42482,0
79412,1
50864,0
38242,0
65715,1
21706,0
45990,1
59191,1
105090,0
23815,0
81571,1
111625,0
58530,0
4586,0
6520,0
111216,0
74964,1
96281,0
55458,1
407,0
74116,1
36766,0
8367,1
86395,0
30570,0
73007,0
104193,1
75921,0
22127,0
13528,1
84355,1
95966,0
111600,0
106531,0
34513,0
3280,0
116261,0
28323,0
89805,0
65283,1
23449,0
19608,0
85656,0
110397,0
55068,1
1688,1
26496,0
82548,0
49564,1
62192,1
87238,0
114294,0
41879,0
75463,1
104797,1
62244,1
117587,0
62642,1
50658,0
6390,1
17351,0
56588,1
111152,0
3614,0
43893,1
26200,0
75502,1
84947,0
65992,0
86442,0
29536,1
85222,0
31873,0
113410,0
82257,0
115157,1
70923,0
8441,1
47827,1
27592,0
94796,1
60136,0
6,0
114702,0
13351,1
75893,0
90259,1
11083,0
80588,1
116523,1
84547,0
81763,1
112000,1
73871,1
40968,0
77259,1
79344,0
4765,1
79052,0
80720,0
36562,0
97440,0
94432,1
115854,0
92459,0
45141,0
20255,0
8761,0
51330,0
52612,1
26945,0
66851,1
62277,1
52663,1
81118,1
24274,0
59607,0
6013,0
88941,0
116751,0
90290,0
63709,1
35945,0
77865,0
34383,1
40045,0
39358,0
72649,0
106176,0
40431,1
81628,1
111089,0
7224,1
89578,0
87482,0
87379,1
47297,0
40620,0
25343,0
78811,0
98479,0
34087,0
92228,0
21871,1
99668,0
60639,0
3818,1
752,0
55361,1
2662,1
2506,0
48855,0
75693,0
37833,0
21070,0
90250,0
113158,0
108971,0
71776,1
91179,0
67120,0
40823,0
34489,1
74748,1
68317,1
49270,1
101662,0
78624,0
8565,1
29187,0
28290,0
33993,0
72918,1
97270,0
74094,1
107360,1
18923,0
9395,0
5546,0
57994,0
2956,1
90673,0
106509,1
44245,0
4543,0
9093,0
93358,0
76268,0
99990,0
100707,0
1735,1
92480,0
71390,1
16216,0
59087,1
109746,0
113738,0
73694,0
47575,1
27372,0
84777,0
60567,1
15021,0
77140,0
29960,0
36939,1
99710,0
81264,0
95372,0
46971,1
71553,1
31140,0
53066,1
94114,0
15596,1
2228,0
18905,0
112351,1
24354,0
50878,0
102957,0
609,1
23685,1
64471,0
108362,0
104546,0
29233,1
100979,1
33841,1
61223,0
38777,0
51220,1
19126,0
117096,0
51504,1
65609,1
42220,0
102871,1
85267,0
112156,1
39723,0
114380,1
52096,0
99468,0
72890,1
42742,0
115896,1
56889,1
102653,0
116310,0
90335,0
34755,0
94774,0
43980,1
118127,0
88372,0
34607,1
89385,0
28491,0
71930,1
54034,0
12589,0
100812,1
25409,0
36549,0
68408,1
97399,1
78135,0
106029,0
16714,1
67503,1
88819,0
98556,0
91467,0
86336,0
99832,0
82625,0
69001,1
108062,1
14404,1
33906,0
15456,0
84043,0
44165,0
86871,0
82482,0
76663,0
8277,1
110897,0
83530,0
40003,1
8245,0
33653,0
72936,1
105551,0
46329,1
68369,1
118791,0
114579,1
81860,1
104603,0
59226,0
19125,0
20388,0
7546,1
14703,1
72642,0
72130,0
102489,1
85797,0
14509,0
17247,1
46797,0
15268,1
56413,1
33302,0
118743,0
97277,0
112492,0
24741,0
83027,1
119196,1
111775,0
23829,1
62123,1
32507,0
83319,0
94878,0
57925,1
53212,1
38339,1
15396,0
77135,1
89337,0
81894,1
38947,0
83873,1
25623,0
104798,0
32518,1
68509,1
64348,0
33192,0
96523,1
44494,1
31210,1
105753,0
56513,1
29972,0
81626,1
39896,0
14665,0
82039,1
67920,0
89567,0
5609,0
56958,0
83043,0
102401,0
92694,1
54234,0
49749,0
65069,0
23761,0
16937,0
116908,0
56577,0
111387,1
17275,0
28924,1
43536,0
87433,0
96013,0
112413,1
30806,0
114246,0
42609,0
66203,1
55234,0
86473,0
73333,1
113790,0
21971,0
71557,1
16141,0
87131,1
46352,0
101179,1
64203,1
24379,1
100466,0
11990,0
114413,0
373,0
44321,1
114859,0
57191,0
60619,1
111022,1
58061,1
113539,1
11291,1
31710,1
58626,0
74008,1
965,0
26813,1
4262,0
56323,1
76953,1
20507,0
72845,0
42914,0
104806,1
111537,0
105794,1
100944,1
40524,0
21097,1
90603,0
77253,1
32140,0
90754,0
99049,0
94913,0
86087,0
84427,0
73529,1
73689,0
106660,0
98213,0
47941,0
54202,1
17168,0
47823,1
43363,0
14203,0
59969,1
29508,0
54799,1
76088,1
35292,1
22746,1
29870,0
75912,0
48613,1
101971,1
81538,1
83140,0
12570,0
77454,1
57875,1
41126,0
18353,0
39953,1
54629,1
67035,1
2085,0
31192,0
49285,1
53204,1
88065,0
9598,1
100653,0
106042,1
82913,1
68366,1
76792,0
32985,0
92164,0
34159,0
97803,0
94676,1
47653,0
96855,0
70391,1
55760,1
114922,0
42034,0
97524,0
57282,0
113287,0
102714,0
115062,0
95237,0
20997,0
114874,1
61136,1
75522,1
73430,1
56373,1
22870,0
16343,1
38849,0
78119,0
112261,1
60174,1
89334,0
109472,1
78912,0
18545,0
75776,0
111281,0
28125,0
25165,1
80153,0
4081,0
116452,1
45921,0
3560,0
89124,0
81859,1
7893,1
46106,0
33498,0
31453,1
29172,0
106998,0
95148,1
53070,1
9012,0
61467,0
41828,0
4553,0
70882,1
112821,0
65068,1
107860,1
58103,1
39923,1
80414,1
25923,0
36683,0
65482,1
109703,0
57283,1
31332,1
70111,1
8486,1
64640,1
58543,0
14320,0
20285,0
6394,1
13485,1
111927,1
89537,0
98090,0
62135,1
83346,0
98333,0
21323,0
23690,0
64552,1
80470,1
113492,0
59221,1
96277,0
110219,0
3804,0
36708,0
91771,0
16041,1
97079,0
101577,0
102592,0
49815,0
92985,1
67889,1
53439,1
32251,0
29487,1
108585,0
36598,0
48210,1
107536,0
112879,0
29108,0
98819,0
29665,0
96488,0
48672,1
113143,1
58879,1
90308,1
77660,0
90597,0
28283,0
90096,0
3897,0
32253,1
56960,0
95841,0
87706,0
106872,0
67292,1
19458,0
115782,0
93966,0
74767,0
6256,0
100350,0
33674,0
50423,0
41855,1
21457,0
54439,1
71187,0
53807,1
788,0
116174,0
108980,0
1864,0
77397,0
41447,0
74119,1
104570,1
31687,1
90516,0
19145,0
48593,1
92653,0
87845,0
23488,0
12948,0
23324,0
10735,0
50606,1
62263,1
98683,0
47182,1
81014,1
61846,1
30720,1
67418,1
41179,1
32536,0
45114,0
24485,0
90949,0
28426,0
3915,0
75396,1
53688,0
54909,0
64192,1
58620,0
53608,1
100586,0
53681,1
100765,1
109817,0
58880,1
58342,1
12303,0
100120,0
29878,0
72433,1
51656,1
50038,0
60018,1
15638,0
26254,1
51879,0
62968,1
21408,0
109197,1
64016,1
11062,0
56652,1
39150,1
96334,0
67496,1
14536,0
38813,1
68711,1
38530,0
74114,1
40451,0
50641,1
67669,1
10350,1
97232,0
51741,1
10603,0
3345,0
81201,0
15325,0
101762,0
6187,0
47783,1
37537,0
42072,1
67320,1
101818,1
109377,1
107720,0
14947,0
79657,0
114949,1
32797,0
38689,1
68737,1
53702,1
110653,0
93651,1
85550,0
48788,0
42938,0
77005,0
118605,1
19146,0
17931,1
22241,0
63730,1
20232,1
77730,0
7594,1
7975,0
45130,0
98571,0
97717,1
53500,1
100746,1
113084,0
93124,1
7785,1
110609,0
41046,0
50249,0
113955,1
72070,0
22857,0
57759,1
45286,0
55174,0
1281,0
109564,0
12619,1
40497,1
10231,0
60918,1
44829,0
1554,0
54877,0
7667,1
101945,0
100854,1
17667,0
36189,0
12289,0
58541,1
92537,0
102938,0
78618,1
55775,1
13804,0
77605,0
100560,1
23383,0
78099,0
19883,0
31289,1
55680,1
49158,1
52230,1
95941,0
7024,1
76540,0
50346,1
14537,0
4811,0
63562,1
61771,1
95183,1
24253,0
12107,1
41506,0
90631,1
74076,1
2738,0
78812,0
61087,1
6379,0
75810,0
4179,0
69840,1
49130,0
81204,0
79222,1
2589,0
17536,0
1220,0
73005,0
9581,1
110121,1
112628,1
52874,1
1694,0
107774,1
112771,0
69198,1
50704,0
118457,1
39646,1
74956,1
67062,1
20059,0
41410,0
49706,1
65802,0
83362,1
114079,0
26377,0
44645,0
12368,0
30684,1
66920,1
37444,1
57787,1
61638,0
76769,1
47721,0
14177,1
79507,0
110328,0
33325,0
70831,1
50655,1
49488,1
64498,1
11439,0
79480,0
78858,0
83173,0
10908,1
48713,0
112519,0
111887,0
83557,1
79127,1
37011,0
1811,1
118970,1
70343,1
8569,0
8975,0
28804,1
79756,0
37999,0
71848,0
43984,0
48572,1
66187,1
98089,1
27636,1
59739,1
9635,1
73089,1
117656,1
58268,0
94046,1
84692,1
83898,0
25924,0
80472,1
12447,0
60249,1
86239,0
34777,0
22211,0
55693,1
105204,1
47217,0
37221,0
23668,0
118238,0
3128,0
52624,0
20167,0
60508,0
17901,0
59175,1
21791,0
30739,1
74533,1
66111,1
96147,0
102140,0
18860,0
66173,1
28396,1
108718,1
111299,1
47510,1
42939,0
90472,0
65044,1
21009,0
118327,0
111860,0
17705,0
66853,1
87938,0
46973,0
97671,0
57041,1
101938,0
34373,0
55806,0
75686,1
61362,0
9640,1
54697,0
69359,1
65792,1
15080,0
35263,0
78655,0
118740,0
63416,0
62089,1
51666,1
108605,0
66144,1
93780,0
14545,0
13982,1
75862,0
2494,0
97093,1
46116,0
21834,0
12359,1
62406,0
76299,0
56082,0
100872,1
94815,1
6169,1
52158,1
95446,0
48876,1
18379,0
24205,0
95937,1
118645,0
39555,1
74426,1
30700,1
112810,1
34221,0
90362,0
105786,0
28206,1
92350,0
1054,0
81290,0
22065,0
63726,1
117166,0
77774,0
93758,1
112317,0
13515,0
65383,0
16901,1
102318,1
13155,1
41405,0
8731,1
68435,1
83997,0
60851,1
43567,0
24604,0
88152,0
70182,1
29213,0
31977,0
63657,1
2690,0
56553,0
458,0
26488,0
47876,1
59220,1
79417,1
31299,0
33147,1
9462,0
102135,1
76804,0
64776,1
42739,0
87694,0
30282,1
113466,0
106319,0
619,1
89327,1
108314,0
67907,1
4424,0
36966,0
103,0
72123,1
71452,0
24669,0
111843,1
8420,0
32407,1
19579,0
13624,1
75149,1
9111,1
42303,0
53004,1
20934,1
116807,0
80638,0
38787,1
54947,1
76520,0
40506,1
58697,1
113807,0
13334,1
62992,1
112637,1
2951,0
7244,1
712,0
50095,1
44102,1
35413,0
111009,0
30891,0
108348,0
41792,0
106688,0
18585,0
45005,0
95590,0
7183,1
93439,1
76607,0
44493,0
78898,0
70823,1
63983,0
23169,0
31539,0
93050,0
68298,1
33113,0
99718,0
48615,1
4585,0
57341,1
85347,0
19227,1
85299,0
19839,1
76423,1
34914,0
89726,0
73618,0
19013,0
106254,0
54184,1
39577,1
97424,0
86229,1
1350,0
109068,0
27824,0
57504,0
53229,1
80788,0
95330,1
36913,0
81125,1
68346,1
105662,0
52799,1
89574,0
46390,0
107042,1
67973,0
111287,0
21658,1
34869,0
119177,1
56633,1
27683,0
20764,0
103578,0
50115,0
29777,1
29126,1
13911,0
32543,0
62563,1
60312,1
2981,0
94689,0
108890,0
13465,1
66846,1
73176,1
28708,0
72492,1
62861,1
57850,1
113261,1
48160,0
48584,1
78917,0
107979,0
111160,0
85913,0
110852,0
24929,1
106745,0
34659,1
104726,0
119181,1
71240,1
65049,1
95653,1
36342,0
29112,0
76532,0
29750,0
112842,0
6137,0
15681,0
8911,0
9202,0
33680,0
48135,1
36200,0
74534,1
29628,0
110116,0
14707,1
95126,0
88605,0
9452,0
63031,1
71502,1
106399,0
107165,0
62035,1
79168,0
79121,0
14936,1
87793,0
49689,0
92130,0
17274,0
54709,0
87102,0
24978,0
14923,0
53766,1
115825,0
100973,0
103556,0
109172,0
94499,0
119106,1
43545,0
112139,0
99922,0
14750,1
39202,0
94250,0
53951,1
56276,1
53533,1
110029,0
33289,0
107048,0
29178,0
57703,1
79604,1
8913,1
52930,1
88090,0
16372,0
76974,1
102912,0
112891,0
27659,1
73049,1
5107,0
4847,1
63222,0
17457,0
13603,0
80696,0
47272,0
57081,1
65250,1
103562,0
29289,0
91412,0
62820,1
28569,0
110432,0
14689,1
108202,0
82727,0
112695,0
1789,1
15896,1
58176,0
57471,1
7411,1
40277,0
61092,0
82699,1
78436,0
61911,1
76121,1
5106,0
93565,0
31989,1
107960,0
31065,1
25422,0
43441,1
47202,0
16735,0
37922,1
59730,1
105957,0
22453,0
60699,0
27630,1
102196,0
59000,1
87338,0
107628,0
117138,0
47163,0
70268,1
84707,0
63350,0
15659,0
25778,0
18024,1
97433,0
23313,1
6616,1
77974,0
3958,0
29825,0
5034,0
70423,1
1847,1
69276,1
70728,1
57446,0
85747,0
50597,0
46378,1
42585,0
52085,1
14663,0
60292,1
21553,0
72119,1
35442,0
4289,0
82589,0
96667,0
42837,0
60729,0
55861,1
31537,1
79261,1
102913,1
116059,0
98114,0
67148,0
73264,1
99863,0
66877,1
45296,0
69586,0
46056,0
67371,1
35688,0
100408,0
72149,0
63507,1
99047,0
53984,1
91108,0
80428,1
69065,1
9551,0
35331,0
8318,0
70041,1
108877,1
77641,0
52655,1
44089,1
40689,0
15362,1
39000,1
82324,1
67938,1
47432,0
69400,1
4162,0
95481,0
55216,1
30699,0
50524,0
51928,0
33998,0
31484,1
69825,1
58185,1
61272,0
86772,0
33250,0
61117,1
27859,1
35942,1
110560,1
64670,1
80861,0
29474,1
3446,0
30950,1
112400,1
41965,0
115586,1
87811,1
43650,0
84221,0
85935,0
70668,1
50180,1
11983,0
54557,1
10623,1
12677,0
51994,1
107809,0
15607,1
107925,0
29214,0
90780,0
88058,0
40713,1
68971,1
59586,0
69118,1
70246,0
70549,1
91357,0
20806,0
33198,0
118671,0
27306,0
15608,0
47070,1
79484,0
93207,0
94423,0
6254,1
26695,1
100313,1
59368,0
37323,0
30914,0
87539,0
119016,1
22621,0
57886,1
68010,1
113471,0
61565,1
75022,0
22288,0
77859,0
4908,0
83076,1
36036,0
93810,0
21261,0
98864,0
21814,0
69952,1
67926,0
114576,1
29417,0
10107,0
28909,1
115140,0
116984,1
56547,1
62931,1
36232,1
21688,1
6861,1
81349,0
26284,0
90697,0
40048,0
84181,0
45680,0
100409,0
44143,0
22291,0
28965,0
69352,1
68127,1
91097,0
17991,0
3060,1
26847,1
70382,0
104210,0
101046,0
61464,1
60247,1
25794,0
2788,1
58237,1
14330,1
115160,0
44737,0
53227,0
110293,0
48527,1
114556,0
74395,1
20192,0
52903,1
1546,0
22590,0
46850,0
97931,0
72025,1
43393,1
93540,0
41381,0
69273,1
86886,0
18517,0
83732,0
93994,1
89186,0
32503,0
83658,0
88847,0
91667,0
65906,1
106976,0
35510,0
73255,1
71970,0
79912,0
103605,0
81826,1
26722,0
111563,0
57525,1
85033,0
89293,0
78769,1
58232,0
91655,1
101221,0
109660,0
70398,1
34275,0
85339,0
116245,0
36528,0
107488,0
116238,0
26353,0
13103,1
14833,1
108823,1
14697,1
60443,0
68484,1
83494,0
103030,0
79536,1
113166,0
43920,1
51693,1
38084,1
85009,0
74013,1
19742,0
69332,1
110139,1
46031,0
59341,1
2931,0
66845,1
34216,0
79046,0
19884,0
30238,0
51578,0
104582,1
115893,0
81996,1
212,0
54655,0
101758,0
28338,0
97361,1
68783,1
47047,1
69883,1
28450,0
21290,0
81634,1
79209,0
24982,0
89470,0
25236,1
28332,1
20742,0
10008,0
98493,1
84541,0
22259,0
44192,0
115534,0
89042,0
114510,1
37586,1
101005,0
95215,0
9492,1
93495,0
22889,0
111597,0
33948,0
38395,1
72548,1
4448,1
18097,0
86664,0
19451,0
80821,0
50592,0
118451,1
88940,0
97153,0
81317,0
23392,0
63856,1
118085,1
69809,1
87846,0
7870,1
116446,0
42800,1
72197,1
27599,1
14027,0
7551,1
108274,0
37465,0
3079,0
38499,0
22587,0
4211,1
114188,1
36523,1
69185,1
102528,0
27244,1
22345,1
19692,0
723,1
20270,0
113886,1
115106,1
76469,1
63124,1
91493,1
78560,0
118346,0
60079,0
50091,0
90816,1
42526,0
110783,1
57635,0
9199,0
104481,0
106671,0
59955,1
29731,0
86646,0
109141,0
88908,0
62461,1
78263,0
54961,1
106199,1
50858,0
118802,0
82390,1
87520,1
75364,1
89652,0
11697,1
95634,0
207,0
114901,0
34996,0
89609,1
110406,0
85460,0
52792,1
59587,1
90206,0
110352,0
64527,0
9613,0
53471,0
5522,0
53153,1
10364,1
85244,0
21289,0
4496,1
35234,0
78177,0
77073,0
30694,1
58678,1
16000,0
111100,0
1160,0
14654,0
18929,0
76627,0
34259,0
31657,0
6660,0
65020,1
91498,1
30614,0
89063,0
64477,0
37445,1
114089,0
9840,1
60014,0
105575,1
108120,0
85437,0
114513,0
117042,0
103089,1
40668,1
17714,0
42832,0
69382,1
6536,0
74070,1
57824,1
62665,1
114453,0
44161,0
45457,0
21883,0
4032,1
42475,0
20108,0
81645,0
38732,1
116478,1
77556,1
67578,0
9633,1
15649,1
36123,0
108447,0
46164,1
16686,0
44628,0
85871,0
99852,1
111751,0
25279,0
65974,1
29442,0
117961,1
95618,1
116300,1
94800,1
12435,1
64593,1
102955,0
28508,1
98958,0
106880,1
34242,0
88648,1
9043,0
94677,0
65959,0
77925,0
42987,1
40731,0
88324,0
21023,0
50377,0
117930,1
90701,0
117116,0
7943,1
59973,1
72560,1
33645,0
118744,1
118497,0
11273,0
25394,0
92584,0
80163,0
48424,0
27610,0
23040,0
63599,0
43977,1
48868,1
65404,1
36170,0
28837,0
94497,0
97857,0
15337,0
49392,1
114245,0
75183,1
88545,0
67220,1
3669,0
60777,1
85551,0
82883,1
1727,0
108428,0
47598,0
87540,0
16244,1
116111,0
14435,1
62970,1
93477,0
35340,0
88802,0
112334,0
64543,0
114090,0
42522,0
17126,0
49673,1
71348,1
53953,0
33602,1
21035,0
19586,0
72154,1
58689,1
18805,0
39200,0
96101,0
115919,1
35192,1
22331,0
13132,1
14230,0
89648,1
80095,1
28874,0
10095,1
78967,1
100882,0
7997,0
19153,0
17276,0
117719,1
41477,0
37743,0
2532,0
72727,0
24545,0
22802,0
50146,1
26762,0
85363,0
67704,1
1501,0
97337,0
61695,1
21451,0
19282,0
12370,0
110301,1
23225,1
1329,0
80141,0
50245,1
6736,0
15229,0
76871,1
47777,1
66096,1
62873,1
32790,1
83798,0
70000,1
78056,1
73734,0
111224,0
103905,0
93120,0
117703,1
4324,1
40219,0
17033,0
74743,1
1105,0
56787,1
84423,0
107411,0
43377,0
73067,1
86423,0
47184,1
5072,0
53664,1
28329,1
117642,0
42457,0
3404,0
85676,0
108892,0
61009,1
107551,0
97130,1
7475,1
118555,0
4393,1
34518,0
86658,0
59764,1
20107,0
48133,0
111098,0
88938,0
38297,0
47109,0
43509,0
68861,0
111205,0
28714,0
110346,0
7286,0
56653,1
96376,1
67313,1
43183,0
82891,1
103468,0
107785,0
79364,0
105970,0
57781,1
100454,0
48740,0
114170,0
94520,0
109806,1
93806,0
6979,0
68796,1
42134,0
93328,1
109833,0
56685,0
90471,0
88678,0
37921,1
102324,0
104596,0
85464,0
95388,0
106435,0
32350,0
81921,1
59941,1
104179,0
12043,1
25024,1
5927,1
3555,0
66995,0
58800,1
14056,0
97111,0
74966,1
44810,0
65692,1
33131,0
73071,1
80793,0
32404,0
59078,1
39001,0
73204,1
87293,0
35546,0
81968,1
48487,0
82122,0
107067,1
87122,1
29175,1
45312,0
79785,0
44918,1
98404,1
33661,0
10466,1
95839,0
63985,1
17959,1
8146,0
69920,1
16126,0
65710,1
119355,0
29516,1
41795,0
43288,0
39571,0
104478,0
92245,0
87279,0
118623,0
94085,0
90480,0
105549,0
30054,0
105988,0
76272,0
112585,0
2704,1
48748,0
102245,0
65394,1
80996,0
34866,0
113326,0
108533,0
110178,0
80355,0
32377,0
43952,1
37291,0
97178,1
5867,1
20019,0
9767,0
49456,1
6259,1
64719,1
69782,1
33209,0
54054,1
42884,0
56301,0
53588,1
39280,0
93414,0
33539,0
64714,1
118912,0
34811,0
101565,0
4186,1
43131,0
116355,0
24287,0
61495,1
116686,0
50010,1
27763,0
90407,0
50255,0
82961,0
91185,0
84290,0
34670,1
66947,1
21168,0
73621,1
98464,0
76269,1
55230,1
109873,0
10816,1
39967,0
56042,0
62726,0
5968,1
35953,0
82241,1
95719,0
36105,0
18399,0
110532,0
79672,0
59917,1
62689,0
57300,0
30688,1
111328,0
97607,0
24490,1
81655,0
82237,1
19754,0
60131,1
96604,0
53409,1
33684,0
28856,0
101327,0
95317,0
70894,0
49788,1
38040,1
4784,1
54142,1
113429,1
112808,1
110056,0
20736,0
72281,0
112340,0
75942,1
113658,0
2713,0
86827,0
60725,0
104645,0
105609,1
24299,0
87653,0
36754,0
101693,0
28033,1
36702,0
14662,0
66161,1
62054,0
74441,1
72516,0
89689,0
59214,1
104870,1
92801,0
11940,1
51988,0
17115,0
107689,1
90784,0
58416,1
45117,0
254,0
33944,1
1775,0
96402,0
86914,0
73797,0
52182,0
9852,1
103883,0
63362,1
9085,1
67146,1
37207,0
49198,0
18780,0
96661,1
9009,0
92544,0
12717,1
64633,1
26649,0
35408,1
80104,1
27163,0
24096,0
56198,1
74578,1
22674,1
22867,0
91454,1
12106,0
1476,0
38902,0
119186,1
102379,0
108914,0
113343,0
15556,0
65969,0
118467,0
58083,1
80444,1
36227,0
83605,0
65397,1
68624,1
74003,1
94726,0
19137,0
2923,0
8568,0
11343,0
78457,0
76681,0
2877,0
32858,1
30132,0
49870,0
118648,1
28394,1
71058,1
117792,0
43362,0
119276,1
65023,1
16723,0
101155,0
5356,0
39831,1
72221,0
53343,1
68829,1
22847,1
73585,1
40087,0
80954,0
43445,1
45879,0
116486,0
89217,0
109358,0
7708,0
23018,1
105405,0
48127,1
108837,0
91111,1
28875,0
1678,0
104009,0
81814,1
38344,1
28961,0
79976,0
50174,0
59927,1
105616,0
56928,0
77242,1
40888,0
79214,0
21902,0
97448,0
96751,0
24224,1
22566,1
101806,1
43577,1
39297,0
86006,0
255,0
42630,0
87430,0
23229,0
30836,0
31129,0
60301,1
89242,0
15982,0
96390,0
87783,0
65887,1
63318,0
46456,1
94660,0
18326,0
109463,0
54732,0
11647,0
100352,0
99906,1
97075,0
115873,0
6423,0
88606,0
49924,1
39357,1
59602,0
17685,0
44062,1
82800,1
73061,1
51456,1
25842,0
89997,0
2959,0
52450,1
10456,1
28227,1
63186,0
99641,0
76708,0
17209,0
86913,0
104421,1
20417,0
93740,0
7682,1
59637,1
90127,0
39732,1
37673,0
13937,0
42216,0
46165,1
42399,0
57484,1
118126,0
3167,0
24932,1
78957,0
32191,0
29739,0
70953,1
23181,0
114547,0
49124,1
49013,0
88675,0
90105,0
47129,0
61516,0
11140,1
12569,1
40374,0
28624,0
43114,0
82804,1
38205,0
24614,0
20002,0
14524,0
96807,0
26782,0
25960,0
74881,1
72840,1
15170,0
104281,0
95641,0
116488,0
10347,1
34136,0
111391,0
87443,0
13518,1
58423,1
24141,0
43680,0
17031,0
67661,0
51851,0
73630,1
34895,0
32333,1
55089,1
108910,0
8658,1
62690,1
49964,1
59039,1
68405,0
119102,0
110867,0
41240,0
54476,1
731,0
70167,1
67024,0
63775,0
75445,1
106456,0
38236,0
29959,1
83090,0
86785,0
33550,0
101340,0
2565,0
32937,0
37705,1
38130,1
91690,0
31559,0
117853,0
50735,0
69792,0
23996,0
82759,1
5622,1
68025,1
72306,0
1991,1
8094,0
5190,1
52775,1
24757,0
54920,1
24198,0
89762,0
55501,0
22501,1
97593,0
106243,0
23517,0
41329,0
52483,1
102621,0
68270,1
14653,0
30751,0
41301,0
5167,0
72929,1
70090,1
52097,1
43806,0
34624,0
45498,0
100870,0
27103,1
94397,0
53281,1
106169,0
98327,0
78919,1
98143,0
61692,1
52585,0
89267,0
99420,0
101130,0
57904,0
57785,0
95189,0
107201,0
115663,1
13318,1
48679,0
69251,0
93424,0
45152,0
30918,0
101079,0
77505,0
98915,0
108050,1
60599,0
8235,1
79005,0
35683,0
31707,0
113501,0
33589,0
59442,1
23384,1
38716,1
104853,0
15215,1
81387,1
69537,0
82352,1
10918,1
76197,0
82646,0
93091,0
68174,0
104386,0
116428,0
87413,0
29037,0
111499,1
29063,0
93188,0
36221,0
91000,0
19170,0
22109,0
106110,0
90021,0
56371,0
57909,1
61055,1
110071,0
18846,0
9305,1
31677,0
85428,1
97263,1
115298,1
86485,0
1446,1
35823,1
11116,0
65769,1
72630,0
101064,0
44544,0
24937,0
81059,1
107538,0
46313,1
31175,0
95066,1
6946,0
61968,0
12551,0
93353,0
25374,1
44428,1
18172,0
99861,0
99663,0
79772,0
11989,1
54521,1
100788,0
82252,1
16136,0
12901,1
28992,1
101887,0
54681,0
114732,0
80319,1
76124,1
13842,0
73167,1
104113,0
16362,0
36165,0
83032,1
39547,0
42555,0
19087,0
115833,0
53174,0
114478,0
1916,0
108040,1
86548,0
71611,1
47115,0
60975,0
89371,0
48209,0
12975,1
101835,0
26723,0
113041,1
4495,1
53752,1
40443,0
72969,1
77220,0
31705,0
81122,1
6151,1
102086,1
88224,0
104888,0
82533,0
55022,1
29568,0
54472,0
60779,1
21058,0
30465,0
86952,1
101870,1
56803,0
5658,0
16762,0
47240,1
68022,0
100460,0
14560,0
16173,0
21250,0
69851,0
22225,0
5610,0
74810,0
31912,0
37106,1
93791,0
40312,0
85082,0
48569,1
22969,1
73119,1
66764,1
110715,1
55061,1
108734,0
65912,0
36753,1
57550,0
32950,0
16195,0
35746,0
98664,0
68537,1
86315,0
98878,0
54022,0
27256,0
59704,1
45531,0
70124,0
29638,0
45937,0
64296,0
94646,0
44931,1
31470,0
12079,1
89589,0
32277,0
13449,0
115348,1
77137,0
103625,0
28023,0
72452,0
46157,0
5223,0
60275,1
54145,1
104070,0
102227,1
37736,0
63927,0
1097,0
75298,1
101538,0
114774,0
33717,0
56219,1
110932,0
114791,0
115004,0
44012,0
44314,1
13888,0
73050,1
98550,0
2714,0
58720,1
42192,0
96262,1
45334,0
29696,0
1091,1
4806,0
67650,1
84186,0
71662,0
40238,0
20251,0
31411,1
39922,0
12444,1
10750,0
57889,1
76479,1
63278,0
4799,0
62686,1
503,0
33880,0
22015,0
27374,1
45488,1
94482,0
48465,0
89004,0
82396,1
117366,1
12393,0
13074,1
67766,1
111876,1
26441,0
27290,1
102858,1
17853,0
73662,0
19832,0
8042,0
60242,1
76978,0
82463,0
65646,1
73898,0
2683,1
25214,0
29328,0
100391,0
115340,1
109115,0
35227,1
106535,0
112409,0
33339,1
23441,0
32907,0
30048,0
117857,1
109081,0
78080,0
94959,0
38656,0
48415,1
110201,0
105289,0
97604,0
72546,1
33432,0
55,0
69903,1
28013,0
91906,0
89416,1
46862,1
116793,0
54442,0
2686,1
79277,0
115568,0
118141,1
86497,0
23411,1
115509,0
34923,0
8499,1
20101,0
90065,0
43798,1
28082,0
109716,0
49605,1
57194,0
75994,1
46013,0
50883,0
106464,0
1715,0
111850,1
6031,1
31526,0
65798,1
26206,0
19603,0
82,0
48860,0
63369,1
71749,0
28817,1
50299,1
54931,1
100656,1
7449,1
1182,1
117154,1
70730,0
17207,0
28858,1
59521,1
46830,0
7731,1
49759,1
112034,0
31194,0
107827,0
29951,0
80681,0
106072,0
36689,0
90944,0
32180,1
108113,0
322,0
68398,1
92070,1
106123,0
90677,0
57954,1
21583,0
48792,0
72293,1
92433,0
3738,1
11897,0
54248,1
37790,0
17637,0
98808,0
51890,0
53884,0
29933,0
32353,1
18440,0
65938,0
52794,1
98243,0
114035,0
34716,0
43417,0
82445,1
119091,0
28256,0
90702,0
96506,1
13111,0
6030,0
18616,1
50523,1
44598,0
29761,0
67221,1
33757,0
97095,0
49312,0
80180,0
63424,1
33973,1
48765,1
62846,1
77319,1
110422,0
118532,1
45582,0
76973,1
20578,1
21704,0
94073,0
93496,0
30387,0
47434,0
112160,0
63317,0
45026,1
6604,1
63793,1
71569,0
109529,1
54338,0
11872,1
35762,0
63767,1
39913,0
77314,1
112813,0
80370,0
38177,1
96295,1
30133,0
59342,1
76101,1
87317,1
65854,1
16704,0
68568,1
108745,0
39363,0
50429,0
116577,0
24147,0
49211,0
9087,1
50380,0
101721,0
31142,0
30275,1
95843,0
12683,1
108838,0
39533,1
3547,1
25698,0
21402,0
110977,1
108106,0
105054,0
113896,1
31727,0
52362,1
49822,1
95046,0
26822,0
66155,0
79015,0
84345,0
38771,1
39909,1
116061,0
48703,1
44630,0
33002,1
26330,0
974,0
9257,1
1289,0
89368,0
79384,1
20897,0
55520,1
112454,0
2157,1
74539,1
49901,0
31423,0
50649,1
16948,0
112149,1
32469,0
113223,0
54045,1
113522,0
87877,1
101073,0
17642,0
56703,0
55988,0
28912,1
51167,1
32697,1
28036,0
105589,1
113436,0
34712,0
20872,0
45022,1
86132,0
114839,1
72477,1
117574,1
7181,0
68171,0
58297,0
4200,1
94370,0
57074,1
113182,0
87007,0
42817,0
29524,1
91197,0
52082,0
10929,1
32047,0
21856,1
19848,0
103929,1
79408,1
14739,1
62621,1
16813,0
107935,0
46640,1
21236,1
38035,0
49444,1
20341,1
115368,0
111692,0
93293,0
40810,1
81165,0
82038,1
68487,1
9732,1
117407,1
17394,0
113929,0
69047,1
32538,0
5423,1
100958,0
51841,0
106819,0
16846,0
72909,0
99942,0
49062,1
88048,1
102164,1
70271,0
100224,0
83965,1
21625,0
19673,0
8156,0
4475,1
30335,1
58439,0
15989,1
103359,1
5979,1
107741,0
108181,1
45566,0
56709,1
56215,1
17023,0
116002,1
100580,0
74773,0
92629,0
42201,0
22262,0
119125,0
96628,0
97310,1
3430,0
53848,0
41226,0
75906,0
63448,1
76311,0
94579,0
26304,0
78303,0
29121,0
55380,1
3221,0
2064,0
65997,1
40142,0
110471,0
53129,1
102908,0
84525,0
112909,0
12748,1
37340,1
10796,0
92427,0
33420,0
97527,0
116434,0
97359,1
98994,0
112478,0
7635,1
65527,0
28870,0
78599,0
61607,1
110061,0
93894,0
73163,1
23755,0
17544,0
62750,1
51556,0
43051,0
93624,0
101028,1
10989,1
48438,0
26596,0
90803,0
64556,0
43632,0
98082,0
101193,0
17735,0
84888,0
28989,1
110705,0
10137,0
105586,0
36419,0
116942,0
12313,1
46821,0
58694,0
97521,1
96603,0
32000,0
86881,0
34824,0
36389,0
17849,0
58501,1
105150,0
85414,0
80088,1
7423,1
76529,0
108396,0
3642,0
47878,1
37280,0
80019,0
85659,0
49616,0
113602,0
19174,0
40194,1
53595,1
52750,0
29829,0
36181,0
20184,0
14974,1
51629,0
51095,0
39733,1
8788,0
82363,1
33692,1
105527,0
97334,1
44586,0
105845,0
19952,1
61187,0
115794,0
77244,1
60240,1
53801,1
95098,1
109047,0
12759,1
113454,1
105132,0
112456,1
49003,1
89143,1
4391,0
19850,1
23151,0
84969,0
102794,0
27748,1
93104,0
110337,0
107330,1
93794,0
89698,0
107617,1
101801,0
88758,0
67224,1
18601,0
19984,0
84105,0
8611,1
98677,0
186,0
27934,0
45105,0
72170,1
109638,0
50387,0
112196,0
92038,0
53744,1
46233,0
26978,1
98747,0
175,0
90696,0
24436,0
118043,1
26936,0
13156,1
36945,0
34559,0
102707,0
94106,0
100749,0
96824,0
53855,1
18543,0
33011,1
52696,0
33084,1
63202,1
36596,0
31538,0
93719,0
21452,0
39796,0
90361,0
5196,0
61835,0
4724,0
20725,0
65825,1
60333,1
98758,1
115343,0
48918,0
53235,0
104954,0
38533,0
106415,0
4710,0
108643,1
62484,1
116412,1
94734,0
54671,1
66325,1
9364,0
64129,1
119265,1
27249,0
106128,0
91137,0
70883,1
79299,0
65463,1
87295,0
115670,0
51461,1
95612,0
28978,1
41070,0
57252,1
105381,0
18875,0
63786,0
4662,1
10442,0
60796,1
28444,0
5215,0
21314,0
77482,0
119066,0
100205,0
50907,0
96766,0
27801,0
41169,0
35268,0
8105,1
15480,0
75258,1
69711,1
55950,1
111234,1
69904,1
71279,1
7397,1
794,1
27551,0
58868,1
102083,0
7556,1
50024,1
113752,0
85749,0
1927,1
37454,0
49251,0
97834,0
109061,0
26658,0
5833,0
33814,0
2753,0
19127,1
56152,1
91766,0
117099,0
55829,1
40516,0
69323,1
81135,1
104135,0
42592,0
71856,1
88407,0
78117,1
41769,0
45718,1
104490,0
69669,0
59374,1
16959,1
49352,1
102822,0
76701,0
35754,1
5834,0
79734,0
27355,1
68439,1
80853,0
30218,0
1245,0
106776,0
78954,0
16270,1
28196,0
44514,0
100713,0
81653,0
21956,0
107633,1
19980,1
95740,0
25331,0
18730,0
53849,0
25723,0
22830,0
79974,0
5390,1
42593,1
105249,0
90574,0
11793,0
26562,0
6643,0
107447,0
74488,1
5603,0
68112,0
112113,1
5562,0
42812,0
10148,1
109013,1
98615,0
113641,0
59600,1
17467,1
18131,0
12292,1
64042,1
53156,0
108272,0
75211,1
19320,1
77065,0
33805,0
36819,0
32661,1
94772,0
31498,0
79839,1
60765,0
76000,1
18258,1
21387,0
3211,0
5156,0
106813,0
94351,0
53104,1
4017,1
44865,1
55177,1
92302,0
107989,0
85367,0
72843,0
46620,0
34981,0
34684,0
110263,0
29132,1
92025,1
8069,1
41544,0
107451,0
56007,1
44509,0
107363,1
46214,0
75224,1
29833,0
91607,0
60564,1
18852,0
39309,0
85352,0
7412,1
100711,0
106327,0
49808,0
27484,1
96862,1
74625,1
17056,1
61808,1
18991,0
23452,0
48686,0
65041,1
92751,0
12497,0
2258,1
97628,0
9204,0
1871,0
114310,0
19224,1
37363,0
111659,1
94727,0
13914,0
69240,0
71060,1
83087,0
25953,0
96743,0
113895,0
64685,1
48653,1
86003,0
61917,1
30977,0
87226,0
15711,1
28573,0
63758,1
60620,1
33048,1
53207,1
92153,0
10050,1
97297,0
113964,0
115016,1
1832,1
45013,1
42097,0
100728,0
41928,0
78024,0
19418,0
103147,0
61227,0
68157,1
42663,0
83779,0
45805,0
68606,1
18599,0
22666,0
70217,1
18751,0
117342,1
110899,1
28993,1
36429,0
15404,0
13869,0
3721,0
104677,1
107006,0
26000,1
89534,0
75541,1
83161,0
55543,0
105795,0
16464,1
29578,1
43444,1
88352,0
15557,0
7139,1
44926,1
69624,1
68360,0
101039,0
54772,0
77668,0
6153,1
53378,0
21274,0
116334,0
89605,0
41755,0
116461,0
93280,1
4511,1
62852,1
34019,0
42696,0
2392,0
92358,0
96294,1
61357,1
36376,0
81089,0
88066,1
46655,0
43323,0
32685,1
8450,0
6676,0
50046,1
69745,0
116416,0
81034,1
43933,1
2562,0
104644,0
11219,1
104401,0
20041,0
9603,1
57801,0
105998,0
84117,0
36866,0
94151,0
24363,0
36029,0
85475,0
11643,1
9824,0
106406,0
94514,0
15939,0
76572,1
94057,0
101185,0
106388,0
32714,0
22973,0
109682,1
28872,0
36276,0
38312,0
56487,1
98778,0
76684,0
47697,0
104184,1
25278,1
95040,1
96782,0
25145,0
13367,1
6266,0
70976,0
88876,0
52649,0
114134,0
82221,1
39042,0
86220,0
32934,0
82115,0
95838,1
73537,1
38845,0
61322,1
89027,0
22403,0
92357,1
27122,0
105145,0
61488,1
90238,0
41982,0
39068,0
88580,0
26,0
98200,0
109307,0
6430,1
62782,0
49955,0
81285,0
652,0
16483,0
52610,0
6663,0
117085,1
69342,1
101920,0
67105,1
91178,0
12782,1
102725,0
27620,1
93735,0
110138,0
74117,1
61328,1
85803,0
98642,1
57508,1
72340,1
119013,1
63753,1
116835,0
111776,0
810,1
90492,0
75819,0
115764,0
58504,1
65017,1
27797,0
41259,0
87208,0
116989,1
78742,0
78579,1
48870,0
59776,1
9583,0
37768,0
10987,1
88380,0
77929,0
116878,0
105898,0
101358,1
29075,0
16963,0
53024,1
32833,1
106196,0
5401,0
99624,0
110681,1
89678,0
23522,0
70834,1
42297,0
74078,1
53102,1
23941,0
24280,0
99437,0
85532,0
83289,1
64447,0
112145,0
67318,0
107220,0
39769,0
16847,0
46524,0
97069,0
32085,1
88037,0
119141,1
64093,1
80318,1
40929,1
7134,1
7100,0
60189,1
62283,1
76818,0
95729,1
110579,0
60769,0
16192,0
50761,1
10910,1
44323,1
67454,1
59710,1
13533,1
29072,0
71906,1
79876,0
8549,0
76054,1
81143,0
118450,0
27433,1
8485,1
105977,0
194,0
55828,0
57357,1
82653,0
20104,0
91579,0
48140,0
91344,0
37533,1
48372,1
32419,0
16287,0
9951,0
30298,0
4438,0
6445,0
106727,1
98146,0
90404,0
113446,1
72898,0
10570,0
69728,0
104253,1
90830,0
27083,0
115384,0
56410,1
34470,0
21080,0
27743,0
66916,1
6310,0
72937,1
68636,1
114349,1
113400,1
62166,1
54524,0
80155,0
109923,0
64626,0
28098,0
66406,0
19351,0
10453,1
65781,1
114795,0
15379,0
17965,0
35222,0
76830,1
76993,0
40135,1
56975,1
30015,1
80010,0
14333,0
29400,0
21128,0
40940,1
26842,0
75394,1
39379,0
9221,0
103116,0
23460,0
38657,0
73771,0
96581,0
82743,1
84647,0
8257,1
109500,1
33467,0
56499,1
16352,0
18856,1
33789,0
9897,0
85073,0
2468,0
29604,0
113581,0
71976,1
39730,0
62434,1
63439,1
2055,0
80036,0
24348,0
36471,0
85826,1
63664,0
17743,0
15182,0
95537,0
57594,0
29795,0
11686,1
73229,1
112277,0
57753,1
60641,0
106214,0
114095,0
646,0
52758,1
15002,1
79336,0
117820,0
35101,0
118827,0
81599,0
78213,1
53379,1
112560,0
38517,1
17199,0
69183,0
116385,0
38350,0
37548,0
118807,1
29469,0
50018,0
89825,0
48578,0
71504,0
39885,1
11863,1
75771,0
17226,0
100415,0
106038,0
65208,0
110812,0
42107,1
2674,0
58789,1
73280,1
28321,1
62760,1
112656,1
87639,1
101068,0
78669,0
92227,1
90833,0
100247,0
76055,1
113270,1
59713,1
68759,1
107433,0
25763,0
110018,1
77757,0
85933,0
29232,0
89181,0
110323,0
62802,1
41148,0
44085,0
100555,0
65634,1
15498,0
43549,0
101052,0
62825,1
66054,1
78393,1
93598,0
19933,0
116360,0
33648,0
116145,0
71468,1
53042,1
74806,0
113203,1
79362,1
16004,0
37663,1
48877,0
99067,0
69695,1
83084,0
35131,1
54950,1
77304,0
32315,1
21138,1
29176,1
66720,1
107936,0
68069,0
88742,0
57432,0
2550,1
50067,1
41013,0
102239,0
66199,1
44809,1
109707,0
69374,1
62074,1
71007,1
60178,1
91086,0
34790,1
78617,0
2685,0
66410,0
89716,1
57059,1
75574,1
88730,0
69670,1
113226,0
2856,0
51407,1
113628,0
108776,1
11741,1
50582,0
5993,1
39261,1
94829,1
22654,1
114397,0
34826,0
5195,1
50172,0
113160,0
87332,0
101285,0
59239,1
1496,0
11296,0
51763,0
62433,0
61644,0
107704,1
100528,1
118430,0
105679,0
108173,1
32768,0
45100,1
42104,0
31791,1
42863,0
19841,0
93154,1
43861,0
85449,0
58014,1
79152,0
102311,0
4554,0
36805,0
28728,0
99745,1
103522,0
4603,0
24041,0
18731,0
17946,0
115137,0
25219,0
81421,0
98092,0
100124,1
51151,0
6665,0
93713,0
8120,1
101768,0
17518,0
8528,1
93724,0
81963,1
114779,0
98477,1
76204,0
75696,0
113787,0
8748,1
29700,1
54965,1
38877,0
57250,0
114150,0
54551,0
17135,1
63079,1
1793,0
8574,1
108074,0
17725,0
34870,0
88852,0
105278,0
106047,0
87116,1
67701,1
84770,0
34935,0
77196,0
68216,1
44921,1
89015,0
60394,1
29938,0
33422,1
78458,1
27819,0
40379,0
49926,0
27777,0
59068,1
115101,0
36878,0
94040,0
52375,1
107500,0
7793,1
16267,1
100834,0
51778,0
44550,1
82170,0
11310,1
80378,1
45021,1
36552,1
22056,0
58820,1
30225,0
34648,0
13803,1
89375,0
21985,0
7696,1
49556,1
48495,0
29495,0
15226,0
68994,0
49665,1
115223,1
45695,0
20691,0
104357,0
92875,0
95874,1
31644,1
108820,0
37983,0
99985,0
19807,0
91110,1
58255,1
117108,0
68224,1
30006,0
101077,0
108917,0
56764,0
78727,0
65203,0
84401,0
33317,0
11012,1
13682,1
86193,0
39109,1
44886,0
84815,0
35145,0
37002,0
42865,0
64361,0
25328,0
42210,0
63192,1
2628,1
72434,1
76946,1
97783,0
92602,1
91121,0
101526,0
25432,1
116646,0
5527,0
59681,0
54238,1
45073,0
13104,0
12539,0
87700,0
26751,1
21876,0
24538,0
2599,1
68035,1
102216,0
54264,1
116469,1
52363,1
99764,0
4420,0
58094,0
21479,0
54666,0
45070,0
21974,0
95416,0
29559,1
27912,0
61732,1
38378,0
12345,1
64961,1
60025,1
57623,1
1195,0
115560,1
116851,0
1782,0
45515,0
37269,0
100873,0
18830,0
96121,0
7971,0
28016,1
106228,1
5952,0
50730,1
38970,0
40201,0
28422,0
84156,0
57265,0
69161,1
55989,0
63256,0
63763,1
1758,1
113916,0
117861,1
33761,0
108262,0
19025,0
24721,1
114810,0
23551,0
64526,0
50912,0
60848,1
45555,0
110962,0
51265,0
19044,0
102755,1
14487,0
2402,1
21530,0
115334,0
72797,0
8242,1
74816,1
59418,1
50011,1
10689,1
27409,0
34151,0
43194,0
22627,0
79610,0
29323,0
31097,0
29826,0
62734,1
91286,0
89264,0
98229,0
113450,1
79142,0
16574,1
6196,0
24212,0
37327,0
22420,0
67236,1
104298,1
34840,0
112910,0
40563,1
29953,0
18206,0
92690,0
81455,0
1635,0
107478,0
77014,0
101584,0
50473,0
97842,0
101424,0
118516,0
14924,0
14893,1
41569,0
111931,1
71211,1
37909,0
113956,0
91779,0
85211,1
114421,1
58317,1
51793,1
81218,0
526,0
49990,1
39470,0
112459,1
97919,0
92624,0
60580,1
110440,1
102367,0
96851,1
9389,1
94004,0
6769,0
69377,1
90971,0
62698,1
95286,0
41974,0
32266,1
32578,0
56718,1
34352,0
7618,1
65934,0
115341,1
71791,1
42047,1
68661,1
98676,0
118132,0
71442,1
17140,0
96875,0
9136,1
55377,1
59360,1
100514,0
52956,1
106599,0
20789,0
22533,0
6337,0
24087,0
113370,1
74343,0
87182,0
86342,0
24574,0
89351,0
23349,0
88124,0
36028,0
51744,1
41641,0
13609,1
48697,1
55695,0
3851,0
110013,0
19016,0
52439,0
85543,1
30003,0
43070,0
25905,0
111063,0
93347,0
51635,0
102641,0
97873,1
30117,0
20149,0
104234,0
62972,1
1675,0
47426,0
40122,1
22237,0
92315,0
112194,0
31228,1
66601,1
109557,1
30687,1
49375,1
78702,0
21886,0
87527,0
69948,1
113524,0
118057,1
38183,0
70791,0
78585,0
45639,0
534,0
15595,0
42197,0
25336,0
105425,0
56723,0
55378,0
80587,0
57272,0
66978,1
3467,0
40854,0
22485,1
60750,0
68128,1
56415,1
32194,0
72071,1
74,0
55329,0
78949,0
43962,1
63729,0
25665,0
114652,0
113153,1
32525,0
87813,0
70767,1
4514,0
14255,0
11662,1
109360,0
24421,1
28754,0
58959,0
35312,0
83981,1
20573,0
74791,1
16274,0
109714,0
14451,1
108167,0
90728,1
55887,1
38180,1
89060,0
102654,0
112914,0
70219,1
46398,0
114278,0
50,0
49532,1
19274,0
4423,0
11898,0
21660,0
14247,0
5780,1
8605,1
92262,0
109004,0
85662,0
102353,1
104578,0
44212,0
81488,0
113680,0
42016,0
82165,0
14599,0
55854,1
70495,1
119338,0
9476,1
38987,1
110612,1
13757,0
72426,0
94963,0
102076,0
11573,0
65902,1
112977,1
86801,0
10072,1
48927,1
81131,1
36319,0
39694,1
41839,0
21942,0
91026,0
79984,0
16328,0
25930,0
116220,0
71896,1
66026,1
53926,1
38252,1
113246,0
35140,0
75582,0
53468,0
54728,0
117480,0
25527,0
76286,1
24829,1
29515,0
72263,0
84448,0
73669,0
102218,0
68400,1
26231,0
60434,1
19325,0
118902,0
31027,0
88708,0
91023,0
108251,0
112778,1
110261,1
99124,0
15508,0
113254,0
70044,1
54028,0
45724,0
972,0
58390,1
35617,0
27606,1
20410,1
103093,0
20657,0
73932,0
105544,0
60613,0
91476,1
76911,1
6411,0
24686,0
15399,1
42290,0
49105,1
117916,1
80741,0
51713,1
104635,0
84060,0
46469,1
82103,0
44769,1
58419,1
115438,0
1302,1
70990,1
39020,0
65736,0
58669,1
61592,1
117690,1
10478,1
5813,1
73717,0
3556,0
92736,0
51010,1
76414,0
76255,1
74137,1
15444,0
90213,0
44054,1
83636,0
54892,0
54103,0
116353,1
51684,1
87848,1
113314,1
69446,1
118378,1
46263,0
98657,0
117918,0
91408,0
73883,0
105207,0
64630,0
15390,0
69905,1
28245,1
22089,0
96694,0
55570,0
72717,0
104778,0
59878,1
46463,1
59301,0
61068,0
99252,1
99978,0
90270,0
46485,1
52811,1
67653,1
66070,0
40037,0
74211,1
27855,0
102437,0
89643,0
103969,0
44636,0
15969,1
43315,0
52642,1
81148,0
97808,0
63996,0
56016,0
100521,0
16594,0
6265,0
24920,0
101347,0
111690,0
73954,0
88093,0
62211,1
118215,1
113845,0
108615,0
84183,0
60697,0
117462,0
36137,0
8478,1
73404,1
50656,1
60596,0
34455,1
41617,0
43704,0
21502,0
430,1
10220,0
7905,0
98371,1
26194,0
71337,1
118742,0
8121,1
1439,0
100362,1
70794,1
67257,0
51785,1
86156,0
90032,1
90378,0
52981,1
62207,1
63474,1
55625,1
90862,0
40980,0
116131,0
114442,1
13463,1
112350,1
87835,1
74543,1
115828,1
80884,0
89373,0
54236,1
108327,0
45738,0
109627,1
58247,0
62120,1
67613,0
83239,0
35902,0
22305,0
115622,1
43056,0
55424,0
93272,0
92317,0
44556,0
23708,0
85758,0
90709,0
57806,0
50675,0
16062,0
31554,1
37495,1
37270,1
30208,0
56831,1
106004,0
22180,1
92117,1
64251,0
25378,0
62660,1
2606,0
3786,0
28179,0
61478,1
82064,0
104563,0
43271,0
21267,0
26971,0
59995,1
55167,0
100140,1
8304,1
52031,0
91103,0
86093,0
107540,1
116142,0
85500,0
7624,1
49359,1
28822,0
50093,0
11342,0
67598,1
51790,1
28614,0
45182,0
46209,1
103253,1
8035,1
4467,0
53173,1
29231,0
118304,0
71236,1
50726,0
115246,0
26877,0
10308,0
40462,0
65569,1
7323,1
72583,1
112988,0
99596,0
86416,0
11660,1
41949,1
11125,0
12161,1
64877,1
36288,0
76704,1
12309,1
20479,0
105350,0
34801,0
91134,0
85887,0
56161,1
74792,1
22578,1
21228,1
82658,0
7400,1
37960,0
59077,1
73451,0
107520,1
44688,0
40616,0
109970,1
67128,1
9044,1
9881,0
21536,0
91159,0
52152,1
112169,0
78236,1
57745,1
16600,0
6876,1
12847,1
9194,1
17227,0
92720,1
93826,1
81352,0
75037,0
100613,1
35815,0
8550,0
82361,1
118133,1
30746,0
15819,0
13513,1
113841,1
41417,0
115386,0
66256,0
92176,1
10764,0
88344,1
33137,0
51750,1
15676,0
82786,1
36591,0
80883,0
45965,1
105053,1
63844,1
9731,1
26865,1
63845,0
87522,0
111620,0
16761,0
82274,0
54378,1
36680,0
114890,0
105333,0
293,0
31604,0
60070,1
98862,0
92213,0
66806,1
41884,0
64305,1
63152,1
61994,0
86129,0
33958,0
39034,0
67867,1
23606,0
95195,0
69125,0
73094,1
38835,0
2415,0
80133,0
36168,0
67894,1
35301,1
48842,1
28653,1
33737,0
26258,0
91168,0
91695,0
118668,1
115579,1
47708,0
9319,1
16071,0
97637,0
117015,1
28762,1
87292,0
96869,0
41365,0
78069,1
105904,1
102814,0
6750,0
25321,0
28823,1
45212,1
92640,1
104299,0
2062,0
30355,0
36265,0
45128,1
22872,0
53722,1
113101,1
106835,1
69425,0
38721,0
76183,1
25503,0
98482,0
68918,0
109324,1
107495,0
90187,0
35262,1
107816,1
98533,1
55810,1
1437,0
6174,1
20187,0
42407,0
94682,0
110566,0
98022,0
107167,0
40894,0
102112,0
114646,1
48141,1
27986,0
2254,0
47407,1
80584,1
105436,1
18247,0
67904,1
68934,1
29207,1
51443,0
28894,1
85167,0
6973,0
47447,0
11211,1
30260,0
59483,1
101781,0
44018,0
27993,0
83921,1
7956,1
46549,0
67810,0
83859,0
11133,1
114124,0
79453,1
19665,1
89784,0
85292,0
70986,1
115326,0
114877,1
74287,0
17730,0
59948,0
65050,1
9513,0
102498,0
81774,1
55977,1
65925,1
60342,1
40942,1
100925,0
35133,1
41749,0
32462,0
37860,1
55931,0
92312,0
30442,0
66768,1
68109,1
24307,1
44233,1
113257,0
94310,0
33087,0
64250,1
65511,0
97082,0
15495,0
102016,0
71249,1
41102,0
12547,1
4507,1
48466,1
111533,1
49093,1
112798,1
18458,0
118265,1
4598,1
91443,0
50323,0
31316,0
67370,0
100169,0
101523,0
79300,0
92214,1
1385,0
59658,0
93247,0
6829,0
2119,0
112523,0
101649,0
58624,0
16955,0
2966,0
63003,0
81971,1
37163,0
65305,1
51646,0
33307,0
1067,1
21476,0
59324,1
108915,0
97967,0
66966,1
6613,0
88971,1
25580,1
48727,0
95895,0
47487,1
8157,0
22245,0
69150,0
116482,1
102157,1
30924,0
105515,1
77003,0
81722,1
86015,0
26064,1
65127,0
55679,0
44285,0
94352,0
57238,1
28848,0
58997,1
15151,0
67038,1
22911,0
3456,0
23948,1
106581,1
61424,1
45502,1
103564,0
22201,0
79252,1
118508,1
55070,1
112050,1
25910,0
119027,1
68944,0
82460,0
15473,0
19624,0
55292,1
5329,1
57998,0
102634,0
6165,0
37555,0
110372,0
86667,0
105140,1
15206,1
91055,0
7092,0
55056,1
86614,0
96637,1
52617,1
14291,0
9451,0
106255,1
114753,0
99489,0
100433,0
24230,0
109033,0
13889,0
66946,0
33557,0
22317,0
58326,1
32764,0
34187,0
15421,0
23980,1
84015,0
38016,0
31433,1
97740,0
66583,1
81805,1
88252,0
87499,0
21062,0
60048,1
87271,0
108097,1
118002,1
19849,0
60325,1
20273,0
108054,0
37611,0
109634,0
9260,1
28409,0
9169,1
107792,0
50549,0
84794,0
39854,1
102835,0
115482,0
110262,0
109440,0
67434,0
95201,1
20474,0
286,0
43631,0
76643,0
35826,0
9965,1
102217,0
14534,0
57755,1
22490,0
62201,0
32294,1
66688,0
60735,0
43693,0
77071,0
85117,0
87373,0
91747,0
87892,0
110529,1
70925,1
26977,1
109116,0
86830,0
8900,1
14256,0
10391,1
90871,0
51444,0
116762,1
41285,0
115666,1
114762,0
32879,0
92406,1
29142,0
49685,1
14957,0
33703,0
15350,0
42044,1
92964,1
82057,0
10057,1
93023,0
29544,1
47116,1
110788,0
27694,0
47066,0
11488,1
45661,0
33677,0
23131,0
71422,1
5136,0
109882,1
88022,0
5519,1
24082,0
73831,0
44354,0
20856,0
107343,0
39580,1
17429,1
90178,0
88533,0
8991,0
32080,0
99032,0
82331,0
9335,0
23112,0
81432,0
81742,1
39086,0
22514,1
116037,0
4189,1
18178,0
59405,1
47624,0
22058,0
81475,0
1313,0
47169,0
116656,0
86934,0
103215,1
3887,0
14841,1
32614,1
38793,1
85180,0
18831,0
18736,0
29867,0
74069,1
65155,0
82674,0
31309,0
15008,1
119225,0
106717,0
26623,1
43303,1
38100,1
106866,0
36626,0
57643,1
84786,0
75923,1
112547,0
58865,0
26774,0
39289,0
18555,0
116933,0
65529,1
72531,0
56193,0
99974,0
278,1
79469,0
62029,1
97275,0
17022,0
43641,0
92522,1
50885,0
53044,1
118464,1
114002,1
54123,0
63792,0
98909,1
109942,0
117809,1
58367,1
119011,0
56573,0
88967,1
108041,0
69992,1
94593,1
35404,0
64055,0
109384,0
85965,0
112084,1
86246,0
34917,0
17338,0
61373,1
11714,0
78506,0
42951,0
32623,1
114070,1
363,0
56994,1
91201,0
14540,0
37217,0
71628,0
18308,0
64172,1
92041,0
90741,0
58109,1
101397,0
4305,1
118581,0
37634,0
100417,0
16410,1
81731,1
56500,1
74674,1
52118,1
99275,0
47885,1
71823,1
93557,0
26920,0
62233,1
32954,0
107351,0
57427,1
11137,1
48550,1
78386,1
57294,0
39161,0
101432,1
2425,0
95266,1
118731,1
93192,0
10931,0
39758,0
80127,1
95957,0
64186,1
57614,1
103639,1
115426,1
29294,0
75554,0
49576,0
51408,1
47057,1
52690,1
83988,0
34117,0
37140,0
67328,1
40567,0
28801,1
66152,0
5030,0
101886,0
108003,0
30106,0
86992,1
69567,1
82121,1
13681,1
113927,1
37993,1
40979,0
59703,1
28951,0
19985,1
67782,1
87248,0
118281,0
48591,1
51163,1
76330,0
28469,0
115933,0
71549,1
3809,1
86340,0
58225,1
50838,1
118203,1
1123,0
23878,1
104545,0
816,1
65956,1
22037,1
14793,1
42099,0
33092,1
25740,0
14377,0
17197,0
74986,1
104365,0
20860,0
2317,1
44432,1
112779,0
27445,0
13002,1
81336,0
112355,1
89639,0
118070,1
52919,1
50826,0
94469,0
1429,0
26678,1
75721,0
12404,0
58975,0
83102,0
45046,0
20018,1
8863,1
21964,1
10667,1
40955,0
25588,0
96685,0
60370,1
29435,0
68839,1
23242,0
109071,0
42083,0
108729,0
75503,1
25626,0
11071,1
16117,0
104923,1
66998,1
38603,0
78032,0
79863,1
35957,0
103327,0
67118,1
96030,1
106382,0
89444,0
4527,0
38326,1
30300,0
60770,0
112924,1
78882,0
94439,1
105415,0
20800,0
42588,0
96981,1
72692,1
104165,0
114843,0
73081,1
12040,0
74492,1
76203,0
2387,0
27505,0
49840,0
95334,0
89447,0
110955,0
101493,0
3068,0
117611,0
62560,1
37203,1
18467,0
106229,0
58826,1
63012,1
14906,0
97415,0
95050,0
32621,1
33013,0
25248,0
61151,0
15760,0
13953,0
111894,1
28379,1
90504,0
27942,0
93793,0
58389,1
37893,1
106566,1
80546,0
42636,0
21120,0
9078,1
118749,0
59131,1
99208,1
64072,0
65296,1
46952,0
9192,1
32999,1
11027,0
96471,0
53881,1
39474,0
48678,1
56381,1
40812,0
90589,1
67453,0
5349,0
29039,0
92212,0
1299,1
5149,1
11336,1
16765,0
82890,1
93926,0
90745,0
75264,1
93221,0
116568,0
81999,1
44951,0
86684,0
107604,0
88465,0
102942,0
2815,1
37901,0
36923,0
99226,0
18150,1
90469,0
81589,1
84626,0
37356,0
7651,1
72710,1
52288,0
92669,0
106484,0
61932,1
9004,1
31402,0
108923,0
39450,0
67981,0
58856,0
30637,1
36655,0
56626,1
59817,0
9644,0
85531,0
114674,1
52972,1
6607,1
47983,0
58293,0
38554,1
91515,1
11039,1
45069,0
71311,1
114806,0
8953,1
88602,1
85220,0
92589,0
116186,1
82693,0
70819,1
113566,0
23601,1
32091,0
99720,0
101792,0
59683,0
109009,0
79110,0
3089,0
78998,0
59540,0
91188,0
91603,1
57413,1
26002,0
39804,0
80330,1
13386,1
6949,0
60253,1
35257,1
87934,0
37562,0
63548,0
8451,1
2159,0
50537,0
14964,0
86564,1
95965,0
75552,0
116062,0
14875,1
15713,1
106404,0
105429,0
10563,1
69726,0
96045,0
33884,0
14324,0
92616,1
70914,1
98318,0
50854,0
51685,1
5327,1
63777,0
86561,1
77038,1
38931,0
14715,1
67591,1
52698,0
94101,0
65587,1
94989,0
15351,0
84479,0
1596,0
45657,0
31006,0
85948,0
31776,0
103730,0
64545,0
12264,1
87990,0
68775,1
4147,0
77854,0
70716,1
72290,1
70512,1
118873,0
55614,1
74409,1
11123,0
36420,0
117932,1
74603,1
79848,1
82308,0
76600,0
3852,0
113598,0
103346,0
88076,0
47331,1
113320,0
60255,1
38525,0
109305,1
55026,0
80288,1
12450,1
50403,0
60360,1
6849,1
42675,1
11368,0
99504,1
24629,0
39426,0
115022,0
11427,1
60574,0
92529,0
47790,0
78340,0
65096,1
33045,1
65340,0
118620,0
116235,0
75008,0
25913,0
96046,0
42586,0
72162,1
69820,1
51395,0
14830,1
40171,0
42811,0
97548,0
102193,0
102705,0
8480,0
91233,0
26699,1
32488,1
3120,0
96224,1
16266,0
43306,0
49325,0
48434,0
96025,0
103923,0
79841,1
44576,0
114823,0
60788,0
16174,0
20553,0
17957,1
107076,0
50154,1
12596,1
77394,0
41374,0
82236,1
29379,1
57647,0
7500,1
62169,1
45868,0
43293,0
115699,0
103699,0
77970,1
66337,0
35418,0
46194,1
69101,1
67067,1
98321,1
2889,0
23158,0
115639,0
14257,0
106869,0
109654,1
39548,1
73616,1
54661,1
62527,1
101467,0
8473,0
12643,1
20707,0
1815,0
4364,0
51539,1
17078,0
17474,0
6093,0
55519,0
41683,1
10003,1
54625,1
88362,0
119025,0
90868,0
95248,1
56992,1
85054,0
35897,1
60168,1
7026,1
48091,0
40685,0
34398,0
76942,1
48838,1
7754,1
93584,0
102648,0
30905,1
116226,1
2538,0
63015,1
94637,1
15476,0
50446,0
5313,0
113163,0
78405,0
58161,1
113268,0
28911,1
81114,1
101619,0
42484,0
35217,1
81461,0
109768,0
44582,0
80840,0
5229,1
78551,0
4755,1
2581,0
45053,0
11146,1
30147,0
41955,0
107564,0
54687,0
13634,1
104099,1
82567,0
40108,0
111902,1
100953,0
29375,1
86770,0
35627,0
54139,0
47411,0
62007,1
13417,1
682,1
51260,1
52213,1
119334,1
60171,1
98750,0
97354,0
7560,1
22836,0
19904,0
10788,1
110456,0
7609,1
55860,1
58564,1
77897,0
95572,0
13845,0
107915,0
84722,1
57602,0
62680,1
115118,1
42156,0
24178,0
79616,1
66754,1
15946,1
13133,1
10337,1
2420,0
42245,0
13596,1
92976,0
34540,1
41687,0
20554,0
107397,1
17936,0
32639,0
30692,0
94047,1
46707,1
49216,0
42828,1
4611,0
22981,1
31212,0
51848,0
113897,1
99192,0
45867,0
111829,0
67978,1
22361,1
75989,1
31996,1
72465,1
5771,0
9235,1
63605,0
68681,1
43109,0
106131,0
29496,0
10463,1
63871,1
97490,0
82915,1
97601,0
98449,0
72092,1
78940,0
113915,0
65630,1
11261,1
25380,0
92578,0
88584,0
48480,0
78004,0
108879,0
70336,1
65162,1
101257,1
58245,0
89361,0
97993,0
12307,1
53973,0
33575,1
79573,0
12900,1
77635,0
31525,0
18803,0
63654,1
62369,1
64432,1
40340,0
4450,1
89285,0
14498,0
75144,1
100678,0
47033,1
38702,0
78158,0
61304,0
88615,1
115492,0
90328,0
103289,0
108651,0
20701,0
70911,1
52376,1
53402,0
110892,1
55656,1
102742,0
112973,0
40269,0
2783,1
72413,1
3883,0
63720,1
48365,0
112550,0
83178,1
4853,1
16249,0
26859,0
19740,0
61110,1
43923,1
108935,0
102162,0
42861,1
48262,0
1650,0
26821,1
28172,0
68960,1
9712,1
112150,0
17356,0
66707,1
118325,0
78776,0
105192,0
90620,0
73323,0
13015,1
14888,1
65144,0
65611,1
60477,0
19599,0
31350,0
28249,0
24871,1
55597,1
48568,1
70003,1
102766,1
92947,1
47152,0
85944,0
17157,0
37016,0
67383,1
2766,1
67202,1
1269,1
73533,1
5073,0
64116,1
51014,0
51551,1
91075,0
99993,0
34251,0
118954,1
2166,0
85655,0
30418,0
63403,0
51625,0
53737,0
44618,0
25934,1
9735,1
90075,0
14080,0
117722,1
92731,1
18665,0
15509,1
33303,0
71606,0
60052,0
100660,1
26280,1
41195,0
45161,0
12947,1
101874,1
2421,0
55131,1
72805,1
70117,0
31680,0
13782,1
58563,0
46953,0
67341,0
100781,1
478,0
68761,1
60344,1
65266,0
111408,0
31770,1
35923,1
28561,0
55476,1
94976,1
54743,0
108151,1
26217,0
65221,1
42820,0
66198,1
52651,0
101735,0
55293,1
55631,1
28317,0
38929,0
61135,1
81333,0
33628,0
82099,1
28664,0
12678,0
59749,1
91787,0
67290,0
72652,0
41791,0
15999,0
17933,0
62901,0
10315,0
56281,1
49303,1
9403,0
117694,1
5489,1
70679,0
91978,0
93902,0
20433,1
19994,0
35946,0
110409,0
69552,1
106870,0
11239,1
56687,1
55326,0
91663,0
21682,0
2381,1
99329,0
75315,1
30026,0
41501,0
83423,0
6575,1
58770,1
105896,0
104886,1
58219,1
71813,1
49467,1
110000,0
75782,0
97351,0
19,0
106778,1
57619,1
89941,0
84339,0
70975,1
116211,0
107267,0
101715,0
6186,0
65381,1
107402,0
104032,0
108743,0
3716,1
43462,0
46727,1
115839,0
118326,1
31927,0
6580,1
52670,1
73235,0
66603,1
87690,0
40499,0
6981,0
10356,1
71054,1
111521,0
37595,1
55621,1
51387,1
117856,1
105459,0
15359,0
17887,0
32063,1
100868,0
83910,1
105661,0
43833,1
27843,0
47645,0
106127,0
72218,0
50579,1
117241,1
115325,0
87135,0
36669,0
100410,0
71352,1
44866,0
82695,0
12491,1
43192,0
115230,0
54585,0
85783,0
7495,1
2571,0
21432,1
109249,0
57308,0
88987,1
75053,1
88282,0
44368,0
50339,1
36011,0
101271,0
3767,1
13872,0
118352,0
66188,1
68785,1
15904,0
79526,1
2411,0
117498,0
17582,0
20055,0
53333,0
84578,0
54130,1
27712,1
71533,1
90229,0
104073,0
81166,1
106479,0
12527,1
109036,0
60654,1
690,1
66469,1
23827,0
9075,0
110118,1
109954,0
99510,0
38670,1
6021,1
3182,0
36763,0
39080,0
54517,1
37181,0
8125,0
14472,0
89802,0
15515,0
40469,0
36345,0
37658,1
10589,0
23465,1
48478,0
15140,0
59972,1
50610,0
82740,0
32953,0
34197,1
98223,0
30994,0
68444,0
68334,1
117436,0
45347,1
3337,0
57870,1
89192,0
76292,0
27144,0
30127,0
57686,0
48476,0
53543,0
80039,1
95300,1
53244,1
38313,0
92872,0
2010,0
59084,1
97427,0
16215,0
84114,0
25186,0
57151,1
91009,0
24461,0
115843,1
39219,0
91242,0
95021,0
117113,0
83777,0
41743,0
81163,1
20752,0
18800,0
52536,0
38912,0
22159,0
82294,0
107514,0
114996,0
51511,1
57555,1
115567,0
112919,0
129,1
70385,1
75534,1
39781,0
60280,1
22270,0
42736,0
50019,1
89133,0
70297,1
31830,0
78202,0
64249,1
73574,1
29542,0
9785,1
108855,0
89560,0
112472,0
31002,1
38567,0
50899,0
108527,0
46271,1
106846,0
24881,0
42735,0
21736,0
65353,1
103607,0
95454,0
88868,0
88105,0
705,1
83591,0
61775,1
90852,0
60841,1
18318,0
2694,0
38628,1
6654,0
67787,0
66357,1
36465,1
111724,1
102124,0
13588,1
77632,0
60597,1
105332,0
78701,0
52931,1
35592,0
9244,1
89066,0
27831,1
89790,0
49300,0
75847,0
74057,1
40741,0
60989,1
61850,0
59709,1
66941,1
30224,1
119024,0
33753,0
80418,1
83170,1
5856,0
114521,0
50194,0
81587,1
30007,1
24971,1
62531,1
107223,0
82644,1
15190,1
90153,1
27326,1
91439,0
95192,0
105286,0
14317,1
75976,1
63422,0
9477,0
74480,1
56129,0
93963,0
45430,0
33277,0
106150,0
36666,0
10023,0
79032,1
78986,0
22310,0
76393,0
40675,1
58122,0
89151,0
73020,1
52834,1
86789,0
71453,1
26369,0
74636,1
25210,0
31213,1
93900,0
110594,0
3550,0
71998,1
40064,0
11562,0
24386,0
49498,1
38838,0
56600,1
108001,0
84887,0
61824,1
38785,1
113554,0
105620,0
21439,0
59344,1
46145,0
77995,0
54964,0
53731,0
109176,1
35842,0
15763,0
3771,0
69554,1
41197,0
46467,1
27282,1
24297,0
29124,1
8389,0
83699,0
86043,0
16142,0
86486,0
104217,0
96401,0
58819,1
116141,0
69306,1
13935,0
69166,0
90246,0
111158,0
11883,0
6005,1
54106,1
2173,0
28344,0
116985,0
10115,1
82530,0
112954,0
47649,0
53254,1
107829,0
65104,0
45474,1
42836,0
63295,0
31900,1
55508,1
94286,0
90100,1
60582,0
83996,0
55053,1
76482,1
25387,0
16450,0
14000,0
86235,0
87231,0
95506,1
111893,0
2813,1
66542,1
102321,0
60577,1
58635,0
31238,0
98586,0
35235,0
12661,0
103546,0
80029,0
16640,0
91277,0
70403,1
63262,0
59069,1
97732,0
13030,0
97147,0
113441,0
109726,0
92661,0
46499,1
77503,0
66871,1
67997,1
66467,1
924,1
48943,0
81688,0
67303,1
112044,1
76693,0
92642,0
76294,1
59656,1
57309,0
68483,0
64198,1
29010,0
56084,1
95933,1
103837,0
102482,0
113811,0
64520,1
16565,1
25670,0
28374,0
379,0
79543,1
49277,0
94979,0
42601,0
53339,1
64330,1
94969,0
79019,1
26763,0
65837,1
111832,0
10166,0
443,0
49757,1
35759,1
75901,0
68665,1
80674,0
65126,0
29842,0
48062,0
18872,0
110242,0
74223,0
32909,1
105311,0
88767,0
102282,0
32829,0
41108,0
73791,0
93569,0
106372,1
12845,1
18393,0
983,1
115440,0
98574,0
14389,0
41106,0
79746,0
31600,0
40448,0
78042,0
47572,0
63472,1
72168,1
17142,0
32647,0
62051,0
2300,1
82136,0
16245,0
100914,0
27283,0
93695,1
54850,1
53053,1
96571,0
114636,0
2946,0
8112,0
28340,1
21028,0
49377,0
24410,0
103455,0
91264,0
32397,1
71129,1
51419,1
62520,1
41323,0
44214,0
51375,1
76313,0
5948,1
108276,0
15141,0
38782,1
92548,0
108645,1
118774,1
11322,1
7638,1
11135,1
88186,0
27886,0
119347,0
34695,0
86257,1
92775,0
94230,0
110671,0
87587,0
15298,0
66492,1
78835,1
99348,0
26690,0
43702,0
38994,1
72176,1
82818,1
58233,1
26021,0
43108,0
96787,0
39465,0
115652,0
103559,0
105887,0
115689,1
118172,0
56400,1
37021,1
25126,0
52274,1
64669,1
94295,0
11245,1
44905,1
93182,0
95601,0
55094,1
52567,0
84713,1
12928,1
75624,0
64246,0
95914,0
116972,0
60885,1
78323,0
13987,0
321,1
115276,0
11909,0
55077,1
87728,0
39671,0
28498,1
118786,0
14075,0
56900,1
10604,0
94376,0
63922,0
26891,1
33427,0
81596,1
65722,1
62833,1
106714,0
105296,0
29026,0
82034,1
78822,0
23221,0
663,0
67324,0
65351,1
117506,0
105976,0
60228,1
73017,0
24221,0
37698,1
48088,1
49306,1
76970,1
107389,0
22187,1
97258,0
9251,0
90478,0
37846,0
55805,0
87061,0
44869,0
88154,0
111010,1
40054,0
49136,0
44289,0
44472,1
10701,1
110149,1
61554,1
61540,0
89703,0
80167,0
92327,0
36601,0
2499,0
98293,1
111080,0
50445,0
65254,1
109605,0
38429,0
26659,0
92389,0
46924,0
14003,0
95552,0
51061,1
8641,1
25407,0
77418,0
168,0
15759,0
101376,1
62762,1
59216,1
29511,0
103991,0
69272,1
38571,0
12644,0
95307,0
20754,1
112769,1
117885,0
80177,0
52461,1
58362,1
7147,1
70868,0
68167,0
24903,1
41064,1
106438,0
107235,0
77155,0
4617,1
64986,1
31203,0
53434,1
118569,1
118654,1
105382,0
101228,0
59176,1
42503,0
44419,1
116796,0
41082,0
69609,1
31832,0
6010,1
54386,1
57961,0
101508,1
87630,1
17558,1
78107,1
65709,1
21735,0
101852,0
70352,1
13208,1
102338,0
47784,1
14180,0
42264,0
3290,0
78591,1
49583,0
27602,1
57091,1
85121,1
23926,0
115737,0
55405,1
31598,1
59008,1
37286,1
88466,0
45709,0
67685,1
69040,1
109996,1
95379,0
118789,0
18678,0
67663,1
113167,0
90722,0
75058,1
11054,0
64081,1
27102,1
44968,0
58349,1
97261,0
117152,0
111572,0
95508,0
1219,0
76575,1
79971,0
20158,0
40558,0
49715,0
80938,0
35864,0
118722,1
113196,0
48808,1
103638,0
31941,1
16295,0
1671,0
41279,0
92186,0
41354,0
108753,0
29158,0
82793,1
98741,1
40199,1
22668,0
39600,1
26854,0
3133,0
101834,0
36628,1
44589,0
17935,0
110954,0
57514,1
47371,0
8531,1
73317,1
51746,1
70832,1
32747,0
73625,0
72401,1
93523,0
58964,1
104534,1
95832,0
9415,1
41543,0
88498,0
76127,1
98375,0
4649,1
30080,0
83827,0
31560,0
70187,1
116087,0
14129,0
22777,1
30723,0
72618,0
44236,0
74085,1
17001,0
91824,0
36103,1
41146,0
116531,0
60636,0
8584,1
70188,1
59439,1
103550,0
85238,1
45586,1
18222,0
104513,0
22093,0
117665,1
6712,1
100617,0
119019,0
81273,1
74612,1
69911,1
104784,1
111947,1
19843,0
23177,0
15372,0
84399,0
111124,0
4810,1
114960,0
18057,1
78000,0
114366,1
110285,0
6564,1
27024,0
16611,0
69349,1
5148,1
4005,0
93825,1
54680,1
109742,0
10225,1
14581,0
58351,0
68942,1
8511,1
52991,0
102041,1
13961,0
755,0
84577,0
9944,1
80540,0
62781,0
33905,0
46679,0
6757,0
6284,1
40714,0
31010,1
115969,0
85700,1
75105,0
66608,1
97661,1
66434,1
78809,0
7603,1
5168,0
43289,0
16204,1
75660,0
25855,1
89319,0
27357,1
80344,1
76825,0
51227,1
58716,1
966,0
4439,1
89356,0
69864,1
42233,1
41639,0
2622,0
111615,0
7502,1
97650,0
95738,0
35050,0
97284,0
61494,0
72651,1
113900,1
7203,1
23497,0
118547,0
81947,1
110679,0
40692,0
97754,1
61220,0
66090,1
82677,0
31490,0
33883,0
92969,0
23695,0
97893,0
33144,0
62273,0
48445,0
27867,0
78755,0
97977,1
61860,1
80763,1
5410,1
49952,1
68930,1
58130,1
69370,1
919,0
67321,0
29680,0
115278,0
20514,1
91071,0
28198,0
19563,0
111863,0
10051,0
14095,0
87046,1
30306,0
86369,0
21259,0
17406,0
11535,1
14337,0
71971,1
21546,0
6956,1
53610,1
73878,0
72470,0
84514,0
91294,0
105206,1
115031,1
110950,0
14748,1
89234,0
95815,1
14481,0
18968,0
91311,0
92398,0
35066,0
84269,0
14517,0
83471,0
114661,0
37751,0
100821,0
18309,0
62755,1
45626,0
71296,0
70561,0
84127,0
44297,1
72990,1
60652,1
20392,1
32701,1
100822,0
74730,0
26401,1
55940,1
98027,0
14171,1
93842,1
36716,0
7102,1
36061,0
113820,1
47853,1
5850,0
28367,0
74914,0
53932,1
56035,1
100663,1
100301,0
101597,0
114648,0
75251,1
50481,1
112313,0
36926,1
76191,1
106747,0
110923,1
7389,1
102143,1
67642,1
18941,1
69834,1
53576,0
14799,1
46152,1
110239,0
16682,0
77132,1
37267,0
20248,0
62525,1
23751,1
6618,0
34189,0
104171,0
7301,1
100905,0
99761,1
94055,0
98047,1
63495,1
17357,0
93677,0
99968,0
83085,0
108334,0
45223,1
72571,0
6700,0
59571,1
65937,1
34048,0
34609,1
97684,0
60971,0
51930,0
8204,0
99628,0
41363,0
89528,0
48498,0
104039,1
36530,0
79591,0
69209,1
105365,0
99218,0
66398,1
12110,1
89798,1
29965,0
60867,1
78092,0
105292,0
89846,0
49660,1
41427,0
35072,1
60924,1
92681,0
26791,0
49369,0
56112,0
19376,1
2138,0
16449,0
68779,1
22394,0
63289,1
53374,0
69574,1
30922,0
99297,0
35250,0
117571,0
96575,0
56544,1
57121,1
69202,1
104344,0
31502,0
19212,1
95669,0
111007,0
107887,0
48045,0
102036,0
40316,1
5557,0
112819,1
49280,0
109322,0
51337,1
115433,0
14437,0
94027,0
7467,1
35162,1
55812,1
73188,1
8474,1
40733,0
40090,0
42864,0
79995,0
71914,1
25199,0
41518,1
63046,1
29090,0
3512,1
2293,0
101234,0
30506,0
13097,1
70288,0
92664,0
57097,1
1764,0
46213,0
117398,0
76615,0
33939,0
51804,0
9239,0
74337,0
110668,0
75823,0
69000,1
16043,1
49630,0
109562,0
34842,1
72373,0
117410,1
32914,0
4929,1
13908,0
45771,0
86282,0
13474,0
86514,0
56786,1
94177,0
38440,0
41469,0
27314,0
84557,0
6988,0
104780,0
107259,0
97623,0
17668,0
86783,0
22749,0
107556,0
658,1
67219,1
13368,1
52900,1
91041,0
98442,1
105915,0
32190,0
1672,0
13892,0
45749,1
75195,1
59515,1
84344,0
10606,0
101318,1
7073,1
14341,0
110874,1
18976,0
71983,1
16416,0
21073,0
108588,0
63901,0
81181,0
59312,1
113434,0
58286,1
4711,0
22966,0
71225,1
111375,1
79004,0
112273,0
37531,1
83851,1
80131,1
110504,0
88989,1
14396,1
42901,0
22131,0
86978,0
34488,1
54425,1
89666,0
106825,0
54114,1
86328,0
79191,0
28578,0
74202,1
78134,0
104914,0
91982,0
47609,0
92004,0
28356,0
57102,1
107712,0
88752,0
107028,1
38243,1
110726,1
39321,0
86757,1
13742,0
34103,1
35887,0
95471,0
57001,1
77281,0
57537,1
32211,0
99928,1
111472,0
41306,1
87104,0
112689,0
88812,0
81249,0
67777,1
72974,0
63375,1
19475,0
74520,1
90122,0
86905,0
97949,1
16954,0
25153,0
72198,1
15800,0
92958,0
66343,1
64762,1
85696,0
89794,0
8516,1
6125,0
115253,1
812,0
10105,1
57325,0
3110,0
79185,0
43906,1
5799,0
39865,1
4053,0
71956,1
18827,1
14149,1
77931,1
30757,1
27749,1
19057,0
69283,1
56234,0
80865,0
59261,1
16066,1
101824,0
104233,0
113317,1
41734,0
41935,1
114523,0
53058,1
32924,1
9143,1
20429,1
63865,1
111407,0
5285,1
71985,1
21981,0
66537,1
99082,1
92326,0
107195,1
89989,0
22885,0
104120,0
41371,1
18163,1
16058,0
8374,1
11286,1
63954,0
63169,0
87112,0
82322,0
56558,0
86707,0
38442,0
71902,0
6531,0
89119,1
8160,1
102134,0
115807,0
2491,0
102695,0
32224,0
23489,1
73063,1
36351,0
66646,1
69219,1
17359,0
82514,0
1263,0
31626,1
87595,0
31329,1
72038,0
91154,0
9699,1
46832,0
61375,0
69467,1
105594,0
109837,0
36453,1
77214,1
115872,0
66474,0
60237,1
111808,1
70265,1
65424,1
58690,1
49088,1
95680,1
104157,1
24893,0
63525,1
11566,1
44552,1
23750,0
79,0
23379,0
104383,0
98286,0
104260,1
27124,0
110769,0
115664,1
91583,0
57166,0
71578,1
10302,0
37414,1
98067,0
104354,0
83551,0
30968,1
58002,0
44835,0
107561,1
75088,1
7483,0
3251,0
14123,0
43562,0
76035,1
102459,0
24600,0
48618,0
78740,0
92932,0
56288,0
501,0
17049,0
48342,0
49875,1
4683,0
108685,0
82373,1
82389,1
59565,1
94194,0
9263,1
14025,0
24260,0
51044,1
15483,0
74517,1
96808,0
11631,1
38150,0
106453,0
19629,0
49295,0
43473,0
101113,0
12530,0
21072,0
40715,1
6360,0
97848,0
58588,0
8018,1
34463,0
77707,0
21163,0
17551,1
26857,1
2577,1
55499,1
70446,1
6086,0
15218,1
47174,0
22572,0
4577,0
15790,1
13444,1
63636,1
89349,0
44099,1
112860,0
26664,1
113826,1
24175,0
53492,1
77179,0
64297,0
6789,0
103176,0
58402,1
9612,1
92772,1
94533,0
64211,1
93700,1
91911,0
94140,0
35117,0
82977,0
100288,0
110601,1
59468,1
27080,1
104793,1
29713,0
105300,1
118957,0
18427,1
26418,1
35635,1
90390,0
14128,0
692,1
52884,1
96084,1
110898,0
78743,1
95679,0
24716,1
78453,0
76492,1
107881,0
75725,0
2953,0
24619,0
38152,0
111117,0
108566,0
89961,0
81258,0
216,0
26803,0
72676,1
104694,0
21769,0
21511,0
117605,1
22289,0
76367,0
41498,0
22789,1
44223,0
80255,0
15894,1
41907,0
100357,0
88340,1
39046,0
110815,1
2052,1
45496,0
38475,0
92067,1
68361,1
20544,1
9067,0
11625,1
110111,0
66106,1
65841,1
68490,1
105871,0
117580,1
20841,0
11220,1
32158,0
11797,1
66962,1
7040,0
85523,0
35367,0
75627,0
4809,0
66211,1
72399,1
12185,0
112022,0
32049,0
116232,0
46652,1
74696,1
98260,0
78244,1
50226,1
33504,0
62879,1
23028,0
43034,0
89535,0
103157,0
40165,0
95222,1
12470,1
96760,0
68595,0
12216,1
9780,1
96410,1
99351,1
17771,1
94427,0
93089,0
41194,0
90286,1
64372,0
49755,0
39411,0
22218,0
39665,1
108656,0
86945,0
110737,0
9308,0
105225,0
75447,1
75724,0
107647,0
85350,0
97295,0
102514,1
30401,0
56363,1
24649,0
52818,1
62773,0
110882,0
52081,0
72371,1
5237,1
96019,0
90013,1
42439,0
104153,0
26181,0
5225,1
47420,1
38659,1
36306,0
109569,1
52898,1
85260,0
114064,1
1737,0
113243,0
43856,1
2504,0
7863,0
74190,1
59533,0
21805,0
90704,0
31648,0
29273,0
4566,0
33558,0
70399,1
109293,0
743,0
25616,1
90412,0
4253,0
21411,0
118951,0
94274,0
63589,0
107083,0
57187,0
82623,0
114974,0
97143,0
35229,1
105816,0
38810,0
113312,0
18283,0
53144,1
91265,0
39897,0
18679,1
6108,1
117203,0
49172,1
102049,0
90459,0
108178,0
92502,0
37623,0
53353,0
79706,0
105806,0
106829,0
22239,0
63653,1
98040,0
89318,0
92271,0
79393,0
74046,1
62647,1
2909,1
98751,0
23680,1
95668,0
27587,0
103536,0
86299,0
67164,1
16835,0
20090,0
72210,1
119167,0
4627,1
23950,0
107761,1
72924,1
117299,1
57894,1
10482,1
106842,0
96093,1
100453,0
33938,0
81714,1
17807,0
89490,0
32577,1
34656,0
2152,0
97471,0
95546,0
48428,0
112159,0
12833,0
77875,1
115059,0
84329,0
105079,0
73768,0
15302,0
93107,0
18028,0
107584,1
75520,1
51572,0
105568,1
2897,0
52532,0
74319,0
71540,1
73555,1
117757,0
69091,0
56827,1
112826,0
65670,1
48772,1
87917,0
101825,1
84708,0
101767,0
77618,1
99258,0
92197,0
53767,1
16821,0
22880,0
28064,0
69148,1
24683,0
7989,1
1111,0
43035,0
48988,0
105718,1
116161,0
59814,0
44839,0
11993,1
101303,1
7892,1
32983,0
12462,0
18418,0
57053,0
85034,0
28040,0
26972,0
44559,1
78361,0
14963,0
36128,0
75506,1
75181,1
11503,1
27270,1
90500,0
66727,0
84416,0
64487,1
37477,1
150,0
102404,1
19169,0
117183,1
75872,0
63028,1
109073,0
101341,0
18388,1
74667,1
1478,1
1094,0
63325,0
67169,1
5985,1
70779,1
83533,0
49473,1
17302,0
34798,0
3747,1
50039,0
117686,0
79128,0
29177,0
17123,0
82326,0
35244,1
4400,1
24298,1
34819,1
4436,0
59339,1
18147,1
25169,0
10865,0
77081,0
31172,0
100805,1
96150,1
48899,0
32587,0
69625,1
56726,1
39700,0
101406,0
17363,1
72742,1
51002,1
21895,0
68020,1
88828,1
23145,1
39106,0
25003,0
14264,1
9528,0
44202,0
34448,0
53614,0
55893,1
68034,1
98892,0
82964,1
89382,0
32203,1
84219,0
54019,1
76517,0
98307,0
115943,0
100671,0
20299,0
2609,0
30718,0
64155,1
75960,1
91351,0
49362,1
20825,0
41289,0
113556,1
100418,1
42680,0
36406,0
105879,1
4931,0
37835,1
73688,1
32708,0
74793,1
8231,1
95755,0
27711,0
58230,1
21227,0
98228,1
44226,0
66867,1
118870,0
49441,1
99780,1
118293,0
114677,0
50752,0
36010,0
33708,1
58084,1
77881,0
72524,1
62909,1
112225,0
77450,1
45285,0
85147,0
64229,1
91120,0
67955,1
19229,1
27393,0
117524,1
19577,1
13600,1
4995,1
8715,0
22165,0
46646,1
42514,0
27146,1
12506,1
41758,0
18176,1
51470,1
57959,0
41721,0
6589,0
86713,0
111248,0
33361,0
20845,0
6461,1
43979,1
106411,0
11742,1
98356,0
13249,1
6812,1
111142,1
41948,1
70347,1
27184,0
93021,0
35770,1
97016,0
37778,0
82958,1
24501,0
2982,0
26169,1
116282,0
2935,1
1807,0
115376,0
83893,0
75999,1
44780,0
17306,1
94580,0
4240,0
68784,1
93562,0
23057,0
69698,1
10692,1
35023,1
25751,0
38932,1
32005,0
113272,0
70670,0
89970,0
51602,0
59149,1
93336,0
63263,1
99735,0
15149,0
100540,0
7633,1
54346,1
1423,0
80169,1
60829,0
105007,1
60471,1
35196,1
28191,1
54153,0
102517,0
70588,0
44483,1
84964,1
4832,1
63276,0
4904,0
69009,0
59488,0
114324,0
38924,0
78002,0
83355,0
84951,0
11346,1
35469,0
6113,0
95872,1
42674,0
31623,0
15146,1
50482,1
4855,1
12025,1
61523,1
19027,0
3683,0
32236,0
106286,0
30756,0
115929,0
90433,0
55479,1
88108,0
25095,0
55790,1
64144,1
32555,1
24844,0
6612,0
109375,1
24824,0
118446,0
45200,0
77291,0
103717,0
11572,0
13141,1
100739,0
28789,1
104200,0
112670,1
48143,0
85313,0
62324,1
65731,1
6552,1
61041,1
56932,0
66728,0
50588,1
213,0
102281,0
28914,0
26663,0
18006,0
109680,0
109496,1
90911,0
22785,0
90053,1
91280,0
21240,0
113859,1
27426,1
85889,0
40002,1
44614,0
76056,1
97293,0
116939,1
115125,1
14934,1
24837,0
74256,0
15766,0
56552,0
118031,1
57533,1
22415,0
18734,0
117979,1
45638,0
19938,0
86719,0
16225,0
98064,0
64718,1
23295,1
85240,1
111020,0
8023,1
76907,1
26963,0
80192,0
1498,0
115082,0
76768,1
119154,1
30473,0
22255,0
50620,0
106313,0
57362,1
35155,1
16261,0
116882,1
36846,1
72343,1
48151,0
67882,0
17391,0
94628,0
62499,1
96200,1
75493,1
4483,1
119132,1
33000,0
76439,1
15801,0
4069,0
106466,1
59217,1
20016,0
42645,0
114123,0
65504,1
102956,0
115437,0
35652,0
80308,1
81687,0
80692,0
102268,0
33918,0
119030,0
2872,0
80289,1
47779,0
65332,1
10672,1
13072,1
24220,1
92956,0
53183,1
93692,0
88873,0
51429,0
100110,0
6047,1
112655,0
100325,0
84414,1
31193,0
116883,0
41083,0
60456,1
59371,1
46187,0
33127,0
3858,1
59575,1
93275,0
18272,0
33357,0
16080,0
60684,1
44885,0
531,0
117367,1
112861,0
118790,1
116929,0
79766,0
62483,1
21438,1
107670,1
43155,0
81409,0
62459,1
44751,1
106233,0
59041,0
29327,0
69710,1
2624,1
117265,0
13486,1
92092,0
41635,0
89245,0
75762,0
115712,0
100786,1
86696,0
49490,1
96507,1
11744,1
110088,0
107842,0
14512,1
84312,0
107138,1
74955,1
111800,0
73181,1
102,1
47981,0
30161,1
31259,0
47478,0
50014,1
86455,1
60474,1
76093,1
93730,0
37297,0
85730,0
13237,1
50396,0
14296,0
44811,0
10090,1
89145,0
64177,1
113091,0
43195,0
118038,1
21659,0
31342,1
1298,0
83738,1
13639,1
94558,0
21102,0
10147,0
114322,1
49984,0
30391,0
60120,0
3984,0
54562,1
11198,1
53621,0
69215,0
96109,0
108524,0
59174,0
39791,1
12903,1
74020,1
118836,1
117013,1
29766,0
83894,1
51062,1
48391,1
74405,1
2272,0
113704,0
17621,0
51496,1
65931,0
54453,0
106517,1
110217,0
56014,0
12738,1
70815,1
61064,1
17744,0
50683,0
93755,0
92407,1
86813,0
83575,0
53761,1
41910,0
2079,0
58240,1
108186,1
36546,1
116682,0
33721,1
110268,0
20295,0
59373,1
111048,0
64571,1
92189,1
16912,0
93441,1
20203,0
111455,0
3384,1
57743,1
66404,1
68726,1
15751,0
72045,1
12993,0
41295,0
89770,0
44128,1
37978,0
14624,0
45307,0
60096,0
92609,0
41888,0
15101,0
50282,1
67724,1
46080,1
104048,1
65399,0
75232,1
66800,1
39708,1
87307,0
75126,1
77427,1
95751,0
574,1
4769,0
96680,0
60828,1
101071,1
23947,1
63976,1
46754,1
12724,0
5276,1
73410,0
96380,1
35642,1
113713,0
49896,0
74707,0
9301,0
110415,0
38211,1
3604,1
61177,1
59403,1
110933,1
103223,0
28741,0
17789,1
46380,1
46784,0
19293,0
81041,1
104309,0
118613,0
118748,0
63098,1
71049,1
107086,0
22191,0
38493,0
116008,0
84203,1
100291,1
66348,1
84748,1
15012,1
896,0
102638,0
108170,0
34880,0
102146,0
95258,0
88660,0
41507,0
65420,1
101442,0
72985,1
90763,0
29062,0
87419,0
11775,1
97501,1
36132,1
40737,0
60816,0
4884,1
38739,0
21293,0
79647,1
112957,1
25082,0
13245,1
52824,1
34081,0
104610,0
110054,0
36141,0
55312,1
11758,1
91706,0
45901,0
117461,0
56564,1
91180,0
117044,0
96594,0
59832,1
80065,0
53035,1
55870,1
115574,0
25395,1
68331,1
87095,0
46249,0
116977,1
92797,0
90157,1
45830,1
76458,1
79094,0
112966,0
8463,1
29563,0
97157,0
41039,1
49742,1
50722,0
73457,1
68297,1
32580,1
46409,1
21052,1
28202,0
96190,0
7637,1
36365,0
91255,0
85734,0
43265,0
15449,0
7601,1
36954,1
117917,0
34125,0
65132,1
44481,1
17719,0
107038,0
20647,0
15524,0
21518,1
98151,0
46482,1
64442,0
61650,0
13021,1
66442,1
56206,1
58070,1
93717,0
1941,0
9807,1
111671,0
119073,1
112069,0
56043,1
79349,0
97443,0
61666,1
59640,1
78487,0
22210,0
78023,0
53632,1
52932,1
85533,0
88446,0
67330,1
42793,1
61049,1
95644,0
11791,0
84832,0
41622,0
65850,1
62419,1
61827,1
106942,1
104961,0
64053,1
84660,0
96648,0
11752,1
82210,1
88871,0
44235,0
78730,0
21738,0
49043,1
90662,1
45324,1
80186,0
77769,0
111411,1
93573,0
106465,0
28784,0
63834,1
37837,0
35572,0
13339,0
98159,0
33981,0
61229,1
49662,1
73902,0
34611,0
15211,1
55052,0
2002,0
80314,1
54614,1
84083,1
71729,1
38829,0
117520,0
68832,1
71917,0
117285,0
57876,1
10838,1
92451,0
94516,0
36862,0
82622,0
25831,0
99535,1
33124,0
70359,1
112234,0
56732,0
48388,1
51183,0
102728,0
73022,1
47288,1
57757,1
68160,1
74870,1
5880,0
33839,0
82048,0
108268,1
68135,1
36450,1
40420,0
9119,1
21898,0
16831,0
111429,0
60743,1
5314,1
106522,0
68951,0
108085,0
84157,0
35789,1
114717,0
18064,1
70969,1
31733,1
18177,0
77852,0
5747,1
97426,1
56632,1
100127,0
94730,1
4376,0
112324,1
14221,0
27493,1
62127,1
77779,0
10481,1
24728,1
14956,0
16055,0
116147,0
53827,1
81627,1
24821,0
25247,0
25047,0
24122,0
47259,1
104728,0
70335,1
110830,0
53813,1
76316,1
34162,1
32948,0
46155,0
101469,0
81431,0
99770,1
24169,0
53786,1
57398,1
77910,1
77594,0
102021,1
42023,0
21857,0
29421,1
67946,0
6951,0
91803,0
52565,0
27009,0
8851,1
79236,1
92220,0
118143,1
17476,0
60345,1
18724,0
11317,1
65721,1
28938,0
44344,0
96042,0
11420,1
50327,0
112580,0
30130,0
44734,1
100015,0
36253,0
56051,1
58259,1
35775,1
7552,1
84439,0
25370,0
30286,1
49588,1
38622,1
47541,0
99357,0
28906,0
27114,1
48281,1
76378,0
66255,1
65686,1
34156,0
11885,1
44176,0
115375,1
50615,0
28488,1
109493,1
30834,1
68489,1
85106,1
88953,0
16149,1
34605,0
80659,0
40365,0
73013,1
20525,0
30627,1
105416,0
20381,0
73325,0
111971,0
68892,1
79354,0
83030,0
14242,0
11300,0
65936,1
72910,1
38990,0
104734,0
15363,0
96498,0
105481,0
37692,0
48134,1
63822,1
89656,0
91010,0
50719,0
34462,0
114500,0
8039,1
82106,0
55819,0
83587,0
89131,0
4572,0
81132,1
78512,1
89898,1
50629,1
23483,0
12990,1
17955,0
7207,0
118525,0
29255,0
22195,0
18568,0
40592,0
29876,0
70646,1
43065,0
42242,0
76519,0
107855,0
84618,0
43160,0
80758,1
16561,1
115550,0
110249,0
116076,0
80495,1
88156,1
14433,1
21167,0
74556,1
10771,1
32627,0
90162,0
76881,1
33774,0
1738,0
97283,0
28441,0
22333,0
67088,1
48233,0
15318,0
97048,0
97014,0
51508,1
71108,0
51041,1
110706,0
48269,1
23062,0
8273,1
34165,0
24568,0
112356,1
36886,1
118618,0
106518,0
26232,0
57096,0
618,1
49268,0
37168,0
92693,1
2688,0
42912,0
10049,1
99225,0
3020,0
30196,0
59189,0
79432,1
46286,0
8917,1
79468,1
79055,0
70340,0
116620,0
33460,1
21770,0
92635,0
5835,0
49724,0
8172,0
45704,0
21500,1
112688,0
23868,1
104050,1
15811,0
52588,0
103599,0
91360,0
41574,0
45572,0
97776,0
49855,0
20710,0
95104,0
59840,1
117286,0
101386,1
117449,1
35494,0
101634,0
71595,1
39130,0
34153,0
106978,1
68356,1
90151,0
107674,1
25766,1
107686,0
108237,0
59421,1
110269,1
63195,0
80452,1
118309,1
22834,0
114020,0
97719,1
45054,0
6568,1
111578,0
68940,1
56393,0
96087,1
63259,0
85978,1
1035,1
60356,1
30545,0
21672,0
25346,0
69679,0
37727,1
37568,1
67159,1
51229,1
20137,0
94437,0
97172,0
77157,0
114092,1
27369,1
2011,0
60837,1
12999,0
112745,0
44193,0
36032,0
50763,0
118492,1
72073,1
19642,1
49696,0
46571,0
75604,0
53508,1
94866,0
12133,0
76734,0
93367,0
17410,0
81221,1
113596,0
115513,0
17983,1
14576,1
65066,0
97397,1
29414,0
24392,1
87206,0
20371,0
118372,0
28474,0
12068,1
29477,0
17847,1
35937,0
51243,0
34538,1
32123,0
48753,1
64156,1
29634,0
59387,0
32927,0
4444,0
113313,0
113210,0
93525,0
31818,0
28015,0
86327,0
111279,0
53444,1
16429,0
51923,0
51723,1
14438,0
3217,0
79038,0
75071,1
32882,0
104607,0
71388,1
71268,1
96735,0
4127,0
18141,0
116773,1
115676,0
2852,1
36871,0
70792,1
35774,1
67853,0
27845,0
2968,0
91651,0
93303,0
24295,0
105036,1
106295,0
49484,1
75780,0
46221,0
109930,0
35041,0
34761,0
41660,0
35376,0
77123,0
70282,1
54322,1
20421,0
118660,0
98870,0
35011,0
74253,1
77409,0
71135,1
70414,1
89394,0
27194,0
10728,0
117849,0
6723,0
12708,1
106801,0
95010,0
75723,0
63065,1
16068,0
114591,0
82602,0
40826,0
70578,0
8622,1
95885,1
98044,0
20687,0
59858,1
62652,1
104786,0
72758,1
54209,0
110918,0
14601,1
107150,0
58990,1
1532,0
38333,0
2780,1
10629,1
37394,1
32265,0
65718,1
30182,1
71643,0
59124,1
117601,1
15147,1
78694,0
106985,0
6864,1
80281,0
114404,1
12226,1
3343,1
26027,0
116271,0
100234,1
40371,0
91306,0
102513,1
32742,0
83091,0
62399,0
110768,1
75822,0
64950,1
15103,0
22383,0
62973,1
11472,0
3105,1
20542,1
17194,0
70711,1
27931,1
90920,0
50457,1
22368,0
12071,1
81642,0
75250,1
13930,0
106495,1
55952,1
109684,1
9495,1
61059,1
74945,1
5092,1
103005,0
34028,0
8081,1
3288,0
62497,1
66844,1
57663,0
22515,1
52614,0
99577,0
108452,0
114215,1
114928,0
113786,1
75619,0
58952,0
101776,0
112735,0
94229,0
114701,0
46823,0
52942,1
2301,1
25654,1
25204,0
29754,0
60110,0
70691,0
66569,1
77363,1
101684,0
114073,0
23861,0
62730,0
88703,0
36159,1
36304,0
5875,0
111856,1
108483,0
48175,1
52985,1
30,1
24107,0
2040,0
84657,0
93991,0
100852,0
86305,1
22659,0
1380,0
117289,1
20163,0
11458,0
69159,0
112866,0
84584,0
75130,1
112260,1
119012,1
12775,0
37410,0
96599,1
64809,1
81406,1
25523,0
56714,1
84298,0
117173,0
92788,0
101066,0
87196,0
81210,0
114761,0
54317,0
91547,0
16357,0
29841,0
37526,1
53438,1
74965,1
99629,0
53653,0
39428,1
44525,0
31363,0
15849,0
83646,0
4168,1
66119,0
40557,0
28736,0
2528,0
54817,1
67015,1
29692,0
40553,0
57353,1
116694,0
34493,0
81600,1
40911,0
91173,0
67686,0
25516,0
54431,0
103710,1
75736,0
111869,1
12440,1
33519,0
59042,0
44898,1
4568,0
30426,0
115289,0
87425,0
52691,0
34823,0
40083,0
30271,0
35643,0
93913,0
36216,0
23958,0
97680,1
69485,1
15855,0
87027,0
88766,0
21436,1
63600,0
10934,0
84084,1
79026,0
39447,0
27481,0
74752,0
74142,1
98304,0
86739,1
90819,0
42174,0
102426,0
25702,1
23565,0
56054,1
76677,0
63197,1
25900,1
18764,0
39764,1
55360,1
12340,0
11956,1
108900,1
106077,0
9250,1
95800,0
5982,0
76786,1
84849,0
93121,0
86298,0
18566,0
105808,1
45092,1
8400,0
61048,1
58920,0
57671,1
21373,0
88348,0
10352,1
2126,0
53006,1
88934,0
93864,0
13123,0
45028,0
31547,1
48302,1
112522,0
99188,0
85028,1
79307,0
1301,1
107862,0
58793,1
64509,1
32861,0
14368,0
16969,0
55492,1
69478,1
80172,0
77414,0
92449,1
51190,1
108731,0
83856,0
56657,1
61433,1
10425,1
104595,0
106844,1
96653,1
71319,1
30792,1
37153,0
16964,0
16966,0
2706,0
74182,1
36184,0
95573,0
79668,0
5470,1
73216,1
42930,0
89057,1
79722,0
34873,0
72178,1
95981,1
47113,0
36539,0
81428,0
115730,1
26632,1
91056,0
22101,0
115561,0
83684,0
46812,0
114091,0
27836,1
11394,1
105152,0
83110,0
2508,0
114244,0
5888,0
52466,1
102284,0
72836,1
77737,0
118730,0
67983,0
19813,1
48909,0
96881,0
91317,0
110164,0
25062,0
74366,0
65575,1
6800,1
13137,1
72965,1
27488,0
95525,0
11416,1
41413,0
103036,0
60734,0
70699,0
71474,0
42255,1
20346,0
22042,0
117431,1
26461,1
79702,0
100435,0
56819,1
8515,0
99506,0
37753,1
89900,0
64247,1
112278,1
40687,1
66980,1
94858,0
46614,1
8944,1
45811,0
36873,0
47868,1
84596,1
98297,0
90731,1
108660,0
113614,0
34753,0
113185,0
20209,0
35880,0
37986,0
81084,0
415,0
83210,0
67271,1
66040,1
52639,0
72675,1
116590,1
68478,0
98462,0
22316,0
3943,0
29853,0
108252,0
5154,0
80541,0
79027,1
104989,1
111896,1
94280,0
38448,0
79559,0
46721,0
87438,0
43038,1
114109,1
72493,0
54610,1
64882,1
118594,1
75825,0
42758,1
52559,0
105874,0
7803,1
111999,1
14,0
33759,0
95412,0
30886,0
62543,1
114942,0
114362,0
55461,1
52169,0
9427,1
60598,0
91948,0
27049,1
57788,1
58508,1
111877,0
99665,0
53802,1
24105,0
108443,0
54118,1
14995,1
38561,0
5897,0
85490,0
64743,1
115247,1
65409,1
38860,1
61427,0
40696,1
44194,0
55762,1
81857,1
89146,0
10856,1
43723,0
892,1
95903,0
32808,0
1566,0
26992,0
69722,1
15329,0
100412,0
86285,0
31982,0
51254,1
40593,0
1164,1
90537,0
17736,0
23442,0
46755,0
85334,0
74681,1
48165,0
79780,0
66748,0
44605,1
52937,1
117365,0
69789,1
34041,0
28230,0
79776,0
730,0
24002,0
88197,1
7476,1
73319,1
52236,1
61196,1
46131,0
87323,0
10988,0
44028,0
91367,0
112869,0
59574,1
27127,0
105703,0
52395,1
40960,1
9024,1
1942,0
89227,0
107307,0
17416,0
12210,1
45595,0
36511,0
4693,0
22377,0
5635,1
16019,0
49416,0
23197,0
70215,1
88170,1
18441,1
51720,1
51842,1
26100,0
60555,0
109436,1
53701,1
98795,1
67515,1
115976,1
86028,0
44914,1
58129,1
68014,0
108880,0
50624,1
79930,0
113063,0
53914,1
90842,1
7441,1
38401,0
65035,1
11094,0
74419,1
105972,0
34331,0
32813,0
29560,1
14347,0
101473,0
89694,0
99827,0
14439,0
23370,0
39412,0
63848,1
24958,0
34293,0
72908,0
31091,1
38559,1
33578,1
113349,0
9175,1
101703,1
85484,0
35479,0
95607,0
29285,1
18576,0
76381,0
23703,0
92432,1
60203,1
88071,0
41053,0
109656,1
98784,0
73397,1
25917,0
6114,0
39650,0
10026,0
31822,0
29734,0
69010,0
62350,1
117538,1
23376,0
89212,0
26550,0
98180,0
71537,1
14567,1
100959,0
76948,1
58360,0
20913,1
55364,1
67167,1
30370,0
37172,0
98051,1
34621,0
77172,1
23686,0
65363,1
19202,1
114047,0
104580,1
21754,0
89572,0
28186,0
4785,1
68623,1
73713,1
58432,1
66362,1
33695,0
50928,0
80041,1
26354,1
51772,1
75059,1
37933,0
22157,0
46688,0
103442,0
67674,1
94315,1
91063,0
108228,0
49614,0
94162,0
56841,1
3065,0
82177,1
80245,0
107811,0
39501,1
31131,0
27952,1
69391,1
85206,1
95979,0
75042,0
32149,0
87603,0
59894,1
112067,0
41903,0
84449,0
39802,1
48081,0
39636,1
61225,1
41391,0
24981,1
19614,0
29555,1
12693,1
8529,1
60055,1
118466,0
24450,0
95358,0
58659,0
28461,1
106250,1
74749,1
23682,0
19953,1
35733,1
112372,0
83283,0
75540,1
68513,1
116081,0
62375,1
42289,0
27143,0
19827,0
36018,0
51560,1
46276,0
115750,0
29275,0
79571,0
44833,0
12408,1
110132,0
81087,0
74746,1
95816,0
80740,0
55991,1
34699,0
64257,0
49262,0
21592,0
52578,0
35406,0
107630,0
97629,0
12263,0
1668,0
107661,1
47929,0
87523,0
69178,1
87689,0
31649,0
73429,1
91994,1
54911,0
18416,0
18766,0
76506,1
47859,0
68723,1
24758,1
43859,1
117414,1
7911,1
77044,1
114725,1
86957,1
44955,1
2028,0
71637,1
107228,0
79285,0
11187,0
79048,0
3305,0
91853,0
3863,1
45067,0
79887,0
72827,1
78548,0
62298,0
23290,0
40621,0
24936,1
50366,1
67070,1
43886,1
86264,1
115196,1
5748,0
82613,0
52080,0
58344,1
92217,1
52319,0
101282,0
86683,0
98045,0
110787,0
67683,0
74695,1
44477,1
92440,0
75529,1
29907,0
103285,0
80146,0
74171,1
14150,1
36038,1
32064,1
42062,1
1824,0
40486,0
14572,0
76305,0
80117,1
63891,1
1484,0
23961,1
81657,0
114234,0
43253,0
7872,1
113646,0
18300,0
52131,1
71244,1
44024,0
99174,0
71529,1
80524,0
70052,1
93669,0
49002,1
29798,0
82550,0
80071,0
50292,1
75757,0
10996,1
38120,0
22442,0
97510,1
74753,0
116034,0
13553,1
65425,0
53865,1
68482,1
14649,1
59438,1
64321,1
107012,1
17053,0
106854,1
15624,0
9562,0
29447,0
110466,0
110446,1
86018,0
23098,0
53464,1
72437,0
30444,0
110302,0
20165,1
89598,1
54760,1
15926,0
74867,1
31860,1
70943,1
95290,0
112993,0
59756,1
24877,0
116588,0
83947,0
92950,0
8725,1
106242,1
104781,0
3770,1
114551,0
68954,1
13808,0
49559,0
53363,1
20640,0
116188,0
113525,0
35253,1
1877,0
93546,0
33936,0
110254,0
14063,0
25849,0
107952,1
6485,1
41483,0
118929,0
35693,1
114406,0
107851,0
63020,1
99363,0
1597,0
13294,1
49098,0
27333,1
15758,0
11839,1
72767,1
4404,0
35922,0
60045,1
10913,1
7315,1
31280,0
2438,0
93227,0
49152,1
12236,1
66449,1
105801,1
82839,1
24288,0
26125,1
28153,0
85751,0
90727,1
113917,0
98600,0
41926,0
41075,0
90837,0
3485,1
64335,0
40435,0
111601,1
56076,1
80520,0
46436,0
79375,0
15778,0
32773,1
27690,0
10289,0
72356,1
43081,0
64791,1
15899,0
99077,0
90231,0
2791,1
3244,0
17533,0
52253,1
58017,1
84617,0
1539,0
42110,0
96816,0
79858,1
113991,0
102928,0
11267,1
46442,1
77048,1
108261,0
9453,1
54914,0
92321,0
35180,1
35781,0
9205,0
98497,0
40738,0
39634,1
86565,1
59826,1
108567,0
85576,0
33860,0
280,0
26251,1
65921,1
68592,1
96904,0
70974,0
109491,1
36813,1
98389,0
63689,1
72285,0
35151,0
29771,0
17499,0
70612,1
66204,1
116101,1
7006,1
44464,1
3444,0
55603,1
74434,1
12039,1
73261,0
32836,0
11352,1
12407,0
53503,0
2865,0
73370,1
6610,1
99552,1
111768,0
53692,1
33688,0
102713,1
97255,0
14807,0
25334,1
86427,0
80960,0
19450,0
85888,0
80007,0
5116,0
19793,0
106549,0
95393,0
43037,0
18510,0
99255,0
27253,1
20692,0
78654,1
38128,1
73544,1
52275,1
61608,1
113926,0
23894,0
52531,0
2210,1
17221,0
73180,1
114552,1
115646,0
102526,0
13633,1
16644,0
100576,1
93998,0
46712,1
61907,1
38237,1
114338,1
56599,1
70557,1
58940,1
78027,0
55401,0
42662,0
52721,0
18884,0
60551,0
45460,0
58580,0
34321,0
8762,0
38971,1
75544,1
96057,0
17646,0
85921,0
85376,0
51316,1
8840,1
17304,0
76347,0
64132,0
1967,1
13532,1
429,1
7316,0
85333,0
115655,0
31528,0
93517,0
48658,0
100512,0
43310,0
64971,1
101669,1
17814,1
4390,0
111919,0
62889,1
80275,0
67559,1
13501,1
7217,1
66298,1
84685,0
23089,0
113533,1
17945,0
104533,0
55974,1
53933,1
117402,1
72612,1
48126,0
69315,1
33776,0
103502,1
38284,1
21415,0
71446,0
42426,0
94997,1
106649,1
58448,1
104587,1
114650,0
11627,0
9212,0
35561,1
23353,0
34953,0
109179,0
57374,1
39790,0
80701,0
57766,1
40437,0
18650,0
97024,0
28722,0
79701,0
58199,1
92367,0
29786,1
54946,0
36782,1
59113,1
60805,1
62317,1
67408,1
22323,0
56912,1
94619,0
34052,0
16747,0
81723,1
96963,1
85479,0
102270,1
115342,0
45629,0
44723,0
9285,0
15015,1
25782,1
20878,1
50136,0
4107,0
77653,0
58822,1
3873,0
71242,1
89049,0
13464,1
101102,0
18703,1
64001,0
64575,1
71153,1
27154,1
19050,0
114289,1
66635,1
99172,1
53383,0
8659,1
97560,0
96085,1
17915,0
5322,1
75833,0
72255,1
73462,0
89479,0
66417,1
1134,0
62922,1
24590,0
2806,0
11407,0
34233,0
472,0
106559,0
64724,0
45495,0
54211,1
86325,0
74980,1
94349,0
78915,0
67767,0
75196,1
16095,0
106350,0
25859,0
111403,1
105043,1
85452,0
113648,0
33091,0
36947,1
60449,1
11199,1
112429,0
44770,0
73056,1
2509,0
7089,1
109266,0
53039,1
97653,0
40403,0
5067,0
21955,0
20050,1
105279,0
31087,1
53646,1
29001,0
79763,0
72691,0
45852,0
41011,0
62791,1
56852,1
51047,1
107391,0
52109,0
21164,1
82356,1
73102,1
46236,0
65814,1
21890,0
13262,1
102760,1
4831,1
33465,0
26790,0
14058,0
17179,1
96552,0
14155,1
12638,1
47528,0
118373,0
38573,0
105299,0
5341,0
50344,1
39801,1
30623,0
55195,0
60155,0
36512,0
115962,0
38199,0
67178,1
42847,0
59292,1
32796,1
112683,1
5902,1
19685,0
25375,0
30020,0
18195,0
91489,0
117777,0
31562,0
15281,0
33462,1
82220,1
80113,1
7433,1
114130,0
22527,1
76964,1
43255,0
21339,0
104400,1
59201,1
103900,0
25534,0
5376,0
8540,1
113483,1
694,0
12909,1
111106,0
10690,1
70640,1
4494,0
102599,1
15994,0
32542,1
95365,0
34428,0
36334,1
52333,1
33845,0
34323,0
21480,1
96864,0
102628,0
97445,0
94430,0
61517,1
91077,0
20291,0
58535,1
70280,1
110120,0
4218,1
70818,1
66069,1
99568,0
68451,0
28883,0
96797,0
80562,0
71924,1
86490,0
48486,1
68970,1
11282,0
51878,0
25496,0
87905,0
41676,1
21366,0
12147,1
115643,1
1954,1
9719,0
74781,1
95185,0
65045,1
112096,1
3637,0
13130,1
118222,1
83905,0
14178,0
116303,1
66137,0
32057,1
59532,1
11659,1
26430,1
19065,0
59763,1
9759,1
29975,0
93187,0
38705,0
75796,0
42278,0
67106,0
102631,0
15412,0
2219,0
43399,1
80213,0
44011,0
33990,0
60374,1
62247,1
65573,1
108405,0
70827,1
32076,0
110582,0
14716,1
49025,1
30022,0
26625,1
82469,0
62938,1
63688,1
109579,0
904,0
13374,1
58066,1
29446,0
12962,1
65687,1
81047,1
68521,1
107976,0
54574,0
7353,1
102905,0
69392,1
43116,0
8113,1
58467,1
7296,0
100665,1
59747,1
72200,1
58926,0
106822,1
19943,1
3052,0
3090,1
49040,1
6821,1
44950,1
93194,0
118082,0
31674,0
22772,1
61138,0
106125,0
63291,1
96619,0
96992,0
69535,1
57018,1
79696,0
51039,0
73890,0
44844,0
73593,0
83670,0
42629,0
22478,0
21875,0
103338,1
17819,1
86240,0
76553,0
12439,1
81981,1
66180,1
104389,0
112359,1
37,0
101667,0
2165,0
108646,0
9277,0
21150,0
14234,1
91888,1
112458,0
97367,0
66233,1
31214,0
56617,1
115419,0
34082,0
29097,1
95382,0
27297,0
52515,1
64445,0
114651,0
29848,0
100438,0
39111,1
55639,1
26768,0
110634,1
71663,1
59412,1
106834,0
68922,1
108937,1
76599,0
6024,0
46801,0
100740,0
69702,1
97697,1
97325,0
45272,0
68763,1
16645,0
15513,0
74711,0
32939,0
35935,0
7702,1
77666,0
23646,0
43671,0
82970,0
103785,0
63863,1
80545,0
107034,0
84152,0
27359,0
13484,1
79884,0
77438,0
41072,0
119133,0
2148,0
28269,0
99251,1
32618,0
82828,1
11630,0
72859,0
61093,0
69842,1
36116,0
102133,0
17793,0
114021,1
92560,0
14023,1
105807,0
118204,1
27415,0
20851,0
51021,1
80285,0
12120,1
45614,1
12521,0
17897,0
72552,1
89437,1
87638,1
30270,0
18520,0
24431,0
40397,0
63025,0
114339,0
113618,0
117713,0
62818,1
84467,0
85416,0
114435,1
42677,0
30451,1
77147,0
2176,1
74717,0
73884,0
88803,0
22121,0
93616,1
41347,0
11577,0
80611,1
43967,1
102119,0
86041,1
62221,1
47448,1
11283,1
56120,1
104614,1
43813,0
91392,0
3776,1
88620,0
102907,1
103177,0
94624,0
109402,1
35161,1
33991,1
56385,1
53814,1
56091,1
99910,0
6816,1
79843,1
96534,0
119241,1
77215,0
42257,0
117659,1
115913,0
31806,0
45568,0
32210,0
45390,0
40177,1
31892,0
70745,0
43976,1
103366,1
89484,0
20099,0
34992,0
16925,0
73790,0
87773,0
36072,0
60850,1
34564,0
28802,0
45758,1
111478,1
56333,1
34044,0
74150,1
75587,0
30547,0
93727,1
24656,1
98169,0
31885,1
6601,1
10526,1
44421,1
1910,0
2670,0
27082,1
94240,0
3270,0
58438,0
47093,0
97696,0
80501,1
31698,1
105712,0
76199,0
57935,0
6345,0
28291,0
40321,1
110597,1
37847,0
82196,0
58540,0
96601,0
83614,0
104632,1
29923,0
89727,0
90359,0
109628,0
105044,0
7764,1
18031,0
116639,1
94656,0
36086,0
73420,1
76742,0
53135,1
49305,0
12382,1
104915,0
9514,0
90427,0
95424,0
69205,0
114662,0
97485,0
25320,0
93974,0
3680,0
38138,1
76119,1
50151,0
67596,1
7211,0
26017,0
56645,0
28195,0
34749,0
99018,1
85298,0
18252,0
61640,1
17482,0
28111,0
36738,0
57167,0
27119,1
90450,0
22094,0
113912,0
100955,1
2110,1
83100,0
9010,0
14804,1
20585,0
21710,0
61802,1
94204,0
22285,0
82897,1
7324,1
30463,0
59489,1
1398,0
42049,1
106093,1
2144,0
101311,0
65962,0
12399,1
106965,0
20915,1
6701,1
91053,0
104345,0
57468,0
23321,0
19906,1
3999,1
4493,1
53622,0
44608,0
76171,1
21721,0
93483,1
54093,1
27394,0
9775,1
53676,1
43210,0
24960,1
103930,0
63011,1
37342,0
116917,0
110507,1
4432,0
78122,1
21778,0
50933,1
26045,0
79169,0
17574,0
102220,1
61436,1
118510,0
34991,0
12952,0
14604,1
92582,0
36012,0
63120,1
58741,1
64738,1
35994,1
96476,0
90910,0
114022,0
66154,1
53220,1
66285,1
64576,1
85209,1
74247,1
76493,1
43023,0
83630,0
69557,0
82378,1
34503,0
3139,0
8836,1
35551,0
60963,1
40494,0
21824,0
68282,1
15723,1
106338,0
47490,1
92889,0
78189,0
68132,1
74184,1
106501,0
10091,1
71263,0
56554,0
74947,0
114896,1
3374,0
80530,0
88133,0
34387,0
93004,1
57473,1
9056,0
94483,0
43484,0
17230,0
91993,0
105868,0
15270,0
97316,0
103243,0
16182,1
65976,0
94748,1
117497,0
35790,1
102109,0
41454,0
10252,1
87429,0
30359,0
104803,0
87940,0
110610,1
31109,0
42293,1
107494,0
114908,1
68287,1
38679,0
87581,0
117610,0
51520,0
106447,0
104681,0
15660,0
65681,1
78862,0
62286,1
20988,0
43555,0
103501,0
54306,0
119156,0
63929,0
107598,0
37400,0
45797,0
91704,0
76630,1
114272,0
42402,0
73993,1
98319,0
106057,0
39625,0
10829,1
111618,0
110403,0
94471,0
49367,0
99405,0
34177,0
25332,0
15765,0
72496,1
89489,0
14275,1
23650,1
106114,0
54193,0
4461,0
43924,0
79356,0
74135,1
71796,1
50072,1
115777,1
87370,0
13182,1
70137,1
102958,0
40104,0
100757,0
19565,1
110700,0
44080,0
35939,0
57543,1
99553,1
23033,0
35555,0
17617,0
414,1
59093,1
108064,0
71012,0
11679,1
91899,1
15111,0
15001,1
9999,1
97326,0
19072,0
31033,0
7437,1
21830,0
67262,0
74565,1
76281,0
103188,1
80899,0
76644,0
82873,1
36674,0
1640,0
49604,0
36901,0
36079,0
76903,1
86731,0
42781,0
104688,0
47526,1
22976,1
37371,0
54068,1
119379,0
96157,1
17767,0
114352,0
38960,0
26273,1
85066,1
27614,1
52787,1
43365,1
43937,1
18559,0
111161,0
81101,0
117340,0
85237,0
71839,1
67329,1
56747,0
1616,0
37742,0
87129,0
90990,0
73502,0
36075,1
67958,1
63498,0
113062,0
87098,0
14342,0
62830,1
28400,0
7530,1
6185,0
43637,0
22822,0
29141,1
15438,0
13725,0
5426,1
48708,0
7166,1
71665,1
24567,0
96627,0
84486,1
62583,1
87407,1
54726,0
20843,0
44331,1
53283,1
63376,0
104710,0
71967,1
42351,1
26934,0
94795,1
79262,1
40825,0
45616,1
89830,0
36354,0
88346,0
89043,0
2222,0
71406,1
40106,0
92764,0
30098,1
112003,1
91957,0
101900,0
39763,0
63603,0
49914,0
69673,1
86468,0
38836,0
32943,1
65450,1
83559,1
108211,0
86375,1
60235,1
6855,1
94091,0
59824,1
8134,0
6947,1
92912,0
81978,1
108130,1
6839,0
18743,0
70494,1
55466,1
18633,1
75125,1
47604,0
69915,1
77571,1
24240,0
91750,0
56828,1
20794,0
57723,0
2345,0
81319,0
3066,0
10451,1
44304,1
88392,1
35344,1
57046,0
35368,0
86858,0
110197,0
113937,0
83134,0
25282,0
31234,0
33929,0
56949,1
72086,1
43843,1
104670,0
95287,0
8714,1
85245,0
84712,1
814,1
62108,1
1854,0
84031,0
94775,1
68991,1
3383,0
9189,1
65680,1
70313,1
53743,1
46344,0
49642,1
94616,0
118518,1
53110,1
83528,0
89920,0
44585,0
36240,0
105034,0
10919,1
57974,1
71640,0
47804,0
18444,1
51740,1
15569,1
100869,0
64164,1
104825,1
41817,0
25834,0
32794,0
51139,1
51598,0
63668,1
87290,1
103140,1
94955,1
23473,0
35201,0
7478,1
108057,0
77273,0
108043,0
8336,0
57128,1
86122,0
19720,1
69507,1
6219,0
66818,1
37051,1
71327,0
1787,0
48128,1
36052,1
25681,0
95458,0
76052,1
12170,1
69804,1
43848,1
63740,0
68480,0
110544,0
41891,0
83609,0
87837,0
62843,1
22423,0
52725,0
1765,0
51533,1
89019,0
56170,0
87782,0
62770,1
57057,1
72333,0
89412,1
105734,0
12701,1
56110,0
88836,1
49494,1
91065,1
109236,0
33836,0
17992,0
119305,0
55757,1
92161,1
113762,1
13521,1
65735,1
78401,0
69616,0
34972,1
25718,0
3951,0
34133,1
115024,1
55794,0
103112,0
31574,0
57254,1
28451,0
117159,0
101553,0
117039,0
13377,1
109369,1
91354,0
118998,1
9188,1
66396,1
10613,1
68610,1
1859,0
78741,1
81257,0
58125,1
19823,0
70258,1
57182,0
64506,0
26328,1
85300,0
40390,0
26240,0
20697,0
40515,0
10679,1
79577,0
55484,1
47508,1
10850,1
26652,0
80713,0
60913,0
118330,0
71635,0
5899,0
78336,1
115555,0
31933,0
50464,0
37370,1
35346,0
13851,0
39304,0
37100,0
115775,0
34977,0
71026,0
60274,1
20329,0
91612,0
3973,1
48967,1
43009,0
117110,1
109926,0
45984,0
89121,0
24959,1
54187,0
110431,1
89455,0
67405,1
52625,1
54826,0
3084,0
87265,0
40694,0
36673,0
30175,0
113171,0
37638,1
114085,0
7683,1
40864,0
6124,0
50678,1
93847,0
92636,0
16034,1
52091,1
79901,0
44532,0
25404,1
2993,0
3112,1
76668,0
59552,1
115321,0
83307,1
42030,0
4681,0
28205,1
95214,0
104017,1
92591,0
94298,0
41672,0
78369,1
63812,1
12290,1
84382,0
67300,1
79726,1
97980,0
1989,0
36413,0
44349,0
25258,1
57372,1
68588,1
81097,0
38749,1
14375,1
104204,1
116700,0
4609,1
66993,1
116720,0
77375,1
100150,0
90023,0
15089,0
57461,0
100255,1
87584,1
62917,1
8335,1
117356,0
80157,0
83175,1
79081,0
105272,0
19369,0
105108,1
53555,0
115576,1
93215,0
30019,1
10709,0
60692,1
70221,1
89963,0
58357,0
67715,1
41521,0
35224,1
104891,1
26876,0
77978,1
105440,0
12520,1
95530,0
41233,0
41782,0
80488,1
110553,0
48911,1
118640,1
93063,0
14409,1
81344,0
2505,0
66367,1
36268,0
103282,1
20615,0
81028,1
6880,1
55019,1
62521,1
47693,1
6034,0
70703,1
93432,0
90584,1
59037,1
17398,1
32868,1
74663,1
49944,1
22059,0
37184,0
7424,1
91297,0
14980,1
68329,1
86619,0
49603,0
66722,1
98895,0
97077,0
38140,0
18960,0
113168,1
31718,0
11319,1
58974,0
60226,1
15090,0
117374,0
464,0
6146,0
5358,0
94419,0
15280,1
20782,0
66805,1
37194,0
103174,0
101593,0
26884,1
11341,0
41188,0
95257,0
108564,0
103854,0
38861,0
58059,1
96259,0
97880,0
59258,1
106049,1
109543,0
96645,0
2776,1
19525,0
40430,0
40736,0
2786,1
50646,1
63468,1
101109,0
12667,1
16589,0
22461,0
104562,0
108556,1
89765,0
113216,0
112008,0
56081,1
63847,0
52453,1
79678,0
106459,0
49705,1
46923,0
99788,1
67142,1
46371,1
117547,1
25360,0
63479,1
70941,1
37802,0
50860,0
80514,1
37322,0
36988,1
70960,0
91743,0
75972,1
94225,1
64150,1
67555,0
80753,1
20452,0
33464,0
67743,1
3912,0
44046,1
94361,0
60814,0
33627,0
24291,0
14613,0
67728,1
48705,1
27518,1
7840,1
92626,1
46476,0
95600,0
16423,1
72,0
49321,0
79707,0
114515,0
7346,0
58405,1
18083,0
84067,0
110810,0
98914,1
48797,0
76718,1
53705,1
33962,0
97575,0
17669,0
26677,1
58857,1
93785,0
5691,0
99185,0
62162,1
70047,0
70250,1
57248,0
98278,0
51176,0
102173,0
2128,0
82417,0
77262,1
45206,1
49973,0
855,0
52404,1
117957,1
88837,1
78175,0
95757,0
73281,0
76085,1
29410,0
86759,0
48294,1
58796,1
51537,1
32904,0
92600,0
4159,0
17255,1
35088,0
50622,1
59940,1
1823,1
67129,0
85624,0
13017,1
54835,1
91164,0
39519,0
107305,1
81018,1
92998,0
65965,1
34731,0
14770,1
111746,0
104026,1
117615,0
78174,0
115678,1
110476,0
45367,0
16864,0
55165,1
29857,1
3002,0
7298,0
86383,0
15687,0
18586,0
99684,0
11634,1
90542,0
51653,1
5861,1
25946,0
68609,1
45610,1
91839,0
22915,0
11093,1
119094,0
36560,1
99984,1
22883,0
72501,0
80807,1
67125,0
28885,0
89881,0
26203,0
110204,0
84879,0
21410,0
71195,0
77870,1
94408,0
110410,0
92743,0
44615,0
29055,1
102228,1
6917,1
63634,0
30445,0
41256,0
39241,0
18869,0
56954,1
73476,1
95603,0
11601,1
105595,1
80311,1
87954,0
79882,0
96536,0
85844,0
107900,0
116432,0
56132,1
111548,1
33582,0
25642,1
45999,1
87286,0
7907,0
9937,1
72118,0
116742,0
87159,1
114971,0
5020,1
9124,0
27402,1
54881,0
106129,0
85501,0
65940,1
100726,1
49515,1
83497,0
79049,0
16781,0
15443,0
105696,1
108397,0
9744,0
14461,1
55092,1
9097,0
28882,0
89561,0
83879,0
14374,1
112213,0
20337,1
78580,0
19530,0
21013,1
96442,0
88835,1
67939,1
92123,0
40450,0
92748,1
52562,0
27017,0
53385,1
92851,0
113808,0
88228,0
118606,0
50902,0
15026,1
27210,0
90068,0
6340,0
88332,0
88391,1
32283,0
8194,1
72806,1
74055,1
44238,0
37850,0
59410,0
80362,1
16444,0
65419,1
74594,1
84151,0
50534,0
103078,0
64831,0
12966,1
79202,0
111262,0
57426,1
6739,0
14755,1
39353,0
10806,1
86944,0
6574,0
5360,0
38114,0
5330,1
114231,1
18904,0
80812,1
5714,0
95035,1
6516,0
110523,0
30018,0
5702,1
80020,0
91398,0
34736,0
118134,0
102263,0
94061,0
69199,1
93198,0
91387,0
93856,0
16366,0
92799,0
86777,0
30575,1
93638,0
343,0
37969,1
15258,0
85310,0
25348,0
93108,0
6899,1
40786,0
79033,0
56417,0
51100,1
93260,0
63752,1
18613,1
74552,1
112057,1
8776,0
72575,1
48974,0
51739,1
90135,1
65490,1
50570,1
18589,1
25009,1
24857,0
54487,0
86276,0
12420,0
56680,0
93209,0
100056,1
18865,1
27565,1
78712,0
25031,0
14563,0
60978,1
40704,0
40923,0
79210,0
35007,1
108331,0
100227,0
9661,0
54402,1
65142,1
53348,1
105597,1
107695,0
29436,0
106790,0
71140,1
104258,0
29242,0
6901,0
64337,0
94924,0
20632,1
49050,0
88728,0
28555,0
22736,0
46238,1
22028,0
85123,0
109839,1
37295,0
22829,0
114313,1
15775,0
88353,0
4696,0
83675,0
17972,0
27788,0
33008,0
67922,0
35638,1
91696,0
36643,0
65218,1
31314,0
4927,1
20630,1
716,0
51303,1
52485,1
90236,0
107970,0
66791,1
98376,0
90955,0
29962,0
23580,0
55051,1
77690,1
80507,1
98714,1
26375,1
31995,0
108977,1
42712,0
16687,1
22418,1
104854,0
67402,1
22804,0
98380,0
95574,1
73485,1
61238,0
78254,0
61175,1
109326,0
23429,0
75944,1
26055,0
12704,1
47090,0
11207,1
43283,0
10647,1
57940,1
109607,1
51586,1
89933,0
65699,1
99737,0
15489,0
49726,1
55130,1
69282,1
118147,1
25250,0
65276,1
33817,1
86808,1
110503,0
687,1
13708,0
104940,1
5357,0
102739,0
29956,1
97794,1
67972,1
32655,0
26462,0
1658,0
101266,0
104010,0
14277,0
49420,0
84988,1
105872,0
2162,0
47921,1
11205,1
39491,1
70057,1
118135,1
45748,0
37704,1
66670,1
47597,1
102807,0
69020,0
45707,0
53262,1
85945,0
27008,1
21529,0
15344,1
84802,0
47365,0
72952,1
48035,0
46563,0
23005,1
43432,1
55915,1
94749,1
90590,0
38384,0
64237,0
92885,0
8572,0
67893,1
108231,0
11129,1
82805,1
9083,1
85689,0
90719,0
66551,1
57377,0
44512,1
23212,0
60357,1
69287,1
106239,0
9145,1
25147,1
101641,0
72851,1
97566,0
42771,0
103265,1
103742,0
55303,1
109107,0
14388,0
2331,1
103344,1
101782,0
15470,0
15469,0
52678,1
12876,1
28891,0
51503,1
79229,1
38948,1
12794,0
85716,0
5205,1
110317,0
51957,0
112335,0
3974,1
51464,1
49974,0
33916,0
22788,0
1187,0
97389,1
83888,0
83163,1
64371,0
87976,0
30727,0
73817,0
117124,0
90193,0
32032,0
76584,1
18099,0
52039,0
86269,0
22651,0
55211,0
11229,1
79865,1
116095,0
95907,1
113372,0
45500,0
97909,0
43075,0
20013,0
85675,0
38381,0
41458,0
39159,0
21487,0
111339,0
115428,0
101372,0
5947,1
895,0
92253,0
93746,0
85114,0
67407,1
20805,0
32184,0
66475,0
81878,1
72418,1
119242,0
88385,0
67903,1
9523,0
53370,1
103866,1
52252,1
85182,0
93022,1
94895,1
82929,1
96383,0
68906,0
64991,1
102649,1
12164,1
28304,1
32583,0
114507,0
66430,1
1043,0
63038,1
11464,1
84207,0
117557,0
55801,0
53519,1
68077,1
45524,0
86725,1
59823,0
49276,0
112579,1
22113,0
33879,0
118925,0
93263,0
74858,0
28617,1
93113,0
96943,1
10488,0
49059,1
85808,1
62039,1
52689,1
20991,0
27370,0
30651,1
34204,0
78242,1
14968,1
12266,1
27066,0
113231,0
27084,0
77512,0
92876,0
22389,1
25021,0
31407,0
108036,0
38752,1
100637,1
71091,0
24690,0
23357,0
18183,0
9247,1
58747,1
55366,1
10418,1
22321,1
3791,0
94724,0
30638,1
101534,0
82007,1
34899,0
84372,0
19513,1
35591,1
63126,1
59219,1
41957,0
72144,0
35949,0
116759,0
101324,0
78019,0
23496,0
78989,0
23597,0
37072,1
57819,1
13201,1
105799,0
20907,0
4203,1
71894,0
87851,1
1445,0
17616,0
70260,1
108899,0
41217,0
34673,0
110480,0
79867,1
32217,0
19413,0
104776,0
68676,1
38842,1
100243,0
31168,0
108008,0
98973,0
7421,1
22464,0
74236,1
49182,1
87500,1
79967,0
54924,0
11705,1
91627,0
70480,1
19393,0
7481,1
62034,1
25166,0
40663,0
15680,0
111200,1
77425,1
106030,1
26136,0
9040,1
53748,0
118715,0
73465,1
60011,1
58312,0
56465,0
52810,1
76673,0
37904,1
114103,0
100754,0
17189,0
15301,1
48576,1
44151,0
55246,0
98417,0
96325,0
50078,1
28564,0
27737,1
81039,1
37800,0
33976,1
65950,1
100768,0
47277,1
106932,1
82563,0
64720,1
17590,0
105020,1
100894,1
54636,0
46491,0
91263,1
15285,1
70987,1
77563,0
62709,1
48733,1
36582,0
100627,1
51340,0
78441,0
47986,0
9846,0
96305,0
58047,1
11862,1
97833,0
21200,1
74036,1
73003,1
99373,0
112772,1
114936,0
64930,1
54367,1
97412,0
47220,0
115677,1
14292,0
8609,1
25578,1
71266,0
38773,0
72087,1
45108,0
115904,1
78204,0
61717,0
33352,1
33950,0
108285,0
59778,0
6022,1
2775,1
11049,1
41821,0
59207,1
50920,0
83440,0
55585,0
117308,1
90518,0
85382,0
64276,1
14553,0
48908,1
5446,1
5697,1
8058,1
22753,0
383,0
34442,0
99130,0
102279,0
47840,0
78529,0
73510,0
102987,0
62903,1
118059,1
20205,0
35924,0
47233,1
17571,0
30586,0
33434,0
41123,0
6831,1
113741,0
67605,1
50686,0
93613,0
32288,0
49574,0
13676,0
35703,0
6778,0
89093,1
94322,0
18266,0
101249,0
117272,0
77800,0
95017,0
22914,0
100967,0
103179,0
32778,0
12273,1
85476,0
50685,0
25115,0
72815,0
14072,0
59478,1
28954,0
49846,0
65895,1
25867,0
98646,1
63900,0
46440,0
111777,0
52520,0
70376,1
71461,1
106026,0
710,1
84057,1
56999,1
40581,0
97428,0
1394,0
53168,0
88676,0
86056,0
44916,1
6936,0
81537,1
56983,0
111155,0
20546,0
71429,1
10432,0
90645,0
1073,1
101666,0
82379,1
117543,0
67080,0
77959,0
13512,1
63316,0
3886,0
52734,0
70156,1
80961,0
97689,0
31747,0
14898,1
17385,0
60124,0
58601,0
81613,0
58020,1
4281,0
21392,1
67092,0
3009,0
44251,0
114849,0
78372,0
53563,1
32824,0
99068,1
10861,1
46805,0
65036,1
7834,1
114386,1
87971,0
109521,1
114032,0
80569,0
10458,1
101452,0
70099,1
2078,0
73046,0
54951,0
102515,1
56880,1
30484,0
46636,0
60606,0
87150,0
92046,1
56843,1
103407,0
118619,0
27050,0
2289,0
25671,0
36561,0
28209,0
107283,0
77359,1
89439,1
17293,0
104348,0
9862,1
31527,0
102796,1
23937,0
77718,0
91595,0
80406,1
34326,0
115158,1
76850,0
30666,1
97333,0
21069,0
8699,0
88581,0
88138,1
96038,0
68713,1
46931,1
61169,1
13019,1
33510,1
11088,1
111406,0
39627,0
107119,0
17129,0
45132,0
88786,0
46195,1
82816,1
28106,0
38797,1
70706,0
88536,0
114832,0
108296,0
2209,0
56535,1
75859,0
45765,0
41390,0
73104,1
18558,1
93848,0
77444,0
32152,1
4581,0
80532,0
103249,0
108884,0
73967,0
114346,0
29004,1
115472,0
66943,1
69957,1
31743,0
85058,1
1030,0
75898,0
93193,1
4955,0
59897,1
78519,0
112495,0
58859,1
17723,0
71042,1
90797,0
45756,0
52192,1
54339,1
88370,0
118193,1
117441,0
11204,1
25844,0
38044,1
37374,1
78461,0
2239,0
113229,1
108803,0
61054,1
3866,0
94016,0
56506,1
105356,0
32988,0
6224,1
100308,0
399,0
18415,0
59626,1
82155,0
71693,1
43068,0
92095,1
26309,0
44199,0
28756,0
106273,1
50569,1
85075,0
34532,0
26732,0
90499,0
110465,1
52628,0
114353,0
111134,0
84652,0
30562,1
15033,1
962,0
23918,0
86176,0
97716,0
46190,1
542,0
58806,1
89719,0
83770,0
3155,0
59462,1
25430,1
47186,0
3936,0
107390,0
51970,1
39806,0
109791,0
24623,1
95642,1
58503,1
61243,1
27751,1
31935,0
70370,0
29903,0
117666,1
56337,1
82528,0
34698,0
33694,1
43139,0
82686,0
11858,1
10163,1
112696,1
85383,1
67681,0
24815,0
43674,0
68243,1
77810,0
72297,0
42173,1
20326,0
14346,0
49833,0
112384,0
53210,1
85574,0
118526,0
40092,1
22593,1
75003,0
6838,0
117842,0
33614,0
95927,0
112793,0
13215,1
91199,1
24272,0
88078,0
9407,0
52377,1
87014,0
54134,1
29873,0
97638,0
54126,1
26460,0
19593,1
70929,0
116866,0
36915,0
13222,1
76658,1
71711,1
117698,0
71224,1
67862,0
105118,0
118509,0
60520,0
101860,0
90522,0
67698,1
12275,1
97822,0
77958,0
109260,0
35675,0
119351,0
102368,0
85285,0
89562,0
103598,0
75662,1
35538,0
52200,1
39457,1
44168,0
19501,1
82186,0
17708,0
105052,0
42560,0
116194,0
61333,1
43997,0
61670,1
59509,1
45121,0
102665,0
50030,1
22745,1
73706,1
96181,0
55900,1
85687,1
111266,1
69285,0
102230,0
22099,0
58445,1
101336,0
985,0
11067,1
59597,0
66206,1
58712,1
55222,0
26325,0
18173,0
6063,1
3528,0
25098,0
70407,1
52973,1
90878,0
23451,0
19869,0
31853,1
25897,1
46748,0
98011,0
29822,0
71680,0
37598,0
29051,1
80727,0
74628,1
42679,0
101093,0
53719,1
105754,0
93648,0
25227,0
70478,1
88733,0
43576,0
115047,0
115068,1
22891,0
51862,0
65669,1
6028,0
30141,0
45600,1
21613,0
17039,0
86640,0
118213,0
77191,0
10101,0
40264,0
62455,1
66228,1
93391,1
92698,0
30330,0
89706,0
105886,0
409,0
108233,0
103445,0
71697,1
59181,1
53279,1
14590,0
108330,0
70955,1
77585,1
19500,0
67456,0
86189,0
52309,0
6881,0
80642,0
57738,1
31835,1
23510,0
80100,1
37794,0
21595,0
68849,1
82275,0
112240,1
34407,1
57675,0
84542,0
7649,1
57535,1
62140,0
33455,0
72440,1
73277,0
27723,0
4060,1
33655,0
113830,0
44106,1
89180,0
85846,1
95997,0
6350,0
34879,1
5756,0
14541,1
47685,0
106312,0
114058,0
42720,0
23893,0
86926,0
70152,1
64038,0
39269,1
4110,0
82794,1
10472,1
115364,1
96885,0
96819,0
15658,1
73112,1
74006,1
93180,0
85015,0
46439,0
113151,1
65028,1
115254,0
60724,0
28149,1
111092,0
100475,0
108840,0
8756,0
86380,0
16336,0
84454,0
77827,0
99600,0
58311,1
1994,0
117225,0
5266,1
10031,0
81074,0
1173,1
107726,0
40262,0
71100,1
36513,1
63226,0
78239,1
76981,0
34938,0
7455,0
2045,0
101342,1
98928,1
98616,0
88481,0
93595,0
108293,0
104655,1
88553,0
53456,0
36704,0
70572,1
52440,0
74401,1
32328,0
9349,0
33671,1
32004,1
55791,1
110303,0
101053,0
119292,0
48325,1
64690,0
14645,0
112876,0
16026,0
101436,0
8502,1
54692,1
74760,0
55948,1
100172,0
21246,0
27470,0
80828,0
79429,1
118350,0
23195,0
12234,1
43327,0
81536,1
7687,1
33785,1
50695,1
83870,0
79106,0
117658,0
1084,1
20439,1
66648,1
49916,0
68026,1
109751,1
55587,0
96010,1
95026,0
65501,1
73082,1
60669,1
52509,0
16811,0
108193,0
114598,1
18642,0
21308,0
82683,0
85663,0
94321,1
17870,0
33942,0
109431,1
102690,0
79294,0
5162,0
32460,0
93061,0
18132,0
5491,1
90579,0
108958,0
45284,0
96696,0
17894,0
73472,0
106723,0
103975,0
9368,1
18465,0
111939,1
66483,1
29847,0
83863,1
47317,1
72428,0
42762,0
53465,1
29562,0
11551,0
113230,0
88331,0
85849,0
70511,1
93273,0
59496,1
13630,1
54708,1
68198,1
63408,1
96466,0
14213,0
15272,1
99751,0
93944,0
105918,0
116853,1
82090,0
55374,1
12848,1
50530,1
75146,1
92606,0
30961,0
14184,0
58071,1
109951,0
22724,0
71973,0
1401,0
114348,0
84450,0
9123,0
17034,0
35960,0
110169,0
80383,1
8740,0
523,0
55848,0
54261,1
93786,0
40912,0
23612,0
83620,0
57553,1
36348,0
112120,1
28768,0
87137,0
93006,0
72976,1
118621,1
93329,0
42361,1
78427,0
39688,0
76645,1
38864,1
37703,1
77228,0
59876,1
84174,0
53941,1
109301,1
116098,0
86897,0
30582,1
56419,1
90410,0
52679,1
116937,0
104435,1
118237,0
105927,1
102500,0
69095,1
98593,0
83826,0
24177,0
20022,1
72838,1
83135,0
68977,0
107064,0
102603,0
83785,0
100977,1
116896,1
95527,0
56156,1
54577,1
80277,0
21537,1
49586,0
88845,0
68057,1
73241,1
76585,0
47522,0
52764,1
106516,1
6004,0
66647,1
46125,1
113924,0
111346,0
92756,0
105104,1
55867,1
83664,1
40395,1
24665,0
110875,0
36893,0
63253,1
83064,0
74303,0
18691,0
38480,0
6348,1
20498,0
38562,0
93602,1
102846,0
16430,0
107668,0
78763,0
17722,1
22815,0
97346,0
98181,0
94248,1
72369,1
103862,0
28523,0
91828,0
14767,1
88018,1
43180,0
13401,0
50613,0
22912,0
38887,0
65197,1
114481,0
117582,1
43570,0
1357,0
108349,0
21493,0
34347,0
566,0
6975,0
23144,1
2397,1
24949,0
91867,0
111545,1
117129,0
51885,0
9839,1
23824,0
118248,1
93530,0
41112,1
112256,0
22318,0
80560,0
74205,1
44458,1
72735,1
43270,0
86002,0
13650,1
62534,1
37754,0
63444,1
4182,1
89938,0
44718,0
107738,1
28051,0
51906,0
32100,0
5540,1
49525,1
66733,0
90636,0
106193,0
74484,1
118050,0
8891,1
7065,0
100048,0
114491,0
33345,0
68041,1
75291,1
108114,0
43465,1
66489,1
8073,1
45472,1
60906,0
84814,0
109457,0
80518,0
108702,0
102169,0
94551,0
106737,0
103414,0
30075,0
105933,0
75010,1
108833,1
102636,0
43479,0
57748,1
34486,0
80145,1
1625,0
14495,1
94463,1
5732,0
68115,1
58092,1
44693,0
103061,1
95094,1
10933,1
11142,1
49743,1
38168,0
7266,1
112935,0
108762,0
118271,0
57116,1
63536,0
78920,0
98943,0
98719,1
104303,0
104366,1
91359,0
34409,0
80005,1
23022,0
97046,1
61425,1
20780,0
64942,1
22134,1
18488,0
44735,1
115033,1
97952,0
35860,1
73497,1
32119,0
68296,1
25086,0
66488,1
64767,1
100985,1
66611,1
69108,1
114135,0
60192,1
6729,1
43163,0
15550,0
39258,0
116501,0
58397,1
50542,0
32631,1
107581,0
24497,0
103242,1
8797,0
74109,1
8903,1
33512,0
119165,1
7824,1
17387,0
50767,0
113102,1
22392,0
91990,0
48987,1
1602,0
12907,1
95707,1
61391,1
3229,0
5563,0
29372,0
101151,0
62748,1
68794,1
37693,0
117646,0
62805,1
72793,1
62220,1
5452,1
59699,1
20666,0
60627,1
20096,0
67066,0
68121,1
24807,0
8854,1
73028,0
100114,0
71879,0
62115,1
33472,0
89072,0
12933,1
10706,1
55972,1
73882,1
72702,1
94998,0
71267,1
82604,0
75764,0
30884,0
34316,1
72619,1
112838,0
69947,1
40294,1
106493,0
56448,0
78593,0
332,0
95732,0
14740,1
76358,0
83635,0
104584,0
64708,1
47719,0
54686,1
117501,1
89075,0
73581,1
20818,0
77808,0
10594,1
48720,0
109847,0
77525,0
76765,1
119176,1
108161,0
76832,0
83610,0
24977,0
83350,1
99902,0
108134,0
46671,0
26665,1
55770,1
58201,1
70319,1
26123,0
45273,1
94766,1
32126,0
105645,1
103850,0
66042,1
52997,1
65808,1
14676,0
22601,0
110685,0
93886,0
101566,1
54683,0
52896,1
47815,1
3894,0
25942,0
59423,1
19575,0
46208,0
82565,0
70348,1
107552,1
49173,1
57450,1
28403,1
60795,1
102056,0
48864,0
38516,0
8005,1
6229,0
95982,0
10578,1
51001,1
118761,0
32737,0
15051,0
114743,0
114799,0
76512,0
5855,0
59796,0
67576,1
38310,1
104355,0
85126,0
24417,0
7980,0
95667,0
104080,1
109094,0
53462,1
52294,0
41908,0
102924,1
53908,1
82000,1
44476,1
78753,0
9564,0
16919,0
80386,1
86654,1
10600,0
107204,1
113611,0
102384,0
83993,0
28044,0
50609,1
69671,1
25363,0
59655,0
38646,1
15291,0
87411,1
17041,0
46181,1
103443,0
80573,0
64993,1
91468,0
61840,1
79153,0
49089,1
56984,1
114162,0
74850,1
45823,0
104749,1
74154,1
42651,0
33316,0
20948,1
4097,1
101354,0
91848,0
113213,1
114870,1
41820,1
24113,0
22452,0
95368,0
117279,0
49125,1
12919,1
1041,0
32282,0
68308,1
74814,0
28454,0
25215,1
116948,1
105656,0
13564,1
78857,0
3403,0
5392,1
82478,0
48689,0
58970,1
95030,1
76950,1
61927,1
63145,1
106317,0
110208,0
24955,0
119051,1
23982,0
35660,0
56968,0
114765,0
98306,0
61748,1
36744,0
106534,1
43739,0
117635,1
15455,0
50849,0
89712,0
61297,0
30758,0
94544,0
77205,0
4664,1
65852,1
80717,0
63943,1
95371,0
104693,0
48559,1
38457,1
35221,0
96329,0
64356,0
55430,1
60140,1
34238,0
70294,1
54762,0
49054,1
104338,0
100269,0
67110,0
95003,0
42905,0
65336,0
66520,1
59563,0
115827,1
67223,1
34452,0
87564,1
21620,1
30702,0
102939,0
37159,0
99763,1
92728,0
106156,0
23073,0
56676,1
107131,0
67230,1
102395,0
60869,1
29641,0
107590,0
13292,1
35702,0
18025,0
7512,0
82473,0
94923,0
24862,0
41654,0
46367,1
22512,0
118693,1
25266,0
118155,1
42483,0
67612,0
75538,1
87850,0
20665,0
74494,1
6097,0
63490,1
33151,0
103149,1
36343,0
106780,1
35525,0
103260,0
60830,0
36139,1
95370,0
79120,0
54567,0
18983,0
93873,0
47172,0
72300,0
101281,0
32673,0
76662,0
53330,0
92519,1
24263,0
58120,0
85448,0
63487,1
23209,1
39537,0
15905,0
73855,0
30802,0
17904,0
29803,0
99771,0
113424,0
85938,0
114212,0
3198,0
62235,1
77076,0
39542,0
94345,1
101612,0
9728,0
30126,0
115686,0
29322,0
16408,0
80552,0
108147,0
114718,0
81664,1
91642,0
44857,0
75655,0
49248,1
99873,0
30817,0
74541,1
72740,1
112498,1
86708,0
82850,1
50452,0
54652,1
110895,0
68056,1
36727,0
91399,0
25925,0
45020,1
87996,0
63206,1
20866,0
83666,0
34581,0
118349,0
38287,1
47428,0
40145,0
52344,1
26925,1
27007,0
38720,0
62451,1
78028,0
100942,0
49796,1
112708,0
46090,1
2049,0
81838,1
50185,0
92468,0
112144,0
12540,1
119120,1
86528,1
75011,1
73385,1
5054,0
41104,0
67586,1
79383,0
47615,1
40382,0
105883,0
6045,0
105999,0
54678,1
27608,0
103616,0
69317,1
6787,1
94317,0
47781,0
34637,0
80290,1
48162,0
10157,1
41526,0
60146,1
64605,1
30051,0
72478,0
40468,0
105635,0
70143,1
107880,0
13829,0
16454,0
46691,0
13369,1
14217,1
85976,0
55362,1
30769,0
76413,0
60304,1
96174,0
36426,1
41038,0
95536,0
34385,0
45714,0
27695,1
94474,0
32200,0
99692,0
107312,0
87353,1
38925,0
17906,0
109960,1
26412,0
52654,1
74882,1
85397,0
31628,0
104895,0
39760,0
116463,0
26815,0
24258,0
47563,0
68207,1
23380,1
46624,1
34079,1
30960,0
82763,1
101816,0
51185,0
50772,0
1917,0
39687,1
18085,0
39563,1
103570,0
114258,0
252,1
43389,0
59872,1
96779,0
84075,1
63625,1
108960,1
74048,1
114144,0
102186,0
21403,0
6815,0
81458,0
41818,0
8615,1
86907,0
39375,0
33174,0
112872,1
112594,0
7499,1
83457,0
103643,0
94719,0
56278,0
39051,1
6759,0
84550,0
18596,0
94954,0
49143,0
115818,0
88961,0
69111,0
95535,0
9975,0
61329,1
96738,0
56986,0
27872,0
64143,1
110656,0
11228,1
87043,0
80417,1
58707,1
19678,0
91895,0
27223,0
75983,1
85516,0
31430,1
84588,0
9610,1
58586,0
10683,1
75371,1
65517,1
22017,0
14837,1
31948,1
764,1
95282,1
112804,1
73647,1
102057,1
57612,1
69522,1
32335,0
39157,0
52491,1
78280,0
101714,1
113132,1
78292,0
103914,0
78844,1
8422,0
47271,0
116435,0
117079,0
83174,0
15531,0
46633,0
61689,0
4221,1
88339,1
48472,0
81591,1
13286,1
62512,1
86970,1
99793,1
62226,1
39115,1
69081,1
44002,0
74453,1
72279,0
53741,0
86137,0
54653,1
98058,0
46890,1
51219,1
64385,0
8838,1
64398,1
117540,0
75286,1
30880,0
6906,1
93820,0
98800,1
90244,0
67848,0
12577,1
111395,0
59277,0
32964,0
44713,1
39958,0
74591,1
53001,1
76827,0
56265,1
110980,0
75452,1
7383,1
1242,0
8379,1
104967,1
86879,0
90313,0
111575,0
88965,0
90254,0
38201,0
100507,1
33733,0
89346,0
109912,1
19589,0
87936,0
99375,0
88258,0
56961,0
23670,1
38305,0
16568,1
28814,0
30825,1
33912,0
42559,0
105975,0
61882,0
76888,0
106952,0
58661,0
109450,0
81958,1
22537,1
78418,0
36212,0
98018,0
65654,1
13529,1
10616,0
11476,1
34018,1
70330,1
101414,0
46395,1
89934,1
11865,1
87426,1
28207,0
43475,1
35211,1
5868,0
19647,0
23983,0
113740,0
99080,0
77559,0
50947,1
97190,0
70842,1
71531,0
24347,0
21341,0
65248,1
76360,0
40495,0
6462,1
91189,0
69451,1
14897,1
62251,1
112440,0
46197,0
115860,0
88600,0
33322,0
65251,1
25191,0
521,0
112140,0
111212,0
66263,1
60112,1
61168,1
55404,1
105100,1
75015,0
110943,0
74275,0
98868,0
108531,0
17675,1
105601,1
76886,1
1359,0
81402,0
78173,0
115313,0
84338,0
47245,1
54542,1
93480,0
107474,0
115153,1
68252,1
98204,0
96424,1
70598,1
86525,0
58350,0
108642,0
102624,0
69653,1
77862,0
19419,0
50894,0
58383,1
78156,0
30305,1
17671,0
11045,1
115012,1
15142,0
61197,0
37725,0
54438,0
30667,0
89481,0
30606,0
46224,0
91939,0
32668,0
52084,1
109655,1
117330,1
10290,1
84137,0
65534,1
15292,1
50450,0
106311,0
49740,0
97269,0
73613,1
101319,0
85585,0
53806,0
105378,1
46581,0
66979,1
32504,0
36209,0
39526,0
84138,0
31163,0
57520,1
21629,0
95220,1
77873,1
45169,0
28277,0
99885,0
31139,1
96614,0
18408,1
5274,1
71730,1
8436,0
78148,0
97897,0
36308,0
47765,0
45846,0
93920,0
90058,0
109745,0
36559,1
41151,0
78466,0
21238,0
54222,1
113340,0
94582,0
3476,1
43342,1
24578,0
25759,0
118073,0
37185,1
98652,0
109699,1
67504,1
40774,0
79924,0
44957,0
8261,0
105316,1
67195,1
85027,0
10543,0
80411,1
12832,1
24823,0
17252,1
21512,0
114563,0
9827,0
12608,1
63177,1
66205,1
80712,0
98981,0
72390,0
113821,0
14973,1
97425,0
88717,0
105128,1
89573,0
85988,0
7986,0
61345,0
107871,0
18265,1
6328,1
9405,0
106937,0
94010,0
34544,0
119058,0
107173,0
847,0
37592,1
112124,0
24116,0
25749,0
105528,0
96876,0
12032,1
54657,1
19604,0
104933,0
88356,0
48776,1
408,0
115389,0
4151,0
11656,0
51034,1
83918,0
31252,0
77716,0
12582,0
42589,0
26579,0
58152,0
100447,0
48073,0
102358,1
55928,0
6832,0
115705,0
15064,0
76329,0
93229,0
9141,1
68510,1
68762,0
10259,1
21338,0
30597,1
22302,0
223,0
39434,0
25528,0
86540,0
109162,1
10741,1
23791,0
111392,0
58675,1
66560,1
36896,1
78195,0
39974,0
3142,0
9355,0
16229,0
61042,1
98268,1
71649,1
86951,0
98991,0
37514,1
102863,0
24101,0
103419,0
32527,0
77138,1
104795,1
73500,1
56362,0
76323,0
54251,0
95278,1
32314,1
56813,1
7280,1
81450,0
108836,0
94082,0
76556,0
71029,1
92648,0
34547,0
76877,1
81473,0
105173,0
48566,1
84826,0
93684,0
85031,0
96278,0
457,0
73782,0
13539,0
36909,0
48806,0
32896,0
39823,0
92717,0
47043,1
38531,0
64079,1
40421,0
49206,1
56093,1
99223,1
20358,1
80044,1
64655,0
101642,1
67564,1
85765,0
71873,1
99954,0
69372,1
82477,1
71575,1
38296,0
66742,0
21298,0
63952,1
116129,0
81316,0
24365,0
7062,0
35921,0
72659,1
5876,1
89878,0
30647,0
112228,0
16150,0
96960,0
82035,1
107890,0
9268,0
4551,0
52410,1
95309,1
24211,0
49814,1
15458,0
38620,1
75956,1
33111,0
60000,1
45669,0
33225,0
69487,1
90767,0
46045,1
45951,0
104508,1
73750,0
112812,1
24019,0
109102,0
7959,1
41235,0
57908,0
48392,1
63825,0
2597,0
9991,1
88935,1
37668,0
66884,1
13149,0
7608,1
18332,0
77820,0
98942,0
14720,1
72043,1
7215,1
39400,0
109613,1
33548,0
114460,1
97286,0
39518,1
17145,0
22175,0
16637,0
19729,0
37418,1
106031,1
19774,0
7823,1
91596,1
103484,1
70567,1
29440,1
84581,0
47625,0
79187,0
20513,1
53551,0
1836,0
52514,0
58685,1
27720,0
28591,1
83823,0
108893,1
106564,0
116899,0
18793,0
101831,0
12799,1
93892,0
110101,0
93526,0
45489,1
9563,0
114140,0
117280,1
116255,0
50155,1
113548,0
4803,1
95100,0
110771,0
109600,1
63986,1
91782,1
61809,0
43990,0
47612,0
22523,1
34035,1
39562,0
73427,1
62445,1
83276,0
18885,1
30928,0
79633,0
18096,0
61207,0
25237,1
108827,0
77298,0
20113,0
112692,1
112844,0
70299,1
26540,0
83141,1
63789,0
47185,1
101239,0
51937,0
8482,0
72089,1
92515,0
20310,0
18405,0
100374,1
109189,0
64902,1
52247,1
61106,0
64516,1
22917,0
16961,0
37845,1
19566,0
111283,0
99878,0
107819,0
86288,0
16819,0
24745,0
106973,0
112807,1
15888,0
14197,0
40652,0
73648,1
24356,0
29180,0
39653,1
18507,0
104240,1
15756,0
41005,0
91349,0
10716,0
95584,0
106896,0
75153,1
1830,0
6378,0
83690,0
46570,1
61709,0
61815,0
68269,1
57436,1
40324,0
41044,0
41275,0
10284,0
23541,0
53922,1
48520,0
100427,1
29885,0
55814,1
28723,0
91558,1
63409,1
54631,1
96316,0
36957,0
115469,0
67021,1
24080,0
86932,0
57258,1
104455,1
45454,0
35886,0
102598,0
46993,0
100292,0
58887,1
64107,1
10978,0
84154,0
30136,0
61350,0
42028,0
75938,1
21550,0
77941,0
112455,0
60176,1
68893,1
87021,0
71576,1
23196,1
55712,1
69250,0
54449,0
81654,0
4865,1
99313,1
28008,0
54713,1
9149,0
7810,1
64825,1
62936,1
23105,0
80766,1
8178,0
110519,0
37132,0
38010,0
53858,1
105610,1
57775,1
102921,0
63405,1
9064,0
13612,1
58571,0
98721,0
96969,0
20942,0
111529,0
38240,0
108867,0
76794,0
47731,0
55939,1
107657,0
74274,0
118683,0
104701,0
18167,1
112388,0
88181,0
53106,1
83885,0
23480,0
5700,0
112697,1
49512,1
89257,0
62440,1
78971,0
106359,0
62357,0
35391,0
11484,1
63568,0
112374,0
25896,1
90794,0
2890,0
57682,1
112176,1
76234,1
57368,0
68220,1
54603,0
41587,1
68138,1
3264,0
30983,0
1435,0
111691,0
68258,1
43646,0
85103,0
44579,0
19911,1
63054,0
16743,0
111217,0
112170,0
104212,0
78526,0
35019,0
40928,0
73924,0
2870,0
75023,0
36101,0
66933,1
92001,1
102087,1
91622,0
99703,0
100745,0
88992,0
110633,1
44456,1
74940,0
8783,0
18979,0
5305,1
42424,0
82325,0
75626,0
893,1
58771,1
97878,0
9664,0
80239,0
107052,0
119166,0
29909,0
16185,0
11240,1
63173,1
78626,0
36080,0
79871,1
103965,0
16815,0
97541,0
59855,1
73052,0
82761,1
77283,0
65729,0
110007,0
76691,0
116618,0
45914,0
22929,0
109312,0
57939,0
98565,0
8417,1
96598,0
21175,1
53567,0
35631,0
61861,1
77904,0
91287,0
55062,1
38418,0
88168,0
48904,1
40881,1
59984,1
100252,0
85507,0
18994,1
93936,0
113730,0
115129,0
95676,0
34751,0
79246,1
1158,1
71431,0
46871,0
64568,1
42748,0
102277,0
13414,1
31468,0
90485,0
118558,0
65635,1
54975,0
22937,1
13040,1
52347,1
29261,0
101916,0
110361,0
65991,0
64141,1
7932,1
92918,0
64230,1
113559,1
26682,0
51829,0
82319,0
56695,1
48856,0
102668,1
72012,1
73606,1
111924,0
47749,1
32285,1
31076,1
60049,0
25117,0
90018,0
1185,0
105232,0
23343,1
96066,1
35952,0
83458,0
108110,0
17105,1
99356,1
62831,1
7004,0
26071,0
86448,0
86737,1
39064,1
11768,1
93018,0
85370,0
48961,1
1133,1
74346,0
65494,1
29163,1
7617,1
60234,1
67885,1
23677,0
12047,1
98900,1
58054,1
68231,1
79505,0
103418,0
107539,1
96551,0
70404,1
1526,0
93279,1
27555,1
118386,0
106502,0
61014,1
21938,1
69258,1
48635,0
5134,0
29485,0
51301,0
81053,1
50440,0
100594,0
115099,0
93015,0
22083,0
77841,0
69243,1
63160,1
74188,1
42111,0
63532,0
32997,1
74525,1
62949,1
53513,1
23466,0
42989,0
31757,1
55416,0
99309,0
22873,0
76430,1
80644,0
96034,1
86267,0
24284,0
108355,0
55248,0
88574,0
32693,0
105791,0
101812,1
98619,0
90565,0
64589,1
21879,0
27323,0
8484,0
94354,0
11694,0
53476,0
8078,1
40260,0
90529,0
63769,0
118548,1
69086,0
115885,0
107831,1
60446,1
63747,1
34289,0
113633,0
76062,1
81581,1
4084,1
64393,0
74163,1
117105,1
89555,0
108039,0
52860,0
28698,0
108012,1
88414,0
72786,1
6311,1
43020,0
36908,1
78150,1
79755,0
108941,0
14933,0
48360,0
76382,0
65698,1
31864,1
57295,0
51759,0
6913,1
85305,0
36134,0
103458,0
16889,0
92957,0
108505,0
8504,1
94630,0
60320,1
24430,1
34038,0
108478,0
102584,0
35148,0
41045,1
115070,0
62834,1
19617,0
68179,0
107889,0
112762,1
92955,1
3954,0
78416,0
10930,1
82024,1
64922,1
85413,0
117899,0
23642,0
32024,0
88310,0
45167,0
32135,1
60332,1
54837,0
80709,0
85752,0
94263,1
11215,1
70881,1
22730,1
56508,1
93096,0
90375,0
89425,0
74571,1
103582,0
33027,0
25732,0
30052,0
66086,0
33904,0
71781,1
95888,1
12695,0
107483,0
85499,0
3688,0
15406,0
2141,0
39638,1
11074,1
25028,0
95788,0
24711,1
17836,0
1803,0
77310,0
66724,1
114393,1
14350,0
248,0
9782,0
107088,0
79342,0
111173,0
16832,0
23007,0
26103,0
71979,0
88266,0
94266,1
44692,0
29298,1
24924,0
67790,0
22111,0
96731,0
59593,0
33308,0
57369,0
110339,0
39196,0
43747,0
98724,0
312,0
59990,1
37700,0
32448,0
65562,1
19073,0
105171,1
80265,0
83820,0
1021,0
64750,1
9062,1
100334,0
42802,1
35503,0
30480,0
47440,0
94501,0
107347,0
30395,0
18422,0
16639,0
76249,1
39055,1
42394,0
15799,0
38298,1
17614,0
599,0
31786,1
62385,1
85840,0
83976,0
58454,1
79698,0
114161,1
30761,0
83904,0
105375,0
69946,1
65387,0
108966,1
114572,1
89263,0
67816,0
93205,1
35431,0
3681,0
118851,0
95993,1
31272,0
51312,0
103004,1
42678,0
73027,1
1129,0
10161,1
31867,0
59558,0
94675,1
100305,1
79566,0
91693,0
47703,1
117486,0
39631,1
25858,0
82494,0
67440,1
9014,0
45842,0
71345,1
101398,0
88611,0
118757,0
110166,0
105218,0
76766,1
49410,0
2809,0
35764,1
111867,0
63738,0
118549,1
54374,1
33955,1
59330,1
12104,1
25915,1
29260,0
80597,1
45043,0
60522,1
106833,0
89508,0
116862,1
99755,0
64717,1
90001,1
73356,1
88364,1
68869,1
42984,1
46903,0
47161,0
81229,0
35362,0
28244,1
22293,0
99630,0
41586,0
101901,0
4160,0
30701,0
109275,0
13096,1
86108,0
18748,1
80523,0
34294,0
7015,0
8993,1
49100,1
100222,0
33994,0
12898,1
44574,0
2366,0
45480,1
85874,0
1403,0
106718,0
95259,0
71414,1
47303,0
117870,0
64908,1
100846,0
102678,0
6166,1
108707,0
91965,0
91935,0
85686,0
6802,1
262,0
7099,1
23536,0
104230,0
45585,1
33114,0
55119,0
52159,1
19463,0
50298,1
40824,0
24714,0
67463,1
40007,1
96271,0
54348,1
103996,0
34783,0
29851,0
29980,1
105774,0
112516,0
26651,1
92106,0
108153,0
527,0
119256,0
14756,1
103195,0
60698,0
74862,1
19766,1
94602,0
10565,1
19414,0
73240,1
10182,0
111805,0
41480,0
57066,0
31804,0
79803,0
92953,0
25466,0
82475,0
104667,1
80028,0
17520,1
96486,0
19479,0
17107,0
108190,0
28339,0
6147,0
40746,0
30649,0
49555,0
118652,0
100283,1
20086,0
117379,0
22616,0
48506,0
29030,1
111268,0
85801,0
5958,1
33870,1
22312,0
28828,1
60670,0
75537,1
45886,0
102258,0
24279,0
114249,0
80684,0
75937,1
64095,1
119213,1
17218,0
87117,0
68214,1
113099,0
44547,0
23275,0
90601,0
42631,0
60104,0
79644,0
112675,0
25750,0
42421,0
96878,0
85252,0
76975,1
70867,1
2757,0
38371,0
31920,1
107923,1
119352,0
15825,0
109940,0
104745,0
103641,0
10958,1
18051,0
61194,1
91931,1
27965,0
83022,0
49313,1
93548,0
37117,0
1426,0
98112,0
14539,0
98783,0
4304,1
59293,1
117371,0
95660,0
60957,0
48235,1
67558,1
116704,0
8971,0
24325,0
9261,1
82401,1
82729,0
88505,0
14084,0
3116,0
47150,1
66346,1
76637,0
58318,1
101370,0
38351,0
43877,0
48054,1
100923,0
114809,0
59580,0
66476,0
17478,0
668,0
4180,0
48836,1
66983,1
101142,0
74466,1
110864,0
102007,0
611,0
56052,1
48139,0
55224,1
9418,1
29117,0
95006,1
6191,1
43351,0
32976,0
113486,0
23872,0
22247,0
114411,0
83829,0
80136,0
79295,0
77324,0
25006,0
114400,1
480,0
25372,0
31635,1
38137,1
102737,0
43485,0
70371,1
91883,0
43585,0
104772,0
43945,1
41651,0
15253,0
55836,1
93148,1
78799,0
31260,0
96220,0
27517,1
28324,0
51708,0
63298,1
56441,0
49536,1
60006,1
25757,0
26163,1
51363,1
72638,1
37324,0
27627,0
92809,0
113468,0
18015,0
7007,0
68218,1
10860,1
36800,0
34546,0
98659,1
103884,0
68909,0
53634,0
28507,0
94877,0
72792,1
93090,0
64359,0
62466,1
13218,1
52890,1
79181,0
78199,0
64282,0
101761,0
17151,0
115449,0
102968,0
59122,1
80594,0
107580,1
53830,0
73650,1
2014,0
10866,1
15803,0
95733,1
46203,0
2262,0
33819,0
99847,1
54910,0
6519,1
95790,0
56948,1
97976,0
59095,1
114768,0
84543,0
97065,1
13204,0
111995,1
84362,0
311,0
36217,0
66105,1
32883,0
98353,0
52586,0
100947,0
27785,0
11507,0
72891,1
31915,1
30163,0
100559,0
67731,1
117531,0
22030,0
100256,0
71599,1
82575,0
82434,0
65427,1
65261,0
4041,1
22385,0
582,0
42244,1
21552,0
91988,0
40213,0
44802,1
43648,0
66937,1
113012,0
71912,1
9713,0
90822,0
106354,0
95651,0
69470,0
13767,1
66985,1
102285,0
40875,0
79314,1
117112,1
39155,0
17779,0
17364,0
51374,1
16349,0
45890,0
94323,0
27018,0
111532,0
40100,0
38650,0
8523,1
18797,0
102236,0
13452,0
82411,0
89884,0
63759,1
70004,1
46282,0
93519,0
4694,0
61118,0
11765,1
5537,0
53680,0
112480,1
108811,0
100624,0
45789,1
118551,0
72041,1
46957,0
44728,0
21654,0
82959,0
52574,1
55731,0
491,0
38538,1
15073,0
54502,1
81839,1
42326,1
68512,1
28189,0
97085,0
84153,0
103165,1
1511,1
109620,1
113599,0
43817,0
101205,0
73358,1
73389,1
46521,0
55433,1
68442,0
108711,1
43803,0
43800,0
78818,0
56095,1
22492,1
51421,1
91604,0
80431,1
85702,0
60967,0
115953,0
721,0
104046,1
20748,0
112503,0
34848,1
101308,0
27379,1
108437,0
11522,1
71473,0
118186,1
19853,1
93038,0
56952,0
59534,1
112605,0
53475,0
99817,0
68007,1
106902,1
97040,0
109037,0
7238,1
56364,1
52671,1
92667,0
18853,0
10708,1
54981,0
95377,0
89012,0
6403,0
68523,1
85525,1
38985,1
24444,1
60622,0
22294,0
26031,1
71877,0
56402,1
112554,0
57767,1
27776,0
37776,0
51208,1
73784,0
107629,0
106330,1
98867,0
90694,1
27951,1
53345,0
6299,0
24069,0
17610,0
485,0
65749,1
115235,0
1049,1
84952,0
40900,0
75606,1
114456,1
111086,1
51595,1
10441,0
64824,0
14331,1
88052,0
106088,0
117638,1
10060,1
15413,0
73388,1
61704,1
65349,0
54201,0
20460,0
103432,1
108869,0
2921,1
86645,0
60245,1
113487,0
44709,0
66819,1
35610,1
83045,0
114584,1
86366,0
25217,0
14774,0
99833,0
30017,1
46920,1
40319,0
7085,0
106532,0
112051,0
8904,0
118105,0
89604,0
72721,1
11976,1
85620,0
12714,1
90613,0
48878,1
44071,1
13380,1
41551,0
82234,1
39837,0
103238,0
36020,0
47580,0
42006,0
14667,0
21954,0
20719,0
95268,0
66279,1
39124,1
54105,1
96947,0
95911,1
32496,0
22229,0
106759,0
69328,1
66340,1
88038,0
28738,0
60628,1
91684,0
32108,0
110097,0
108491,1
70774,1
65671,0
118803,0
110843,0
87270,0
14483,1
106733,0
39108,1
40474,1
66361,1
18245,1
108321,0
111900,1
12763,0
115776,0
74044,1
75846,0
37118,0
116106,0
109535,0
23631,0
38553,0
101287,0
88288,0
75664,0
101076,0
84852,0
3622,1
50866,0
116717,0
4384,0
64040,1
13726,1
5668,1
29092,0
106236,0
48655,1
63858,0
28148,0
23448,0
103181,0
45215,1
68877,1
35208,1
41727,0
22503,0
8871,0
1170,0
37982,0
32,0
18781,0
44104,1
79626,0
32508,0
99857,0
26906,1
94804,0
83734,0
32572,1
102975,0
101235,0
103377,0
29702,0
117472,1
29448,1
2702,1
35679,0
117893,1
75682,0
100978,0
5476,1
78880,0
38809,0
99818,0
78402,0
41383,0
75414,1
67963,1
99308,0
108098,0
92706,0
111946,0
92309,1
78053,0
29048,0
33951,1
490,0
96584,0
105899,1
48252,1
27261,0
6302,1
119387,1
110137,1
118831,0
95514,0
106007,0
19361,0
3757,1
60423,1
4616,1
67362,0
2712,0
34174,0
46677,0
34243,0
115146,0
38529,1
110414,1
77584,0
29333,0
93990,0
83595,1
83913,0
61236,0
72381,0
117910,1
115981,0
15601,1
7777,1
6346,1
116766,0
64084,0
47485,1
32654,1
37667,1
22632,0
44495,1
54899,0
118414,0
65475,1
36703,0
56105,1
78345,0
56200,1
2902,1
1140,0
26111,1
97384,0
86774,0
48811,1
75800,0
111992,1
70546,0
101117,0
106782,0
21174,0
30285,0
26914,0
97723,0
87253,0
84162,0
18711,0
33748,0
97034,0
11837,0
2826,0
38754,1
117210,0
53518,1
12352,0
39950,0
14760,1
61532,0
111651,0
102290,0
34144,1
93287,0
68733,1
87698,1
64501,1
713,0
116609,1
102054,0
78842,0
96021,0
16247,0
11843,1
51386,1
107751,0
78166,0
15715,1
30088,0
38724,0
57217,0
46726,1
88944,0
71583,1
9872,1
75642,0
75564,0
86987,1
92411,0
69176,1
81219,0
86445,0
54634,1
102097,1
18686,0
80200,0
27816,0
33239,0
74103,1
113619,0
14881,0
91926,0
26598,0
108358,0
48802,0
111815,1
57144,1
8798,0
4477,1
17397,0
16647,0
11985,1
14644,0
104280,1
45818,0
33718,1
53027,1
34092,0
31974,0
84445,1
84549,1
12334,0
118859,0
35310,1
114120,1
78670,1
46990,1
47495,1
82313,0
95906,0
77190,0
40566,0
94782,0
20472,1
5371,1
69053,0
45062,1
14484,0
94001,1
42964,0
64468,0
42294,1
74981,1
28590,0
103367,1
51092,0
8299,1
107127,0
7644,1
31717,0
91920,0
91800,0
98607,0
45493,1
19251,1
7857,1
9002,1
111518,1
80601,0
111710,1
112920,0
29772,0
32476,0
86874,0
89833,0
53396,1
99118,0
76522,1
20889,0
67705,1
96611,0
62488,1
9116,1
105181,1
38584,1
61910,1
40012,1
35112,1
92081,0
115224,0
16782,1
97549,0
86618,0
101391,0
90707,0
33495,0
93890,1
1559,0
76353,0
29625,0
34874,0
118691,0
75910,0
87261,0
113954,0
110488,0
62182,1
34366,0
52199,1
34556,1
116164,1
72393,1
46112,0
75245,1
61101,1
29202,0
119202,1
75424,1
111951,0
2619,0
54985,0
65957,1
40034,0
119043,0
117300,0
93940,0
80045,1
111981,0
45825,0
85870,0
67518,1
13898,0
84529,0
88647,0
86551,0
70933,1
50506,1
105677,0
117998,0
99474,1
100366,0
50493,1
112446,0
116560,0
50239,0
15309,0
72961,1
107784,0
88636,1
13781,1
39567,0
26281,0
39275,0
73938,0
61395,0
96457,0
27095,1
81296,0
38555,1
98592,0
111760,0
114802,0
86803,1
18472,0
47686,0
98744,0
54020,1
1510,0
70409,1
17785,0
21783,0
76188,1
119194,1
1512,0
105804,1
82810,1
7276,0
119221,0
68522,1
87000,0
102547,0
98002,0
70442,1
32207,0
70406,0
13338,0
44496,0
3812,1
97762,1
28387,0
86941,0
65961,1
20327,0
3177,0
14047,0
94555,0
101262,0
39128,0
113729,1
14265,1
7158,1
13477,1
113809,1
48676,0
101897,0
41100,0
37691,0
105542,0
11774,1
13348,1
112146,1
111074,0
67114,1
112233,1
101927,0
73253,0
70669,0
23713,0
73030,1
22334,0
31049,0
103254,0
34733,0
83299,1
46517,0
87741,1
36078,0
78358,0
36687,0
12176,0
57326,1
35748,0
76001,1
13073,1
34029,0
13410,0
117504,1
116903,0
75087,1
82225,0
96035,0
23146,0
68976,0
3187,0
84973,0
78821,0
80119,1
33272,0
48946,1
91152,0
324,0
62546,1
50416,1
40341,0
50687,1
113864,1
102783,0
85695,1
27833,0
33665,1
12973,0
91313,0
69619,1
18716,0
53327,1
61185,1
16531,0
112441,1
12233,0
115237,0
80633,0
5987,1
108107,0
35893,0
47954,0
91072,0
74131,1
118305,0
117947,0
22939,0
39859,0
11677,1
2863,0
118834,0
46397,0
21504,0
51986,1
1972,0
76218,1
26293,0
64438,0
7513,0
78234,1
109194,0
105903,0
79739,1
82696,0
45160,0
82878,1
99191,1
26614,1
107883,0
79504,0
10668,1
37631,0
46795,0
284,1
60487,1
89541,0
106227,0
17750,0
68642,1
33243,0
57108,1
118255,0
5185,0
10224,0
117766,0
106238,0
114822,1
51540,0
29226,0
112274,1
43629,1
61974,0
81376,0
11,1
55409,0
50271,1
115257,1
64623,1
9058,1
79705,0
76193,1
58421,1
4820,0
78459,0
100085,0
48384,1
78477,0
6158,0
69123,1
45179,0
91315,0
48809,1
13255,1
3639,0
27728,0
81380,0
61119,1
5411,1
66006,0
8599,1
14503,0
104913,0
69659,1
42719,1
29067,1
29394,0
81272,0
92843,1
63958,0
71472,0
9039,1
102806,1
59809,1
27320,1
92585,0
68828,1
55145,1
48423,1
56066,0
27740,1
77549,1
58140,1
7113,1
89058,0
66573,1
96968,0
11734,0
95684,0
91893,0
62320,1
48893,0
103071,0
61466,1
53320,0
54335,0
4858,1
98978,0
60327,1
84407,0
78355,0
98850,1
41059,0
110411,1
82428,0
17854,0
87924,0
41027,1
21820,0
14012,0
17366,0
27920,0
59953,1
86358,1
88645,0
79557,0
47690,1
25245,0
71579,1
33399,0
102483,0
105412,0
92168,0
102875,1
34940,0
80617,0
111990,1
18789,0
99699,0
93173,1
17006,0
55525,0
99879,0
74428,1
46863,0
54465,1
88776,0
105817,0
77368,1
41164,1
92968,0
17873,0
84623,1
31843,0
76869,1
64200,1
46150,0
59356,1
63396,1
29424,1
83796,0
48066,0
32381,0
65298,1
13099,0
64390,0
48455,0
51761,0
25122,0
48090,0
735,1
110447,0
22437,0
79881,0
95936,0
89076,0
72738,1
39574,1
76159,1
44893,1
81929,1
85472,1
15305,0
23960,0
101535,0
75442,1
91043,1
4307,1
57901,0
35159,1
113801,0
86694,0
70175,1
107003,0
97753,0
103244,1
289,0
90337,0
92454,0
65707,1
65588,1
67182,1
18685,0
117291,0
74417,1
84959,0
104241,1
6534,1
3046,1
74268,0
64566,1
117405,0
95315,0
60305,1
41348,0
84189,0
97656,0
96398,0
24851,0
79242,1
46452,1
46191,0
85785,0
6248,1
74444,1
103453,1
54884,0
13901,0
21356,0
35979,0
74988,1
29906,1
29671,0
42346,1
39624,1
66790,1
62719,1
55944,1
114754,0
35036,0
67135,1
86862,1
2260,0
28417,0
7097,0
89187,0
36584,0
49478,0
95616,0
18816,0
80504,1
6209,0
31785,0
19129,0
83552,1
108007,1
21863,0
19496,1
113128,0
106656,0
78969,0
24923,0
47570,1
45219,1
89404,0
49147,1
85115,0
73560,1
92884,0
110992,0
82249,1
73644,1
37482,1
96930,0
79985,0
55341,1
15646,0
102370,1
22357,0
35626,0
37177,1
101326,1
61671,1
83906,0
63953,0
33640,0
73862,0
83837,0
101264,0
199,0
16010,0
118469,1
82441,0
37223,1
20669,0
67891,1
16648,0
110690,1
110276,0
80446,1
35831,0
63340,1
38058,0
83195,1
103685,0
114030,1
82128,1
80804,0
74219,0
11518,1
53315,0
22397,0
101688,1
82051,0
21698,0
20946,0
10783,1
46399,1
62663,1
63890,0
82235,1
46245,0
33579,0
13805,1
48029,1
44076,1
106152,0
27220,0
64829,1
64061,0
16634,0
80847,0
52197,1
118933,0
6115,1
1456,0
101330,1
71358,1
115508,1
24915,0
23799,1
14967,0
109823,1
111811,0
105485,1
104476,0
36951,1
77413,0
7852,1
100522,0
48362,0
47000,0
74011,1
115651,0
60941,1
71395,1
36007,0
101960,0
29974,0
3687,0
69845,1
113834,1
117250,1
57963,1
98584,0
102785,1
68752,1
29744,1
103015,0
25365,0
50829,1
91078,0
35535,0
33226,0
20405,0
3483,1
96591,0
93921,0
6098,0
89172,0
93016,0
8339,1
26814,1
83817,0
52677,1
71088,1
112760,1
70206,1
71295,1
39682,0
46077,0
130,0
74125,1
68516,1
67980,0
70264,1
88384,0
56151,1
114775,0
56779,0
6138,0
98827,0
40465,0
9273,0
110585,1
49033,1
34314,0
43322,0
2318,1
29100,0
25684,0
13055,0
62242,1
75684,0
62327,1
104496,0
36719,0
47435,0
75748,0
63710,1
33326,0
80441,1
68265,1
42867,0
115991,1
70673,1
97112,1
33263,1
17388,0
113634,0
14538,0
29941,0
100109,0
43449,1
52650,1
115987,0
89619,0
67115,0
3055,0
59415,1
107765,0
74455,1
94308,0
99154,0
8640,1
94797,0
29751,1
19298,1
93931,0
8003,1
39485,1
99232,0
57680,1
110426,1
62745,1
70743,1
102226,1
71517,1
22652,0
70316,1
22379,1
5859,0
43564,0
78777,0
22780,0
20875,0
71324,0
87708,0
41209,0
49466,1
24448,0
106149,1
115771,0
97633,0
2194,0
85726,0
26311,1
70687,0
66704,1
88194,0
97084,0
82578,0
114678,1
17353,0
100802,0
18516,0
31311,0
93009,0
10214,0
34727,1
88943,0
118764,0
114328,0
30517,0
32070,1
48490,0
3165,0
66749,0
48385,1
55358,1
44283,0
38608,1
71563,1
8804,1
25945,0
8525,0
103271,1
104564,0
75985,1
45770,0
90028,0
75212,1
41453,0
85549,0
108575,0
38000,1
13427,1
14630,0
13101,1
62946,1
110981,0
87980,0
93647,0
64044,1
82278,0
59931,1
38866,1
101829,0
111311,0
10899,1
100800,0
42209,0
51200,1
5817,0
53416,1
1752,0
37232,1
12261,1
79123,0
12732,1
85956,0
59719,1
2401,0
11688,1
7909,0
9337,1
24603,0
83001,0
27014,0
94603,0
37481,0
26453,1
76722,1
65426,1
37487,1
23820,0
87350,1
88233,0
23416,1
2333,0
74486,1
26144,0
33382,0
18063,0
104246,1
84252,1
48507,0
108123,0
65063,1
118931,0
30937,0
87143,0
95739,0
33700,0
53369,0
103899,0
76003,1
22955,0
115706,1
16950,0
118884,0
7460,1
26627,1
59067,0
38747,1
88817,0
30831,0
109702,0
39857,0
44572,0
93975,0
9322,0
85374,0
42438,0
72431,1
16291,0
93567,0
49893,0
10902,1
54810,0
50580,1
26608,1
59644,1
117852,0
67108,1
69290,1
119257,0
93097,0
112856,0
54363,1
94783,1
15634,0
32307,0
19561,1
22993,0
78470,0
61924,1
17426,0
50816,0
61745,0
38328,0
96623,0
73556,0
31132,0
39416,0
13900,0
91415,0
1149,1
108156,1
60880,1
59282,1
71087,0
21184,1
19188,1
76099,1
78914,1
36706,0
17442,0
60408,1
43042,1
32196,0
40063,0
97916,0
24489,0
95571,0
110578,0
81482,0
90895,0
47075,0
55963,1
73124,1
116203,0
78865,0
104249,0
8537,1
118458,0
25920,0
23269,0
6863,1
42821,0
7521,1
19067,0
101918,0
86085,1
18578,0
106482,0
116837,0
60343,1
80066,1
73401,1
50013,1
6177,0
33069,0
72169,1
99775,0
32257,1
81985,1
23571,0
37992,1
39118,0
115397,0
17877,0
115875,0
7138,1
115921,0
118477,0
79327,1
78756,0
1003,0
19267,0
31248,1
47322,1
6017,1
3612,0
75300,1
79438,1
37988,1
100491,0
57890,1
78953,0
3266,0
34157,0
105134,0
33536,0
101549,0
70927,0
70671,1
76366,0
106006,0
43395,1
119180,1
32477,0
24657,0
88704,0
106178,1
91780,0
14235,1
6546,0
7844,1
15770,0
118871,0
29018,1
700,1
83409,0
67880,1
89775,0
13559,1
74596,1
113107,1
14284,0
86308,0
25141,0
116556,0
68358,1
15251,0
72097,1
41457,0
74713,0
94105,0
98473,0
32256,0
101335,1
55173,0
60066,1
55908,0
13304,1
3985,1
38319,0
92940,1
33517,0
72542,1
88366,0
36256,0
56109,1
94486,0
49227,0
56167,0
7168,1
111394,1
96945,0
89209,1
41344,0
24798,0
63851,1
88021,0
89576,0
46539,1
50165,0
23804,0
81953,1
92766,0
83506,0
106275,0
38352,0
47513,0
6667,1
4914,1
84432,0
106757,0
19487,0
4268,1
3291,1
94249,1
56545,0
115630,0
43783,0
12294,1
91661,1
115743,1
12972,1
27461,1
75240,1
95081,0
107142,0
118044,0
14477,1
70593,1
48861,0
67887,1
9326,1
27406,1
26147,0
10832,1
110307,0
62555,1
37924,1
114634,0
32459,0
92233,0
32432,0
74672,1
76984,0
20094,0
62930,1
86203,0
16784,0
95654,0
105437,0
11276,1
98773,1
22615,0
65578,1
104175,1
63199,0
119015,1
30062,1
70748,1
113822,1
66013,1
2054,0
25200,0
28484,0
44164,0
86848,0
40619,0
84289,0
67516,1
84896,0
92972,0
68373,1
34868,0
46758,0
41892,0
46460,1
14865,0
9604,0
59673,0
81404,0
38665,1
44973,0
102891,0
74750,1
32895,0
77098,0
74493,1
11330,1
3256,0
46787,1
86213,0
44313,1
77835,0
60667,1
44295,0
37134,0
71506,0
19491,0
60930,1
71850,1
26046,1
79487,0
114632,1
36113,0
54842,1
96110,0
45642,0
93217,1
33441,1
28160,0
70916,1
108669,1
29653,1
113403,0
9537,0
96231,1
90074,0
118812,0
27655,1
95665,0
67375,0
3439,0
28667,0
87502,0
40905,0
104096,0
90414,0
50383,0
27029,0
78853,1
108808,0
105974,0
39531,0
75389,1
113550,1
88423,0
114724,0
39444,0
106425,0
97735,0
12673,1
95994,0
102856,0
13008,0
62893,1
68205,1
6722,0
45494,0
8275,0
63019,1
83973,0
44465,1
76717,0
36558,0
16757,0
97347,0
113629,0
51209,1
21969,0
101518,1
39007,1
106082,0
15828,0
48248,1
85311,0
33032,1
6349,1
79491,1
55270,0
36360,1
54945,0
60071,0
107183,0
56997,1
112352,0
17856,0
86362,0
68283,1
52459,1
66098,1
69433,0
36743,0
54038,1
29643,0
42524,1
76927,1
90425,1
34545,0
100702,0
18363,0
106982,0
70611,1
113778,0
23485,0
109677,0
100699,0
29743,0
74613,1
50362,0
17840,0
20854,0
27643,0
48010,0
69018,1
60938,0
54154,1
4763,1
63766,1
96539,0
13719,1
25127,0
26696,0
7322,1
82990,0
85325,0
38217,0
115502,1
86882,0
107666,0
55428,1
94776,0
93103,0
96108,1
75866,0
43946,1
82650,0
17528,0
42237,0
83558,0
13122,1
55427,1
53472,0
106207,0
37447,1
115046,0
40662,0
1481,1
95576,0
97156,0
118254,0
79710,0
107541,1
8454,1
106162,0
83515,0
90652,0
91958,0
72540,0
12355,1
61995,0
21497,0
116727,0
1629,0
93801,0
22040,0
27315,0
35990,1
95415,0
108032,0
119304,1
74704,0
20435,1
57756,1
91602,0
112729,0
29205,1
83807,0
107126,0
36412,1
38041,1
15871,0
45424,0
118033,1
31288,1
74413,1
37780,0
4534,0
28850,1
52668,1
42575,0
16008,0
118776,1
98194,0
97076,1
26817,0
58468,0
70133,0
68266,1
66837,1
29102,0
40600,0
63818,0
43698,0
67336,1
63306,1
98344,0
50787,1
39500,0
84053,1
25755,0
51831,0
77176,0
17241,0
83407,1
2133,0
73633,1
118128,1
77945,0
55046,1
2480,0
108395,0
94152,0
33585,0
102620,0
38850,0
31605,1
31409,1
34351,0
39355,1
20357,0
59916,1
84077,0
46192,0
79457,1
108668,0
91644,0
69772,1
72913,0
103454,0
49794,0
96959,0
18676,0
38491,0
99672,0
39277,0
58648,0
91042,0
98420,0
8857,1
44813,1
3624,0
117768,1
66501,1
67758,0
116209,1
109554,0
36473,0
90945,0
81961,1
112392,0
105349,0
10568,0
80770,1
8735,0
91004,0
54152,1
99095,1
39368,0
40832,1
24808,0
113331,0
26874,1
81151,0
100270,1
29778,0
20634,0
7938,0
47994,0
11430,0
12747,1
85019,0
65317,1
35142,0
105182,0
62650,1
73907,0
60368,1
94661,0
7021,1
21441,1
10718,0
54151,0
66863,1
3373,0
113613,0
32509,0
23330,0
63334,1
9167,0
66938,1
117663,0
39706,1
40667,0
17264,1
75481,1
90843,0
71046,1
15591,1
5224,0
80276,1
46333,1
93268,1
85937,0
55558,0
55767,0
50415,0
56748,0
55172,0
72947,1
53275,1
44717,0
78868,0
64819,1
769,1
2613,0
74411,1
7391,1
7562,0
976,0
47138,1
47678,0
33570,0
39018,0
59956,1
7470,0
116897,1
59318,1
20839,0
33480,0
91631,0
107659,0
76960,1
81682,1
72648,0
96896,0
92455,0
71536,1
51730,1
68897,1
19043,0
41509,0
111385,0
18614,1
102708,0
39585,0
79747,0
1316,0
86634,1
73062,1
17721,0
112148,1
118819,0
10620,1
24483,0
77544,1
59566,1
53925,1
93045,1
67604,1
78677,1
787,1
49531,1
20586,1
867,1
18767,0
116736,0
91149,0
56520,1
101392,0
112754,1
116487,0
35303,1
15282,1
74193,1
72588,0
24828,0
117671,1
96226,1
97322,0
36499,0
26811,0
60250,1
106132,0
10136,0
95366,1
111579,0
55345,1
405,0
51206,0
80327,1
53721,1
100455,0
105110,1
16623,0
91284,1
11159,0
106370,0
92241,0
73368,1
25601,0
7669,1
111064,0
94847,0
35589,1
117958,0
29728,1
96451,0
87109,0
101906,0
94920,0
87712,0
117355,0
109719,0
12567,1
18369,0
97410,0
33526,1
36940,0
73479,1
38332,0
98781,1
1029,0
90572,0
68666,1
62333,1
32267,0
33544,0
110687,1
63425,1
100572,0
88375,0
89734,0
56481,0
52360,0
79781,0
77456,0
35206,1
23911,1
53607,1
111654,0
87003,1
60470,0
96330,1
641,0
28729,1
25120,1
70226,1
37779,0
20301,0
18992,0
83761,0
31597,1
116805,0
55460,0
88969,0
117488,0
42527,0
103534,0
36461,0
13333,0
87890,1
112311,0
83405,0
46447,1
14775,0
114721,0
28273,0
112524,1
45349,0
43429,1
75913,0
82151,0
1283,0
103918,0
65627,1
31963,1
73826,1
29521,1
92091,0
95487,0
60819,0
46980,1
60494,0
90341,1
105214,0
19347,1
33058,0
66763,1
73422,1
58290,0
12544,1
70786,0
106437,0
18651,1
76145,0
38690,0
95270,0
63431,1
56224,1
63797,0
45365,0
33199,0
14549,0
104742,0
78684,0
72248,0
70645,1
27055,1
75734,0
113183,0
65638,1
71802,1
44066,0
22341,0
106420,0
98739,0
27622,1
46156,0
58087,1
63292,1
79025,1
70864,0
78612,0
26935,0
109471,0
51555,1
4544,1
93932,0
45745,0
107100,0
57488,0
101309,0
7419,1
28510,0
7568,1
39058,0
82568,0
33077,0
78116,0
56377,1
29503,1
396,0
95534,0
29801,0
88663,0
107578,0
61548,0
10520,1
79475,0
87356,0
70486,1
44670,0
107857,0
36497,0
56584,1
2621,0
46321,1
89354,0
97344,0
18082,0
41335,0
108715,1
11252,1
9526,1
7254,0
25811,0
99060,0
34773,0
38678,1
107616,0
90309,0
52310,0
87144,0
82022,1
1305,0
49479,1
53515,1
5760,1
70573,1
1965,1
57501,0
117882,0
71846,0
42844,0
36254,1
62064,1
68805,1
92590,0
84092,0
18855,1
111823,0
71589,1
41071,0
47864,0
57763,1
67786,0
27042,0
50983,0
94181,0
51999,1
79186,0
31117,1
82875,1
118119,0
41861,0
111261,0
60113,0
50847,0
27176,1
60466,0
53524,1
62099,0
89122,1
39737,0
20359,0
17851,0
88472,0
35920,0
103383,0
19580,1
35863,0
66533,1
7867,0
35311,0
83706,0
77933,0
70556,0
102414,0
12712,1
49946,1
103720,0
50404,1
55740,1
14008,0
84141,0
38374,0
68843,0
105050,0
102203,0
89177,0
111208,0
3213,0
108507,0
34713,1
105532,0
53966,0
18920,0
16133,1
113667,0
62109,1
105741,0
455,1
3507,1
33457,0
116171,0
9104,0
95783,0
48464,0
81757,1
66561,1
16460,0
21367,0
64822,1
94493,0
87478,1
112448,0
79587,0
87331,0
2665,1
12218,1
109756,1
108985,0
32972,0
71221,1
22861,0
83776,0
35003,0
99674,1
56222,1
87220,0
75963,1
68852,0
31848,0
45446,0
28552,1
6270,1
30292,0
2196,1
12211,0
24972,0
57080,0
86322,0
36359,1
16186,0
102038,0
39448,1
78426,0
40203,1
25225,0
82037,1
40180,0
33421,0
72693,0
117215,0
103209,0
30226,0
60981,0
22528,1
16134,0
52784,1
16072,0
36278,0
9503,1
35039,1
49639,0
65774,1
117333,0
16383,0
5819,0
79509,0
45449,0
2677,0
18518,0
857,1
101307,1
78827,0
74764,0
1009,0
82456,0
90020,0
95048,1
98603,0
104657,1
65544,0
24770,0
76066,1
6530,0
118160,0
12034,0
4095,0
58324,1
114835,1
62877,1
25976,0
113374,0
84629,0
6820,1
47004,0
63280,0
56405,1
56230,1
73423,1
69886,1
70148,1
75852,1
46402,1
51716,1
55285,1
92782,0
56906,1
88016,0
98242,0
82287,0
35187,1
46417,1
20810,0
608,0
80244,0
109644,0
59349,1
77151,0
94750,1
1885,0
116244,1
61676,1
40016,1
14259,0
67859,1
1295,1
54766,1
72232,0
25860,0
104741,1
60170,1
58158,1
57927,1
24350,0
108861,0
45906,0
9544,1
13469,1
36919,0
41001,1
104021,1
7937,1
68531,1
57887,1
80033,1
15909,1
90622,0
86181,1
6590,0
101378,0
38110,0
94451,0
30985,0
30870,0
37553,0
27815,0
25832,0
104748,0
19422,0
33202,0
99563,1
44856,1
84301,0
116754,0
97520,0
47552,0
108933,0
7202,0
45411,0
36697,0
109545,0
13131,1
65730,1
115844,0
64746,1
61899,0
49913,1
35500,0
38727,1
76586,1
79618,0
71202,1
77083,0
23459,1
87169,0
115477,1
113653,0
17015,0
21854,1
23768,0
7700,1
84285,0
75647,0
208,0
38470,0
92532,0
17065,0
32832,0
5117,0
91336,0
67514,1
36874,0
46994,0
59766,1
60383,1
57163,0
37775,1
103845,1
104654,0
59792,0
49873,0
107693,0
49107,1
68347,1
39256,0
39904,1
53172,1
104608,0
64603,1
81636,1
117149,0
86078,0
33868,0
90276,1
5776,0
89080,1
3969,1
36574,1
38375,1
10549,1
33829,0
55076,1
95915,0
35564,0
33952,0
90633,1
18187,1
64239,1
14733,1
82541,0
11588,1
102092,1
22012,0
39360,0
19084,0
87977,1
83232,0
109667,0
54057,1
16888,0
83421,0
62616,0
17270,1
71488,1
103269,0
13822,0
36130,0
84798,0
19349,0
88480,0
45739,0
5227,0
31723,0
61480,1
17638,0
27187,0
85834,0
38346,1
4167,0
106899,0
64617,0
57465,0
34324,0
74373,0
113011,0
70957,1
91014,1
101444,0
49534,1
18838,0
20305,0
107934,0
77665,0
36807,0
6208,0
100709,0
5385,1
64940,0
59576,1
86779,0
109241,0
64783,0
4628,0
50419,0
22236,0
40611,0
81585,1
62721,1
104600,1
49023,1
42148,0
119118,0
60455,1
96697,0
44603,0
90085,0
54967,1
17480,1
34926,0
27793,1
100437,0
92545,0
95758,0
110100,0
90629,0
111765,0
30167,0
74759,0
15387,0
32782,0
17934,0
64023,1
86149,0
18461,1
101783,0
98792,0
103478,0
118320,1
29227,0
113772,1
54852,1
41989,0
81980,1
1416,0
109447,1
69173,1
95867,0
11962,1
60611,0
59390,0
93010,0
18494,1
42302,0
27358,0
113649,0
83814,1
114568,0
100229,0
93158,0
24337,0
51709,1
110085,0
1933,1
63390,0
18225,0
109623,1
47930,0
114199,0
37023,0
78765,0
104708,0
25724,0
111271,0
67490,1
94465,0
19515,0
56368,1
15845,1
11019,1
113948,0
56258,1
95005,0
117950,1
76628,0
62571,0
68728,1
39799,1
68267,1
114933,0
41563,0
67089,1
92299,1
78556,0
108410,0
45083,1
68743,1
101695,1
56118,1
106754,0
3303,0
82461,0
64226,1
114663,1
76133,1
45428,0
116829,0
41582,0
23576,0
114041,1
112967,1
5071,0
51959,0
91096,0
61925,1
3845,0
62490,1
30753,0
19253,0
17649,0
89473,0
47020,0
90638,0
73672,1
53648,0
5839,0
12094,0
4018,1
55069,1
57013,1
6586,0
101127,0
29792,1
11963,1
110408,1
93736,0
79936,0
66773,1
99767,1
29361,0
106413,0
105885,1
102901,0
53867,0
71612,0
24797,0
24471,1
62727,1
984,0
4188,1
93554,0
110928,1
23734,0
76518,0
8497,1
53019,1
45101,1
110008,0
95014,0
36771,0
16316,0
13536,1
77045,1
58766,1
49938,1
27632,1
27521,0
345,0
107579,0
334,0
70284,1
76726,0
27661,0
99649,0
38750,0
87119,0
22901,0
44710,0
27926,0
48632,0
42572,0
107032,0
25077,0
33725,0
76558,1
57972,1
33511,0
12299,0
82472,0
62684,1
103978,0
67629,1
117063,1
30379,0
63088,1
66472,0
101808,0
6824,0
42753,0
88747,0
38816,0
116321,1
54784,0
31566,0
3655,0
11767,1
79802,0
18967,0
31058,0
22767,0
104342,1
28331,0
106851,0
112704,0
83858,0
3884,0
71615,1
111845,1
28315,0
49645,0
102089,0
10235,0
38496,1
35811,0
48416,0
51298,0
12209,1
45038,0
90482,0
16446,0
52028,1
107799,0
33450,0
75179,1
82455,0
82226,0
43209,0
30934,1
117553,0
16696,1
45931,0
75884,0
102842,0
86773,0
4565,0
91350,0
97597,0
117045,0
34451,1
17418,0
76336,0
93076,0
64988,1
98554,0
93732,0
30380,0
6249,1
108500,0
60593,0
48382,1
23030,0
84761,0
20267,1
46004,1
108341,0
41585,0
113248,1
27408,1
74619,1
73609,1
24470,0
63830,1
32308,1
56126,1
32053,0
32114,1
42935,0
15265,0
60139,1
16311,1
88247,0
24805,0
7144,1
19910,0
60605,0
28473,0
9935,1
14419,1
3488,1
21968,1
66216,1
111522,0
83900,0
34045,0
94576,0
92027,0
33783,0
82050,0
50375,0
77517,0
2878,0
25954,0
54291,1
21241,0
105203,0
58394,1
95390,1
40585,0
89803,0
14779,1
93911,1
78521,0
119344,0
109587,1
66021,0
13878,0
44134,1
33843,0
19623,0
29109,0
22962,0
107216,1
64689,1
67957,1
50393,0
83944,0
28247,1
43565,0
89135,0
94573,1
47947,1
52505,1
114027,1
105273,0
32657,0
43795,0
72382,0
75116,1
109572,0
39752,0
55773,1
36860,0
71586,1
107770,0
27516,1
28375,1
11737,0
86530,0
51445,0
115836,0
20083,1
89152,0
72291,1
20350,1
43054,0
81293,0
111644,0
81641,0
93212,0
43569,0
36375,0
99284,1
776,0
71954,0
24736,0
48995,1
39538,1
61210,0
27858,0
46244,0
70833,1
54768,0
31625,0
3541,0
91381,1
5424,1
58379,0
183,0
103420,0
38755,0
93220,0
113756,0
97858,1
84536,0
61698,0
105172,0
21207,0
3175,1
37349,0
47974,0
112399,1
99278,0
3271,0
82626,0
108154,0
98401,0
54545,1
87756,1
56925,0
86730,0
69294,1
92464,1
46578,0
109891,0
16193,0
23547,1
46750,0
759,0
31242,0
66471,0
106274,0
78390,0
96469,0
24158,0
79806,0
54084,1
34897,0
32291,0
27835,0
104047,1
71838,1
95953,1
10346,1
75425,1
16749,0
75729,0
3181,0
105031,0
93087,0
18978,0
87519,0
118658,0
33940,1
117026,0
15684,0
11130,1
11830,1
68730,1
57841,0
68511,1
34920,0
66077,1
45039,0
25706,0
19472,1
116020,0
53429,1
86568,0
65963,1
52883,1
7086,1
47466,0
34149,0
42571,0
13952,0
26631,1
54267,1
44659,0
25596,0
77208,1
101706,0
81744,1
32402,0
3707,1
58304,1
66738,1
35202,0
73929,0
77528,0
80125,1
87249,0
19562,0
2854,0
77628,0
57204,0
23512,1
40554,0
89565,0
80064,0
52878,1
77616,1
82830,1
77031,1
78268,1
77695,1
117380,0
2983,0
81611,0
68980,1
32059,1
11323,1
79254,1
73699,0
4874,1
73045,0
22436,0
106989,0
894,1
63489,1
42749,0
18654,0
53652,0
48201,1
104220,0
5761,0
51694,1
59516,1
5184,1
18475,1
44679,0
27395,0
34844,0
74635,1
48057,0
117392,0
82391,1
102170,0
5605,0
103666,0
111802,1
7387,1
20809,0
44571,0
51168,0
70037,1
64668,1
50930,0
13909,0
61675,1
33188,0
82702,0
44177,0
62881,1
85323,0
50509,1
29579,0
64534,1
944,0
65168,0
63299,0
74906,1
41231,0
102587,0
42274,0
50394,0
102190,0
24455,0
54358,1
105488,0
22670,1
113607,0
1697,0
31993,0
105713,0
20402,0
41418,0
52994,1
104528,0
2530,0
100386,0
81614,0
106936,1
86804,0
105910,0
105848,1
83597,0
46822,0
50472,0
65695,1
115324,0
70065,1
68310,1
64254,0
45584,0
102696,0
46200,0
60733,0
46950,0
8754,1
52500,1
11906,1
35692,1
95344,1
75572,0
8170,0
71011,0
16280,0
59133,1
67002,1
70468,1
10705,1
45746,0
57220,0
49637,0
115466,0
98140,0
85719,0
27139,0
72826,0
7312,0
43174,0
33052,0
96810,0
61487,0
11759,1
6206,0
115108,0
47892,0
25005,0
36831,1
17589,0
43656,0
101487,0
94078,0
60484,0
5013,1
45663,0
89438,0
109386,0
102831,0
40759,0
9710,1
87748,0
12542,1
13924,1
2288,0
37328,1
24314,0
3080,0
109233,0
1686,0
104999,1
49653,1
63755,1
41943,0
45435,0
14622,1
13327,1
94063,1
22045,0
94629,0
36486,0
74982,1
93048,0
101199,1
33216,0
104952,0
103703,0
104419,0
75576,0
37247,0
53554,0
75903,0
100376,1
95516,0
98136,0
91979,0
74345,0
62735,1
83248,0
38379,1
103906,1
44438,1
102527,1
87798,1
34994,1
42774,0
50418,1
48144,1
70783,1
89277,0
64046,1
85760,0
52838,0
8289,0
49209,1
9457,1
75707,0
54637,1
9254,1
61664,0
61823,1
55876,1
21913,1
58817,1
27545,0
88117,0
45389,1
81363,1
30191,0
100546,0
88883,0
40520,0
118937,0
114599,0
46226,1
32641,0
23307,0
108182,1
98410,1
79358,0
115301,1
117733,0
54486,1
61569,0
32892,0
77077,0
27051,1
43175,0
47895,0
98048,0
93452,0
12078,1
46783,0
105262,0
48257,1
71229,1
79877,0
6668,1
118913,1
45599,0
47600,0
19323,0
41192,0
34715,0
3416,0
6420,1
21589,1
63583,0
31587,0
59698,1
66231,1
47110,0
56795,1
13718,1
31760,1
71180,0
26196,0
89902,1
50381,0
25070,0
42177,0
71600,0
50952,1
4063,1
24154,0
96460,0
81230,1
65547,1
1296,0
94994,1
78549,0
100544,0
112631,1
105024,1
71330,0
116528,1
10306,1
86753,0
7812,0
20908,0
32258,0
70447,0
29217,0
83046,1
96004,0
30616,1
40041,1
12808,1
10630,1
114689,1
27056,0
58074,1
57481,1
7565,0
6944,0
15807,0
51883,1
97503,0
93354,0
16156,0
77604,0
112363,0
36338,1
93373,0
55709,1
102094,0
12466,0
55198,0
55896,1
108053,1
30174,0
5737,0
2858,0
64086,1
118021,0
54619,1
59331,1
19066,0
33248,1
45723,0
72972,1
12623,0
53566,0
33943,0
23749,0
28085,0
61334,1
93482,0
33621,0
57183,0
4707,0
9055,1
63327,0
28982,0
98700,0
94841,0
51405,1
62267,0
101172,0
4401,1
83794,0
90826,0
5559,1
18821,0
16729,0
95057,1
118588,0
112280,1
84324,0
84175,0
74918,1
17455,0
51857,0
80082,1
74353,0
51211,1
96547,1
6622,1
65712,1
45254,0
12254,1
16860,0
27772,0
25353,0
88914,0
99341,0
17944,0
57730,1
112412,0
4109,0
16514,0
114180,0
16132,0
72367,1
54003,0
67176,1
25104,0
25385,0
106617,1
74277,0
11526,1
20,0
71883,0
25078,0
52281,1
43480,0
105671,1
108969,0
59573,0
9973,0
108466,0
86398,0
91804,0
65564,0
42638,0
55367,1
25774,0
87185,0
6479,1
104764,0
43132,0
93162,0
85505,0
85966,0
103516,0
18525,0
20672,0
100921,0
112564,0
82584,0
108078,0
49671,1
19406,1
18637,0
59800,1
41397,0
69836,1
10291,1
65652,1
24218,0
21844,0
112382,0
33897,0
79584,0
109511,0
16390,0
20478,1
5400,1
103919,0
103893,0
56585,1
45251,0
38155,0
43827,0
24640,0
44016,1
117027,0
106091,0
32361,0
35001,0
98081,0
57770,1
11315,1
111519,1
50962,1
93681,0
606,0
11237,1
21594,1
36283,1
65118,1
87040,0
59988,1
67779,1
44655,0
51434,0
24795,0
55355,1
65719,1
94094,0
57276,0
32871,1
86329,0
113371,0
116315,0
70898,1
87959,0
96105,0
97960,0
119350,0
94643,0
12784,1
93146,0
38959,0
31181,0
99666,0
77337,0
84778,0
102252,0
29378,0
58067,1
100561,1
11563,1
89606,1
50002,1
80670,0
31408,0
93973,0
86330,0
82108,0
84421,0
9147,1
111797,0
33299,0
2911,1
55146,1
117922,0
33639,1
56627,1
83537,0
66365,1
93693,1
71328,1
64755,1
104332,0
83481,0
79237,1
67109,0
91675,1
39183,0
110570,0
37810,0
89330,1
846,0
17899,1
104807,0
76462,1
25564,1
55691,1
102964,1
86861,0
73033,1
66389,1
17344,0
14467,0
100715,1
56957,1
62832,1
85393,0
44042,1
96337,0
26543,1
88539,0
103480,0
103487,0
45857,0
66775,1
20592,0
110419,0
89194,0
75777,0
10434,0
74841,1
116413,0
107061,0
63681,1
76013,1
38118,1
46974,1
70984,1
40559,1
583,0
22570,0
94653,0
99637,0
19026,0
81549,1
106530,0
102828,1
94344,1
83164,1
83478,1
10722,1
65657,1
119324,0
76315,0
82189,0
110243,1
77370,1
97513,1
1700,1
47218,0
111556,0
113293,0
15669,0
17656,0
91469,0
54915,0
73377,1
43369,0
60607,1
116494,0
119121,1
13992,0
30367,1
100193,0
61493,1
109540,0
87670,0
94588,0
10922,1
42535,0
53624,0
10355,1
72897,1
60754,0
117200,0
76273,1
65149,0
87759,1
8186,0
44148,0
118088,1
15755,0
10909,1
117321,1
3591,1
548,0
76143,0
111509,0
95526,0
90495,0
68953,1
115369,0
77264,1
67884,1
108195,1
79779,0
8248,1
113488,0
34725,1
92646,1
45876,0
4859,1
69810,1
21684,0
1339,0
32748,0
47248,1
20466,1
35560,0
46762,0
40666,0
21545,1
74183,1
111027,0
94908,0
834,0
9468,1
115512,0
41308,0
39246,0
67022,1
67682,0
81761,1
63185,1
70030,1
110467,0
17742,0
83214,0
48983,1
28318,0
69457,0
40455,0
23464,0
110163,0
5016,1
29576,0
31586,0
33139,0
82375,1
116036,0
47180,0
98904,0
8919,1
70266,1
99401,0
110924,0
68868,1
57718,1
117848,1
91812,0
53765,1
76611,0
117881,0
2928,0
22448,0
61269,0
36823,0
112646,1
29047,0
105559,0
83583,1
71646,1
4399,1
388,0
52321,0
91989,0
69195,1
59379,1
6173,1
109280,0
36900,0
108828,0
3719,1
78108,0
585,1
45115,1
112424,1
2997,0
12533,0
68339,1
21276,0
10358,1
23675,0
84830,0
35982,0
6982,0
34026,0
10321,1
58664,0
90527,0
100428,0
64204,1
16685,0
17177,0
94788,0
69350,1
113356,0
34803,0
111986,0
101944,0
112894,1
117397,1
8031,1
26336,0
66765,1
16001,0
33301,0
65485,1
100443,0
66861,1
93492,0
87929,0
33220,0
40123,0
115809,0
78191,0
106904,0
27530,0
41182,0
66593,0
41290,0
23882,0
39858,0
117921,0
118452,0
44454,1
107114,0
48767,1
10632,1
17762,1
116664,0
58565,0
106140,0
89838,1
94945,0
56026,0
54895,1
84552,0
36742,0
91673,1
29305,0
46290,0
86054,0
645,1
40129,0
116579,0
42098,0
11197,1
26448,0
34520,0
29290,1
56879,1
60379,0
92707,0
1642,1
4607,1
71077,0
35965,0
117086,0
87073,0
21166,0
101405,0
1620,0
72171,0
39078,1
30592,1
15100,1
92621,1
4261,0
11095,1
27060,1
14367,0
34963,0
34356,0
96373,1
61844,1
27088,1
107737,0
53527,1
29329,0
16719,1
18657,0
40700,0
101290,0
98916,0
69739,1
104030,0
50746,1
37521,0
563,1
81070,0
18291,0
37128,0
7420,1
107813,0
110759,0
92037,1
62644,1
83613,0
6320,1
14004,1
17532,1
90107,0
35731,0
113214,0
49078,1
64919,0
68874,0
58988,1
104398,1
26044,0
9540,0
5407,1
107095,0
48247,1
1507,0
74383,1
94824,0
112111,0
7413,0
23292,0
49834,1
27188,0
21363,0
117295,0
63950,0
22594,0
62025,0
43022,0
45409,0
2905,0
25114,0
50316,0
89713,0
66274,1
109383,1
23709,0
27722,0
119189,1
13408,1
70244,0
40322,1
13295,1
27250,1
19897,0
5487,0
27901,0
47977,0
3366,0
72970,0
69630,1
73117,0
37791,0
81032,1
94949,0
20733,0
96358,0
13610,1
51302,0
87926,0
79195,0
48503,0
55338,1
31479,0
12942,1
100532,1
103233,0
31856,0
52777,1
50365,0
45676,0
59773,1
20418,0
6089,0
6351,1
44727,1
118230,0
42203,0
21694,0
91873,0
70562,0
118289,1
112990,1
5438,1
72509,1
83074,1
73872,0
80735,0
83446,0
10504,1
40218,0
92853,0
56681,1
3733,0
740,0
93185,1
89178,0
114403,1
115045,1
84284,0
39523,1
33479,0
68600,1
75581,1
21911,0
86795,1
65584,1
46334,1
69593,1
45634,0
69918,1
102254,1
2212,0
11538,1
50058,1
25700,1
116157,1
101651,0
117621,1
5759,0
77124,0
33720,0
33792,0
99273,0
95073,0
99606,0
75310,1
49838,0
56915,1
23179,0
104056,0
63384,1
57072,1
47534,1
51244,1
63801,1
105394,0
4789,1
113521,0
35818,0
83422,0
178,0
65767,1
99912,1
103554,0
78682,0
1687,0
63090,1
65311,1
14954,0
68312,1
17038,0
112822,0
58178,1
26640,1
55225,0
6447,1
8681,1
44366,0
32245,0
66600,1
28250,0
39293,1
57132,1
32751,1
62924,1
84148,0
81751,1
105987,0
69326,1
16938,1
3469,0
118868,1
89750,0
112127,0
18154,0
81660,1
23188,1
10042,1
94597,1
72505,1
65479,1
113457,0
94403,1
41737,0
95313,0
44219,0
9691,0
12562,0
17384,0
83712,0
103776,0
44573,0
65867,1
12946,0
10187,0
21465,0
21581,0
50367,1
101188,1
113050,1
46092,1
23498,0
36369,0
61377,1
92143,0
81557,1
58979,1
59877,1
97125,0
79539,1
88098,0
105533,0
5623,1
26737,1
56305,0
104472,0
80191,0
110284,0
44129,1
83418,0
58662,0
76992,0
50086,1
60428,0
62423,1
4283,0
171,0
46627,1
15609,0
71992,0
52455,1
50676,0
73712,0
34025,0
26837,1
57197,0
77477,0
42246,1
13519,1
32820,0
91321,0
66068,0
36188,0
91383,0
24281,0
114237,1
107073,0
108800,0
85041,0
37914,0
80729,0
108636,1
615,0
89221,0
100635,0
56030,0
103102,0
107736,0
31514,0
59333,1
17507,0
2862,0
75886,0
6997,0
16739,0
73909,0
104945,0
115268,0
99242,1
6770,0
60834,1
98131,1
86662,0
54633,1
34979,0
92063,0
61890,0
7845,1
6238,1
41532,0
73603,1
33599,1
78163,0
52215,1
88631,0
88014,1
25709,1
15172,0
63503,0
107102,0
40308,0
102998,0
71826,1
24222,1
26001,0
13538,1
15520,1
30388,0
50863,0
48149,0
93425,0
109046,0
32930,0
28977,0
8557,0
46351,0
105063,0
116794,1
29894,0
50993,0
36088,0
57581,1
39152,0
109700,1
64508,1
36391,1
75106,0
31838,0
90194,0
20177,1
65368,1
10610,0
36610,1
35002,0
98512,0
57157,1
29683,1
79076,0
60013,1
27449,1
47680,0
28334,0
32284,0
61832,0
51762,0
67127,0
95804,0
29623,0
8976,0
63839,1
34444,0
119191,1
114504,0
61693,0
84509,0
78046,0
113141,0
22548,1
8755,0
36055,0
82159,0
35767,1
44977,0
6733,0
67601,1
112618,0
116417,0
24457,0
104156,1
53992,0
84799,0
82813,1
21262,0
101247,0
105422,1
55450,1
72039,1
115165,0
64958,1
19221,1
60946,0
65607,1
99585,0
19138,0
85739,0
101103,0
43561,0
69793,0
70445,1
78065,0
12096,0
97841,0
115796,0
46518,0
47445,0
45395,0
19358,0
106139,0
49643,0
10509,0
31897,0
110214,0
46867,1
95000,1
53418,1
47463,0
49240,1
22952,0
85048,0
99127,0
15805,0
19527,0
113407,0
17222,0
88377,0
73258,1
55340,1
2098,0
27540,0
16512,0
75997,1
74957,1
35769,0
65421,1
6141,0
13959,0
61365,1
101789,0
62232,1
77330,0
41835,0
24006,1
110698,0
105832,0
15161,0
98026,0
56015,1
93102,0
43645,0
3072,0
43897,1
108244,0
32120,0
41034,1
106927,0
87450,0
51852,0
99086,1
67921,1
28155,0
88999,0
104360,0
62723,0
53480,0
8435,1
72846,1
16547,1
66789,1
81279,0
112748,0
40387,1
51782,0
85664,0
112083,1
61400,1
62711,1
44187,0
43954,1
11306,1
84276,0
96722,1
59670,1
29198,0
40143,0
8243,1
54175,0
78277,0
35443,0
67225,1
59255,1
44819,1
57521,1
19638,1
75514,1
93316,0
112245,0
7999,1
3147,1
1016,1
94768,0
72528,1
63697,0
60831,0
36266,0
103448,0
36997,0
47576,1
61938,1
44112,1
39445,1
93904,0
11696,0
92568,1
65684,1
60160,1
9013,1
114355,1
84113,0
86082,0
93490,0
104148,0
74022,1
108755,0
99412,0
84576,0
61199,0
83854,0
50662,1
73649,1
45235,1
41529,0
8794,0
27658,0
66293,1
26767,0
19180,0
100545,0
76231,1
103707,1
95333,0
17081,1
56272,1
14124,0
39905,1
9908,1
22100,0
46774,0
100054,1
93623,0
47423,0
11583,1
5781,1
4538,0
110129,0
102491,0
104808,0
54479,1
27981,0
12830,1
12934,1
15890,0
90292,0
87723,1
100190,0
35663,0
73263,1
44278,0
88386,0
110084,0
102453,1
114858,0
85791,0
22182,0
73511,1
73339,1
177,1
50207,1
115774,1
91726,0
27000,0
15240,0
101430,0
93181,0
103644,0
42507,0
76303,0
64965,0
79885,0
80223,0
103266,0
107484,0
27615,0
21774,0
71062,1
88325,0
97296,0
28437,1
37639,0
89686,0
36504,0
113943,1
18659,0
87181,0
74848,1
116739,0
21570,0
370,0
111085,0
75523,1
94773,1
55411,0
8132,0
112172,1
116611,1
11594,1
27557,0
42084,0
64600,1
54759,1
66534,1
92308,1
108601,0
87158,0
53312,0
40790,0
116379,0
57298,0
5324,1
18299,0
12883,1
51286,1
93699,1
468,0
58315,1
33660,0
100813,1
11079,1
89,0
114533,0
57085,0
80364,0
1579,0
28303,0
2820,0
19482,0
49047,1
89945,0
50978,0
107837,0
41950,0
37065,0
98193,0
101379,0
23117,0
73115,1
24521,0
64695,1
39147,1
39022,1
102607,0
113855,1
22759,0
6092,0
44617,0
113688,0
87497,0
115748,1
98874,0
28683,0
67865,0
107733,1
89094,0
101654,0
97007,0
11505,1
100690,0
17882,0
89888,0
18870,0
5353,0
67446,1
112301,1
8298,1
109099,0
105942,0
116786,0
9950,1
45280,0
56174,1
858,1
6998,1
68492,1
63595,0
93804,0
55275,1
17477,1
52312,0
96749,0
27698,0
26105,0
35251,0
9174,0
71974,1
90875,0
110412,1
45289,0
61088,1
19591,1
77435,0
868,0
69113,1
11251,1
51600,0
8055,0
109,0
69004,1
15818,1
47521,0
19769,0
113376,0
6451,1
12908,0
68781,1
17832,0
26889,0
37744,0
7350,0
34583,0
117151,0
85908,1
38057,0
100483,0
107968,0
14862,0
73708,0
113965,1
61673,1
85496,0
41638,0
97311,0
38545,0
67530,1
76309,0
58451,1
54597,1
64,0
33894,0
113432,0
94784,0
103059,1
92699,1
46159,0
76400,0
80017,0
98763,0
80303,1
63209,1
15685,1
96809,1
99262,0
91022,0
16849,0
112897,0
54937,0
19697,0
63757,1
44004,0
13446,1
97102,0
117375,0
80832,1
1995,0
102131,0
47298,0
55107,1
91761,0
104076,0
24627,0
53184,1
79139,0
100053,0
70060,1
36491,0
4485,0
73965,0
35156,0
80577,0
71401,1
44851,0
70240,0
107497,1
108393,0
54324,1
102574,0
19736,1
20703,0
21111,0
18513,1
105320,1
65563,1
47973,0
65055,0
27205,0
99644,0
94914,0
9888,1
103520,1
85331,0
43636,0
36125,0
12636,1
6909,0
6709,1
82419,0
2625,0
30189,0
53735,1
85724,0
94891,1
24642,0
51019,0
46644,1
35625,0
29589,1
15536,0
1561,1
90957,0
92265,1
42619,0
19901,0
84560,0
101982,0
76490,1
37967,0
35721,1
69373,1
69206,1
59347,1
103485,0
7877,1
2655,1
62411,0
27486,0
20389,0
100390,0
111973,0
51591,1
50047,1
85176,0
29882,1
119254,1
554,0
101408,0
35352,1
28782,0
30323,1
56601,1
102042,1
65919,0
49996,1
101764,1
87389,0
3888,0
47866,0
114541,1
76343,0
73436,1
59474,1
55169,1
29314,0
52636,1
46745,0
104660,0
21379,0
38291,1
108629,1
88070,0
17456,0
77573,1
74248,1
65626,1
101353,0
116760,0
76883,1
76142,0
104554,1
65018,0
99449,0
100578,0
65858,1
111345,1
88761,0
9108,1
76939,1
53190,1
28727,0
78808,0
7186,1
34253,0
82385,1
97654,0
24480,0
31344,1
67908,1
102762,1
103427,0
54351,1
90592,0
60227,1
48535,1
92318,0
12067,1
59075,1
15988,0
62622,1
46339,1
88824,0
90950,0
52134,1
61904,1
99331,0
61515,1
72915,1
89034,1
65874,1
50435,0
11901,1
8406,1
52045,1
38083,0
66681,1
29601,1
109039,1
963,0
56833,1
75209,1
21360,0
3340,1
24152,0
20277,1
33838,0
19916,0
12492,1
996,0
106768,0
119035,1
65778,1
85835,1
88402,0
83131,1
87107,0
109156,1
88250,0
43126,0
73588,1
114804,0
75270,1
108851,0
110275,0
42893,1
21388,1
33543,0
88659,0
6133,0
17692,0
66921,1
53552,0
88510,0
50818,0
99407,0
20440,1
20263,1
19571,0
52434,0
103459,0
91796,0
103655,1
1106,0
80419,1
27597,0
4149,1
107017,0
98765,0
38993,0
86723,0
111044,0
94306,0
66083,0
53295,1
52416,1
100582,1
93052,0
42842,0
20960,0
56736,1
105042,1
59272,1
58234,0
9413,1
41291,0
8321,0
67618,1
58246,0
34941,1
78962,0
80639,0
86805,0
15150,1
29982,0
118202,0
73754,0
63344,0
34300,0
103634,0
60372,1
80798,0
87973,0
41237,0
19020,0
18437,0
17545,0
33429,0
78041,0
17325,0
95626,0
72446,0
40359,1
58858,0
88208,0
48854,0
75837,0
109205,0
81966,1
6201,0
39469,0
17810,1
93387,1
57349,1
33698,0
40141,0
78394,0
88942,0
100563,0
110329,0
98569,0
6366,1
89638,0
58744,1
12768,0
24164,0
85063,1
1891,1
40988,0
82271,0
18293,0
21117,0
70826,1
17552,0
39319,0
30936,0
36037,1
5614,1
13739,1
33989,0
90403,0
21390,0
82502,0
74102,1
110342,0
9516,0
22597,0
44601,0
16321,0
82301,0
5571,0
113594,0
44463,1
35387,1
58495,1
8366,1
21037,1
42967,0
1879,1
87605,0
43883,1
88283,0
96236,0
108010,0
87080,0
26312,0
62983,1
78899,0
30439,0
102377,0
40428,0
79170,0
52768,1
24561,0
45860,0
40926,0
52034,1
72706,1
18364,0
60057,0
12674,1
42205,0
22253,0
65561,1
105593,1
11757,1
64570,1
81949,1
33706,1
47461,0
51670,1
38757,1
58807,1
90750,0
99774,1
48704,0
33734,0
75180,1
387,0
92619,0
46778,1
79232,1
49402,1
68871,0
102272,1
21063,0
55902,1
86228,0
58650,0
2000,0
82783,1
28785,1
109378,1
65907,0
23410,0
35199,1
18932,0
29549,0
88088,0
94834,1
78706,0
83306,0
40661,1
108863,0
103341,0
55116,0
21771,0
39720,1
23702,0
105254,0
63913,0
79795,0
105990,0
56346,1
49286,1
32973,1
91332,0
3971,1
69122,1
51680,1
102595,1
8954,1
109789,0
96920,0
57067,0
55024,1
53140,1
59352,1
115545,1
8210,1
907,0
112371,1
101297,0
104721,1
60826,1
34410,0
107795,0
3611,0
2880,1
116702,1
12247,1
41815,0
15744,1
91038,0
32248,0
48305,0
37450,1
42362,1
45697,0
20276,0
54078,1
47424,1
82894,1
17980,0
108124,0
110913,0
55322,1
107178,0
7335,1
51372,1
111582,0
116337,1
20242,0
117887,0
50632,0
34114,0
43958,1
7410,0
16014,0
3420,1
90030,1
28187,0
58695,1
100909,1
87171,0
42644,0
14777,1
42260,0
107847,0
33538,0
76352,0
117597,1
118158,0
68809,1
40886,0
75111,1
21513,1
76147,0
28292,0
52827,1
94884,0
58032,1
93160,0
16292,0
85204,0
107699,0
57112,1
95741,0
111574,0
114672,0
32151,0
101328,0
90344,0
95080,1
52715,0
71483,0
43151,1
14042,1
89910,0
54620,1
16745,0
77541,1
63149,1
39,1
64732,0
96515,0
115027,0
56724,0
49737,1
20977,0
51160,0
24782,0
61936,0
80725,0
109881,1
87039,0
109748,0
41581,0
58729,1
88958,0
42411,0
37202,0
96613,1
88945,0
29194,0
19935,0
51808,1
31990,0
5671,0
74558,1
3774,1
43102,0
76222,1
104887,0
61310,1
9986,0
105604,0
90026,0
79217,0
117705,1
5646,1
13557,1
108496,0
22346,1
101107,0
380,1
110748,0
52002,1
82819,1
62126,0
36775,0
55654,0
25958,1
37459,0
58458,1
8922,0
77254,1
116683,0
3007,0
64314,0
83687,0
23745,0
112845,0
109277,1
50291,1
49506,1
50705,0
8768,0
34860,0
75812,0
27796,0
108813,1
6198,0
11773,1
9708,1
50170,0
111327,1
80150,0
38435,0
12726,1
7343,1
37389,1
20235,0
66307,1
3423,0
97904,0
90000,0
23056,0
110191,0
115589,1
41812,0
4712,1
39867,0
118417,0
5728,0
56903,1
3328,1
34918,0
61126,1
28713,1
33600,0
119053,0
64182,1
14772,1
85561,0
28110,0
47226,1
24676,0
10151,1
115406,0
2218,0
66038,1
1390,0
51972,0
69881,1
118536,1
83715,0
77674,0
44445,1
28975,0
66874,1
38604,0
59223,1
87132,0
74770,0
6671,0
49112,1
52529,1
91,0
37048,1
47628,0
35062,1
97215,1
34505,0
26503,0
34239,1
33877,1
88118,0
40235,0
26759,0
47874,1
7349,0
10459,1
14860,0
80619,0
13584,1
95550,0
107897,0
82815,1
26672,1
60359,1
12361,1
42816,1
5871,0
8191,0
60547,1
112423,1
30670,0
36341,0
1343,1
85578,0
25797,0
99845,0
18802,0
41615,0
8419,0
81858,1
74147,1
97228,0
9722,0
118926,0
43248,0
82532,0
105087,0
107848,0
104682,0
91868,0
108335,0
52875,1
73384,1
76514,0
52107,0
59819,0
104922,0
25134,0
48581,1
114340,0
68768,1
28496,0
32039,0
5344,1
43274,0
45055,1
115680,1
97500,0
37760,0
12597,0
104266,0
47189,0
101969,0
19662,1
106226,0
11653,0
4958,0
41578,0
101700,0
43534,0
80537,0
113352,0
28243,0
20442,0
105500,0
64328,0
45325,1
32254,0
65398,0
61566,1
24865,0
74527,1
30420,0
57394,0
24922,0
79719,0
38106,0
4378,1
2105,0
5490,1
38238,0
44444,1
114684,0
98749,0
86877,1
5281,1
107341,0
33601,0
39482,0
42450,0
10006,0
62978,1
43036,0
47651,1
5005,1
101949,0
73857,0
110283,0
116830,1
51575,0
31218,0
74365,0
46006,1
100180,0
80458,1
11579,1
109774,0
107948,0
114991,0
51420,1
94916,0
19410,0
95354,0
15144,0
74700,0
50474,0
21741,0
38854,0
115169,0
70390,1
90929,0
118030,1
90924,1
118636,0
42074,1
104359,1
1154,0
67386,0
85014,0
78877,1
77551,0
10296,1
38405,1
111666,0
116091,0
86935,0
91501,0
53568,0
41566,1
111211,1
6774,1
78162,0
27786,0
50149,1
104006,1
107455,0
13308,1
15159,0
94645,0
68237,1
88075,0
55385,0
54968,0
104420,1
30668,1
98681,0
36973,0
17287,0
119333,0
53446,0
57659,0
35603,1
112007,1
86079,0
76526,0
11801,0
32926,0
16375,0
2371,1
44964,1
109903,1
90392,0
14077,1
18910,1
56484,1
57608,1
28530,0
4138,0
50806,1
60191,1
68543,1
55856,1
10533,1
75568,0
74347,0
59679,1
37979,0
55269,0
11226,1
71095,1
55009,1
115984,1
79717,1
100917,1
26211,0
13242,1
14019,0
111240,1
115602,0
117596,1
59825,1
24523,0
23035,0
9076,0
83464,1
22147,0
66656,1
25690,0
59716,1
45690,0
107605,1
71281,1
63551,1
25152,0
78834,0
85866,0
84571,0
68119,0
94882,0
61659,1
109670,1
6471,1
56269,1
94216,1
116445,1
92386,0
89550,0
99079,1
39096,1
22449,0
102735,0
52814,1
25411,0
96205,0
92261,0
13442,1
112325,0
101351,1
6920,1
107928,0
28224,0
81533,1
79775,0
52338,0
74631,1
55487,1
39999,0
31478,0
54722,0
79578,0
96752,0
17203,0
8470,1
34046,0
101231,1
22796,1
85254,0
114929,1
98539,0
53756,1
42637,0
95486,1
62250,0
47814,1
91908,0
71807,1
110298,0
32471,0
56396,0
70360,1
77125,0
63949,1
18053,1
43922,1
95897,0
80106,1
24045,0
79612,0
34720,0
19627,0
24425,1
104415,0
32340,1
36749,0
42982,1
67144,0
91393,0
26549,1
47194,0
59504,1
112927,1
24341,1
58329,0
23765,0
38537,1
96465,0
63170,1
118235,0
41896,0
91916,1
71605,1
44317,1
32387,1
115524,0
3798,1
18454,0
97861,1
93871,0
102736,1
59500,1
117302,1
98020,0
118992,0
85199,1
43428,0
74775,1
14784,1
77474,0
22314,0
54944,1
94864,0
76349,0
88809,0
17428,0
7003,1
79754,0
69346,1
85615,0
86943,0
24339,0
21590,0
29407,1
69577,1
101381,1
47336,1
25362,0
26688,0
24397,0
108319,0
48677,1
91745,0
76499,1
71335,1
95609,0
75550,0
100801,0
41048,1
49330,0
36054,0
80917,0
88083,0
38127,0
76161,1
37520,1
75774,1
56418,0
69787,1
76781,1
101387,0
9435,1
61560,0
119071,0
83871,1
4340,0
78973,1
106290,0
30504,0
84555,0
55522,0
102567,0
113093,0
29079,1
37346,0
70829,1
109255,0
31742,1
115460,1
89804,0
88556,0
17437,0
17780,1
90913,0
14238,0
109221,1
91669,0
5138,0
15199,1
71864,1
84495,0
72515,1
39939,1
77060,1
24145,0
86888,0
53626,1
101439,0
112981,0
115762,0
38272,0
85596,0
28760,0
65193,1
84590,0
26553,0
37279,0
86983,0
80923,0
86697,0
77015,0
51360,0
59706,1
83304,0
16808,0
119061,1
9297,1
69431,1
68191,1
59760,1
15499,0
78651,1
11546,1
25026,0
1225,0
101847,0
76935,1
100669,0
77209,0
58313,1
26718,0
57173,1
58929,1
107995,1
35518,0
56289,0
90834,1
14558,0
89325,0
28915,0
40638,1
71598,1
17307,0
4460,0
76146,0
96414,1
24873,0
40705,1
64026,0
35514,0
95759,0
20319,0
43559,0
65593,1
74544,1
92966,0
76736,0
25312,0
114588,0
62205,1
15168,0
86429,0
79409,1
103921,0
81119,1
54962,1
42126,1
88341,1
36384,1
63265,1
66136,1
69933,1
96887,0
18842,0
112115,0
96272,0
82188,0
111267,0
82312,0
95971,0
44699,0
104353,0
35973,0
71128,1
46831,0
31385,0
47665,0
118881,0
105030,0
89001,0
70131,0
61420,1
61829,1
47236,1
72329,1
100309,0
53354,1
69724,0
19847,1
28231,0
9447,1
27293,0
100380,1
83701,0
50977,0
98153,0
78009,0
71256,0
92828,1
4830,1
88682,0
11461,1
24939,0
9736,1
61961,0
109031,1
111903,0
22107,0
92587,0
98279,1
39302,1
48557,1
69974,0
29251,0
80582,1
116426,1
110514,1
22371,0
13398,1
3359,0
99877,0
101014,0
69571,1
12180,1
96366,1
34619,0
67795,1
29762,0
54863,1
24449,0
2650,1
52079,1
88670,0
115650,1
49563,1
26541,1
113691,0
7075,1
119152,0
78143,0
4688,1
96473,0
76756,0
56950,1
6634,0
40120,0
110640,0
44842,0
25558,0
95865,0
110648,1
102182,0
19547,0
56466,1
54812,1
28322,1
55864,1
497,0
35606,0
97437,0
44716,0
48625,1
91611,1
112304,1
16861,0
42036,1
25155,0
37175,0
79309,0
119314,1
6972,0
91506,0
5081,1
70016,1
51675,1
74747,1
2327,0
19886,0
55212,0
50666,0
70180,1
31094,1
39777,0
84717,0
117732,0
67298,1
106348,0
73398,1
61761,1
111630,0
17595,0
34073,0
103925,0
27200,1
115914,0
3524,1
74780,1
5323,1
18159,0
15577,0
45863,0
93033,0
55913,1
57648,0
69735,1
93987,0
85336,0
62732,0
59672,1
115614,0
82862,1
2163,0
70517,1
68650,1
5395,1
24766,0
20831,0
48417,0
60786,1
11964,1
110623,1
29990,0
66982,0
103410,0
41764,0
14371,0
61826,1
14997,1
71404,1
63756,1
36963,0
63254,1
99705,0
38121,0
90705,0
91375,0
103183,0
67465,1
101933,0
98119,0
95421,0
92829,0
26322,0
61970,0
13599,1
102474,1
46891,0
71758,1
59024,1
58783,1
106667,0
88272,0
61710,1
96664,0
54313,0
85610,0
81748,1
2367,0
33658,0
11903,1
56404,0
59851,1
59198,1
104683,0
84986,0
69958,1
93619,0
52229,1
13785,1
15627,0
94507,0
38065,1
86769,0
26101,1
89876,0
69203,0
108227,0
37255,0
109522,1
40546,0
52521,1
15188,1
34847,1
39224,0
24840,0
40093,1
57964,1
84451,0
70231,1
33652,1
113008,0
89741,0
107311,1
51898,0
50378,1
66516,1
35507,1
104703,0
109835,0
117287,1
86447,0
57188,0
852,0
86587,1
24123,0
46889,1
78258,1
17629,0
40284,0
32956,0
17918,0
3449,0
104161,1
3234,1
103067,0
69865,1
62862,1
110945,0
14607,1
116467,0
94690,0
14908,0
50413,1
39062,0
55444,1
8593,1
26701,1
38592,0
55866,0
80578,1
55138,0
94818,1
74024,1
96802,0
98491,1
67532,1
7105,1
11114,1
95184,0
57274,0
18014,1
1469,0
26168,0
95999,1
20401,0
64622,1
118638,0
8518,1
4848,1
11222,1
9726,1
55048,0
57435,0
113218,0
118136,1
79783,0
114344,0
2476,1
4062,1
97407,0
90173,0
70195,1
41085,0
75929,1
108140,0
63638,0
5832,0
13714,0
58048,1
67051,1
20571,1
99117,0
26620,0
13054,1
1943,0
98117,0
63802,1
35482,0
105348,0
28215,1
27508,1
73072,1
104586,1
63238,1
102047,0
43002,0
101135,1
33760,0
47034,0
118084,1
58892,1
22189,0
44065,1
91674,0
91712,0
73779,0
90147,0
12501,1
37959,0
43466,1
25818,0
76503,1
111362,1
29043,0
86867,0
29613,1
119033,0
83815,0
91944,0
16105,0
14400,1
20353,0
51882,1
51633,0
45611,1
40961,0
92713,0
22722,0
107348,0
104296,1
27453,0
37675,0
25335,1
69514,1
47343,1
81413,0
97715,0
81871,1
102253,0
87167,0
51888,0
5619,0
56201,1
117583,0
102962,0
64628,0
26209,0
71359,1
29629,0
27447,1
35597,0
97644,0
115613,0
56656,1
53136,1
13090,1
73927,0
31107,0
96789,0
28095,1
1172,1
42254,0
79589,0
115270,0
26271,1
77726,0
106158,0
86130,0
52168,1
70431,0
38267,1
92501,0
50176,1
79452,1
88453,1
81862,1
1610,1
90298,1
115799,0
2232,0
74088,1
115418,0
82636,0
53109,1
111,0
108155,1
20378,0
6798,0
8503,1
86517,0
26802,0
25046,1
117672,1
107521,1
17310,0
26155,0
7548,1
74921,0
17210,0
91807,0
88054,0
82260,0
112494,1
78903,0
17234,0
36785,0
68990,0
7292,1
118773,0
1679,0
87992,0
70232,1
8868,0
31378,0
86127,0
40250,0
41960,0
96165,0
67644,1
92131,0
92596,0
66617,1
67084,1
109321,1
23802,1
74733,1
75100,1
23205,0
8317,1
90540,0
54776,0
60016,1
93701,1
39674,0
59158,1
88474,0
60902,1
14910,0
9060,0
97866,0
33381,0
16668,0
100381,0
111698,0
118407,0
110364,0
20373,0
90508,0
66976,1
1229,1
66929,1
14007,0
43940,1
108385,0
69152,1
84145,0
87908,0
80227,0
6491,1
88586,1
45302,0
98807,0
33603,0
101672,0
99518,0
39306,0
93578,1
91834,0
11810,1
46967,0
42536,0
7535,1
70628,1
103661,0
96800,0
116295,1
32446,1
114050,1
95849,1
84336,0
46009,1
73765,0
77272,0
107640,1
113893,0
96050,0
1858,0
82957,0
15812,1
57093,1
25914,0
27512,0
61718,1
2409,0
71686,1
9303,0
96083,0
3163,1
56482,1
70879,1
106631,1
92780,0
35434,0
97254,0
97793,0
84684,0
69641,0
43912,1
80999,0
32230,1
2976,0
69355,1
52974,1
93384,0
10186,0
117618,1
55971,0
108700,0
31352,1
96953,0
85278,0
75873,1
29384,0
71721,1
40726,0
6627,0
17421,0
92620,1
93807,0
10462,1
55274,1
20760,0
18199,0
9434,1
23092,1
73943,0
1107,1
29998,0
83541,1
8930,1
64946,1
2187,1
99157,1
1163,1
104461,0
76857,1
50643,1
58284,1
29465,0
16569,1
7404,1
47898,1
93830,0
83956,0
2053,0
79161,0
25303,0
47177,0
87053,0
16728,0
89571,0
69734,0
100095,0
78527,0
110266,0
59401,0
51492,1
30521,1
16838,0
82089,1
60125,0
60404,0
106858,1
93705,1
13207,1
62623,1
23859,0
92043,1
75030,0
29237,0
21635,0
47296,0
3424,0
1819,0
101903,0
55661,1
83285,0
77022,0
31022,1
19094,0
494,0
7913,1
55830,0
77027,0
97973,1
67563,1
16151,0
114729,0
83952,0
89040,0
1103,1
52659,1
95648,0
66437,1
8688,1
2611,1
35186,0
79445,1
68693,1
18726,0
56273,1
59732,1
31665,0
34580,1
108708,0
85433,0
36213,0
64592,1
40641,0
92319,0
101644,0
78103,0
14810,1
83044,0
26525,0
99895,0
61173,1
68280,1
72780,1
11861,1
35742,0
16065,1
15953,0
41972,0
84689,0
89688,0
58676,1
81130,1
57625,1
18403,0
67870,1
89926,0
3501,1
54185,0
112660,1
68845,1
4050,1
115064,0
17486,0
40303,0
42788,1
18595,0
8453,0
51291,0
19241,0
14949,0
82087,0
41268,1
99149,0
94454,1
62763,0
15971,1
56511,1
48638,1
115411,0
109665,1
36633,1
13531,1
70736,1
114512,0
114569,1
42189,0
92010,1
21647,0
78738,0
89685,0
760,0
109294,1
110915,0
110822,0
98485,0
109980,0
34051,0
58486,1
93580,0
34468,0
46139,0
32383,1
60907,1
10155,1
67874,0
53707,1
37524,1
21776,0
38224,0
60182,1
85023,0
51574,0
78881,0
119139,1
15200,1
88757,0
103390,0
10859,1
58106,1
60987,0
64272,1
21989,0
49854,0
28934,0
114238,0
26676,0
100859,0
99367,1
3044,0
906,0
100246,0
95622,0
9351,0
65061,1
110321,0
82582,0
57140,1
43264,0
46228,0
57868,1
17004,0
59081,1
25770,1
29355,0
104468,0
115935,0
86922,1
102280,0
50779,1
104794,1
56851,1
16300,0
17290,0
25783,0
84508,0
99648,0
75651,0
103941,1
79992,0
113606,0
78286,0
20966,0
8253,1
71772,0
18774,0
98276,1
65058,0
72807,1
38053,1
67879,0
83196,0
43649,0
85827,0
56307,0
16706,0
51617,0
15533,0
78469,0
115838,1
110517,1
53435,0
79296,0
51226,0
89885,1
50147,1
88735,1
33024,0
55563,1
84539,0
34192,1
54190,1
35456,1
10480,1
31403,1
27968,0
64503,1
36784,0
19345,0
104188,0
54269,1
25255,0
57478,0
44827,0
4334,1
27625,1
85697,0
43896,1
49126,1
50517,0
94654,0
53879,0
19951,0
74688,1
48622,0
58096,1
12991,0
19885,0
117884,0
104525,0
76137,1
40727,0
47998,1
35350,0
58687,1
97968,0
67461,1
105201,0
51722,1
49296,1
19844,1
28193,1
13774,1
24432,0
62040,0
56172,1
11145,1
51903,0
17689,0
48928,0
51718,1
97035,0
29134,1
39326,1
58400,1
102541,0
9340,0
115884,0
106092,1
87103,0
64015,1
59556,1
41488,0
27091,1
88911,0
116801,1
116319,0
18433,0
36270,0
26804,0
60123,0
16934,1
105009,0
99841,1
9323,1
84641,0
111862,0
37917,0
84921,1
16501,0
97030,1
63287,1
6168,1
25712,0
103535,1
103653,0
77472,0
31449,0
151,1
38071,0
62032,0
36843,0
39589,1
47914,0
56199,1
70878,1
16178,1
20973,0
110778,1
51771,1
101017,0
27732,1
10272,0
48244,1
97694,0
22274,0
69606,1
107162,0
12193,1
7395,1
77457,0
98635,0
51507,1
18773,0
72962,0
84236,0
72456,1
35714,0
99337,0
73066,1
19585,0
41597,1
111683,0
2718,0
71365,1
34315,0
13690,1
43343,1
22296,1
68913,0
65453,0
75117,1
106543,0
9267,1
16235,0
89156,1
99238,0
71875,1
43225,0
118934,0
119244,0
4447,0
109069,0
66219,1
70171,1
80550,0
80628,0
35045,1
23010,0
39167,0
11832,1
8644,1
53556,0
118485,0
15820,0
65034,0
1831,1
9173,1
95494,0
106909,1
114354,1
16930,0
62021,1
43170,0
12195,0
15269,0
13391,0
37855,0
18790,0
63957,0
87018,0
33573,0
119131,0
92658,0
89733,0
115819,0
94926,0
47924,0
69790,1
29409,0
106130,0
34610,1
22860,0
586,0
249,0
76965,1
117264,0
86480,0
84512,0
67442,1
8283,0
48234,0
100002,0
98704,0
115488,0
76239,1
24671,0
63314,1
69812,1
54550,1
61344,0
99492,1
72264,1
86244,0
54397,1
90214,1
33033,0
41246,0
57907,0
76758,0
30796,1
30775,0
39009,0
54830,0
84622,0
23029,0
56209,1
65046,1
15039,0
35959,0
89309,1
69274,1
25845,0
25272,0
37770,1
95956,1
66202,1
111504,1
12392,1
109232,0
113235,0
97652,0
65981,1
105849,0
92313,0
6583,0
102903,0
26301,0
54375,1
42791,1
88010,0
54885,0
94574,0
71658,1
42243,0
46772,0
35914,0
28772,0
67395,0
60266,1
88886,1
114493,0
9370,1
72112,0
3880,0
13247,1
66252,1
52599,0
102812,0
26351,1
13524,1
54323,0
72396,1
2473,0
44956,1
63176,1
95503,0
77012,1
1912,1
28747,0
69460,1
18570,0
61277,1
73471,1
70254,1
116673,1
31399,1
113901,0
10967,1
4856,1
63355,0
62759,0
36881,0
95606,1
117869,1
17185,0
97189,0
94268,0
104598,0
51569,0
68777,1
116382,1
46683,1
78034,0
97491,0
505,0
15057,0
36284,1
59257,0
112254,0
115768,1
67103,0
71005,0
119063,0
20166,0
13578,1
4083,1
114855,1
80941,0
75603,1
82333,0
96478,0
24018,0
11022,0
58391,1
117190,0
53869,1
61274,0
6062,1
54468,0
41159,0
64863,1
9956,1
55114,0
98317,0
117980,0
42775,0
116699,0
31322,1
19731,0
68,0
54676,1
12063,1
49859,0
13902,0
22938,0
106433,0
44743,1
66093,0
49006,1
20454,0
12181,0
81149,0
116527,1
76419,1
97395,0
103665,0
80451,1
97911,0
67101,1
94348,1
90737,1
94595,0
45729,0
82936,0
58562,0
38142,1
21848,0
49053,1
61623,1
65576,0
115847,0
16002,0
19134,0
88217,0
81194,0
72635,0
59797,1
53665,0
10190,0
10015,0
62633,1
27791,0
16391,1
10251,0
108871,0
33458,1
35998,0
45853,0
88554,0
26186,0
13827,0
64215,1
46617,1
2284,0
114613,1
100104,0
16582,0
77268,1
11604,1
96656,0
45344,0
41985,0
44360,0
9740,1
112330,0
103737,1
51559,0
883,1
105391,0
51126,1
99199,0
40721,0
88791,0
20505,1
60046,1
109725,0
85474,0
85189,0
50441,1
104380,0
5608,0
10730,0
6433,0
106426,1
64852,1
70173,1
88746,0
80970,1
36884,1
78545,0
83899,0
4002,1
95803,0
109978,1
44662,0
53086,1
96530,0
115551,0
73524,0
110150,0
97457,0
115159,1
110538,0
67301,1
107257,0
115323,0
9577,1
62085,1
81610,0
82579,1
81598,1
26911,0
113010,0
37137,0
57492,1
21860,0
94107,0
27789,0
113335,0
38616,0
90372,0
54195,1
48851,0
88508,0
99307,0
31659,0
112147,1
95200,0
84723,0
80056,1
82846,1
71385,1
35549,0
17137,0
15913,0
105027,1
39079,0
63343,0
82314,1
65960,0
57562,1
44507,1
6866,1
64122,1
77678,1
112198,0
59143,1
84809,0
63182,1
105811,1
49495,1
48770,1
59110,1
91436,0
97828,0
27973,1
97,0
79736,0
46958,1
105241,1
81601,0
81532,0
30591,0
61428,0
95774,0
86491,0
105793,0
69360,1
26121,0
44616,0
54659,0
105823,0
55168,0
90884,0
100459,0
18391,0
45980,1
52242,1
61407,1
33424,0
67843,0
111305,0
89155,0
82073,0
47890,0
87614,0
33414,1
16386,0
8846,0
108247,0
68807,1
70803,1
39948,1
90851,0
48356,1
116604,0
106528,0
24984,1
89274,0
13232,1
77936,0
104510,1
101594,0
86641,0
28824,0
29860,1
78,1
119042,1
46763,0
73530,1
95557,1
69107,1
87717,0
5078,0
30947,0
11743,1
99520,1
88182,0
22332,0
79595,1
41330,0
51452,1
57794,0
117204,0
55713,1
3661,0
6771,1
54846,1
20081,1
4273,1
73861,0
106189,0
67255,0
79572,0
18782,1
40410,1
94683,0
41058,1
118762,0
30783,0
18443,0
10099,0
28967,0
47527,0
101793,0
27435,1
98423,0
45091,1
64126,1
98484,0
40594,1
43616,0
114076,1
47018,0
77002,0
22354,0
46849,0
106648,0
30073,0
58058,1
104037,0
38107,1
60640,1
86472,0
88667,0
50550,0
153,1
37757,0
55250,1
37012,1
8401,0
15239,1
4751,1
102613,0
57869,1
1333,0
60335,1
71991,1
97546,1
62481,1
13946,0
61979,0
27403,1
34255,0
112181,1
8008,1
43522,0
39814,1
39480,1
90061,0
109583,0
76301,0
24945,0
9164,1
112971,1
84901,0
41310,0
18401,0
60979,1
56123,0
108373,0
71698,1
107946,0
1267,0
36378,1
55348,1
27345,1
104374,1
44358,0
21258,0
33177,0
3209,0
40914,0
61387,1
41577,0
59964,1
89521,0
42841,0
107056,1
107615,0
79532,1
28968,1
64279,1
16325,0
24969,1
34212,0
77992,1
77494,0
9959,0
4555,0
66214,1
99798,0
24259,1
1747,0
103070,0
11607,1
54941,1
32810,0
23502,0
37303,1
31813,0
5764,0
32822,0
68921,0
116817,1
96540,1
117983,0
71596,1
88534,0
78473,0
9685,1
36812,0
115603,0
52400,1
26951,1
2253,0
93680,0
85377,0
116086,1
7525,1
115883,0
32339,0
80513,1
30531,0
13809,1
69665,1
19409,0
92297,0
94665,0
66321,0
42219,1
82153,0
4541,0
25610,1
30859,0
115562,1
79937,0
81572,1
77824,0
42633,0
91234,0
78278,1
70928,1
103213,0
93447,0
37200,1
110299,0
48978,1
31992,0
12162,1
58137,1
16223,0
110460,0
64866,0
113837,0
26585,0
100829,0
48825,1
15368,0
33556,0
119130,1
46678,1
31310,0
90571,0
38235,0
74922,0
30099,1
41030,0
9458,1
20136,1
12496,0
20117,0
40202,1
53451,1
77130,0
101760,0
25848,0
43014,0
76549,0
100855,0
69286,1
57897,1
70138,0
112730,1
36694,0
112155,0
17875,0
59949,1
39530,1
83150,0
87256,0
21817,0
67794,1
1875,1
17011,0
49518,1
50289,1
112401,0
46894,1
20600,0
106761,1
72755,1
4345,0
105226,1
4492,1
51702,1
50888,1
44868,0
4031,1
15739,0
10671,1
24938,0
73443,1
24518,0
71975,1
34107,0
58609,0
15917,0
29377,1
67310,1
100182,1
16220,0
96935,0
67077,1
79731,1
18052,0
79684,0
39852,1
103474,0
41320,0
4771,1
37899,1
115941,0
94054,0
119169,1
103111,1
118197,1
82036,1
19676,0
56102,1
5938,0
32640,0
11262,1
110647,0
87089,0
71580,1
103469,0
40061,0
34076,0
35983,0
111476,1
109424,1
29115,1
28370,0
113860,1
105935,0
100079,0
55552,0
67028,1
11511,0
87069,1
42750,0
65201,1
108620,0
2136,1
116565,0
62308,1
5575,1
67297,1
63077,0
107298,0
81674,1
102305,0
35991,0
90561,0
74414,1
55040,1
49690,1
79685,0
69033,1
102765,1
12346,0
73870,1
75147,1
17699,1
90112,0
100769,1
114228,1
50363,1
49610,0
37871,1
20561,0
104633,0
74865,1
99406,0
34570,0
99119,0
17348,0
39609,1
33452,0
108515,0
115431,0
68211,1
980,0
117919,0
57661,0
89544,0
111696,1
85784,0
50612,0
40814,0
71484,1
40267,0
106570,1
23595,1
112436,0
689,1
85867,0
84393,1
6664,1
94863,0
74836,1
55743,1
27427,1
11610,1
70777,1
81060,1
111277,0
118552,0
78875,0
90097,0
26478,1
36084,0
111534,0
1703,1
85457,1
81944,1
55706,1
54252,1
57286,0
77433,0
48307,1
70378,0
19225,1
7569,1
48728,0
23425,0
50970,0
17473,0
67068,0
19861,0
61085,1
13117,1
64846,0
45356,1
99333,0
49344,1
49214,1
21949,0
23994,0
16549,1
16820,0
33553,0
11855,0
68683,1
841,0
100207,0
52780,1
59154,1
34246,0
62942,1
42481,0
74199,1
2498,0
83877,1
31208,1
111955,0
115378,0
16307,0
85678,0
94757,0
27299,0
66377,1
33768,0
56594,0
57210,1
12865,0
16786,1
72258,1
13547,1
27203,1
109886,0
68883,0
25511,1
47458,0
31011,0
35284,0
40887,0
4801,1
74639,1
89099,0
34614,0
43796,0
109552,0
21924,0
38812,1
49407,0
20926,1
41895,0
87432,0
102585,0
83251,0
108390,0
55811,0
103353,0
49431,1
80875,0
27733,1
54527,1
34834,0
39888,0
50269,1
26297,1
56338,1
49290,0
78793,0
17985,0
8770,1
116285,0
95295,0
60012,1
22907,0
15792,0
98322,0
79075,0
50402,0
80769,1
56710,0
66813,1
84334,0
106995,0
45948,0
41548,0
35058,0
15022,0
34921,0
3906,0
97328,0
87339,0
52535,0
10758,1
108805,0
97713,1
12509,1
30251,1
33207,0
63491,1
102999,0
45910,0
19817,0
69149,0
23539,0
107149,0
60713,1
97018,1
116667,0
18256,0
95822,1
73252,1
36229,0
48050,1
53912,0
47861,0
111827,1
25023,0
20379,0
46377,1
16264,1
20807,0
54315,0
67781,0
116803,0
116721,0
43030,0
28418,1
42033,0
47048,1
109796,0
22606,0
53658,1
29855,0
74715,0
11036,1
89590,0
2412,1
23738,1
113467,0
47837,0
88551,0
47673,0
95172,0
33210,0
45364,0
107420,0
71486,0
38031,0
52062,0
50116,0
100099,0
42449,0
84384,0
110300,0
60041,1
112333,0
96430,0
52222,1
23617,0
82581,0
101841,1
6200,0
90649,0
42512,0
92904,1
22719,0
95043,1
47376,0
115647,0
48254,0
53528,1
37971,1
64807,1
18359,0
112433,1
25106,1
91329,0
4718,1
21866,1
70303,1
57820,1
40857,0
68227,1
54930,0
36792,0
86241,0
20649,1
70971,1
25502,0
50143,1
75459,1
41706,0
16418,1
109727,1
114074,1
88276,0
87789,0
24005,0
103103,0
56267,1
3040,0
45934,0
96706,0
101512,0
72628,0
91446,0
57460,0
11738,1
32058,0
57590,0
23470,0
91753,0
63450,1
90239,0
62588,1
34506,0
35817,0
59522,0
31348,0
102525,0
70634,1
113435,1
110221,0
100286,0
10044,1
1222,0
98730,0
90269,0
86047,0
86320,0
20491,1
60392,1
12374,0
68425,1
88336,1
112687,1
53656,0
93789,0
33828,1
80448,1
56240,1
18699,0
14032,0
19668,0
28855,1
87781,0
84076,0
102754,0
80559,0
40505,1
47136,0
44952,1
103507,1
56341,1
76426,1
105334,1
77211,1
111771,0
49409,0
49385,0
72166,1
99712,0
64785,1
117649,1
60479,1
90444,0
116906,0
72108,1
98953,1
100529,0
49015,0
22061,0
9879,0
93537,0
64855,0
92393,0
57560,1
40588,0
79605,0
23826,0
92697,0
98335,1
46951,0
108737,1
41510,0
32052,0
3243,0
82323,0
79680,0
52013,0
51155,1
113617,0
46749,0
74959,1
44316,1
97152,0
110510,0
4150,0
21957,0
74445,1
95061,0
89809,0
70012,1
54777,0
44673,0
58824,1
66114,1
31349,0
104553,0
16181,1
100647,1
88910,0
23805,1
91735,0
93024,0
17541,0
66620,1
85920,0
16951,0
107938,1
77804,0
114283,1
44209,0
27364,0
37062,1
118122,1
104131,0
99452,0
6492,0
21051,1
94241,0
60026,1
101917,0
1821,0
12731,0
23031,0
11646,1
53736,1
28096,1
10636,1
11833,1
26844,0
21597,0
23969,0
110622,0
74047,1
25156,1
55300,1
82652,0
71703,0
63660,1
1136,0
79820,0
56047,0
97327,0
33041,0
9198,0
55800,1
46981,0
33598,0
85740,0
11468,0
47905,0
1348,1
31585,0
88302,0
90925,1
9357,0
57025,1
88677,1
114863,0
79458,1
99851,0
74855,1
110220,0
114951,0
10378,1
48418,0
44714,1
79334,0
107611,0
60322,1
43825,0
320,0
39029,0
74336,0
2835,0
83447,0
44287,1
85735,0
78513,0
52038,1
31264,1
71786,1
107045,1
50437,0
117050,0
112765,0
115556,1
5492,0
13989,0
72002,1
94905,0
25470,0
100462,0
75616,0
69563,0
72875,1
12798,1
10614,1
76801,0
91122,0
14069,1
12128,1
99021,0
119318,1
15366,0
39364,1
116518,0
25982,1
37701,1
4605,1
18592,1
78849,0
83590,0
80801,0
99261,0
117564,1
4647,0
26599,1
12656,0
26223,0
103987,0
5170,1
104919,0
9017,0
17008,0
114905,0
51813,0
3638,0
111232,1
86385,0
50068,1
48502,0
12116,1
97003,0
84261,0
157,0
63121,1
116867,1
75993,1
34700,0
58406,1
25803,0
20370,0
117542,0
7733,1
40152,0
88697,1
42382,1
47319,1
57847,0
59428,1
47040,0
63962,1
106387,0
74300,0
13418,1
116387,1
58393,1
17891,0
58030,1
116218,0
96510,0
20134,1
101491,0
82997,1
25978,0
94536,0
101413,0
41276,0
116083,0
21458,0
104507,1
38050,0
40984,1
63585,0
81807,1
44998,1
115018,1
15942,1
24302,1
31858,1
37337,0
54811,1
48264,1
53651,0
113997,1
48442,1
70626,1
49329,1
32067,0
23964,0
48773,0
21826,0
64231,1
80229,0
76464,1
1834,0
52146,1
44764,1
112530,0
4169,0
110334,0
86582,0
48183,1
92974,1
2722,1
79206,0
19437,0
77675,0
25571,0
102576,0
28983,0
66689,1
6776,0
54334,0
36921,0
31908,1
112125,1
92115,1
60143,1
45242,1
109717,1
114185,0
6497,0
97559,0
71099,0
15233,0
11383,1
118734,0
68615,1
11972,1
106315,0
70570,0
53784,1
43805,0
71487,1
5031,0
39843,1
69078,1
79291,0
102898,0
98816,0
67004,1
5198,0
8792,0
32192,0
39797,0
113739,0
31377,0
44768,1
102342,0
118894,0
66743,0
92254,0
97171,1
64022,1
79687,0
64431,1
57363,1
18916,0
50906,0
108490,0
33831,0
95369,0
114473,1
78948,0
38309,1
101030,0
61456,0
62218,1
101912,0
27549,0
33025,0
71176,0
104955,1
11800,1
49492,1
11243,1
71102,0
49335,1
28857,0
37609,1
73493,1
8115,1
94491,1
52201,1
71633,1
115661,1
62557,0
20437,1
54505,0
94837,0
104403,0
107118,0
93650,0
21575,0
100448,0
94303,1
75814,0
40609,0
70490,1
16622,1
102936,0
76321,0
107977,1
24589,0
95265,1
87899,0
84353,0
2372,1
113398,0
65429,0
116109,0
44158,1
84262,0
83513,1
30230,0
93829,1
84564,0
76621,0
50884,1
27552,0
61024,1
113145,0
119080,0
42043,1
55728,0
39979,0
38266,0
93166,0
80375,1
45807,0
23076,0
118737,0
71364,1
59733,1
62528,1
67640,1
81848,1
112903,0
104847,1
18101,0
79134,0
98163,0
87891,0
18270,0
11366,0
35807,0
19514,0
79325,0
65558,1
36067,0
101542,0
60091,0
115891,0
57159,0
111873,0
23600,1
16976,0
104082,0
102630,0
70983,1
14691,1
82288,0
72256,1
22900,0
86705,0
108401,1
29259,0
55153,1
45304,0
20364,1
30071,0
52276,0
103085,1
70388,1
83119,1
42915,0
48320,0
1947,0
35874,0
104931,1
56716,1
89929,0
6925,1
82023,1
72243,1
37509,0
113876,0
73704,1
63211,1
92695,0
30717,0
92307,0
20444,0
7013,1
57170,1
57164,0
21739,0
45187,0
23870,1
100782,0
69572,1
32154,0
118171,1
12278,1
24616,0
104278,1
112951,1
105151,0
96051,0
111469,0
94053,0
89939,0
100900,1
65182,1
9390,0
116969,1
69,0
33170,0
46237,0
78796,0
112389,1
22006,0
78003,1
35980,0
68840,1
15349,1
109454,1
8037,1
107649,0
97928,1
5881,0
101937,0
52990,0
106970,0
71220,1
42102,0
46273,0
72316,1
8139,1
34014,0
36690,0
97665,0
86733,1
41456,0
118179,1
36980,1
7969,1
47449,1
13608,1
87461,0
75474,1
85764,0
116668,0
75469,1
69421,1
15397,0
113066,1
65374,1
117630,1
55072,1
19457,0
110267,1
4823,1
80591,0
44021,0
50191,1
41380,0
40467,0
18600,1
74212,1
105722,0
118635,1
4323,1
111449,0
118973,1
6614,1
69908,1
39276,1
71148,1
111030,0
54102,0
35315,0
63181,1
86389,0
89078,0
2294,0
111192,0
64833,0
104463,0
80164,0
48279,0
107705,0
45667,0
39949,0
72756,1
69941,1
106732,1
61871,0
7768,0
86441,0
57160,1
14253,1
116264,0
76858,1
76962,1
23963,0
47452,1
61549,1
40938,0
94434,0
4148,0
41304,0
93468,0
56509,1
61988,0
10471,0
53276,1
77853,0
3481,1
40768,0
20306,1
91733,0
68916,1
72688,1
55764,1
100916,1
110162,0
97132,0
52308,1
84987,0
36203,0
108364,0
103772,1
65758,0
116674,1
11936,1
33178,0
43433,0
89026,0
50425,0
88626,0
62753,0
97462,0
16665,1
103698,0
15401,0
113749,0
7354,1
41472,0
68011,1
86591,0
101739,0
114127,0
94873,1
72959,1
48259,1
65414,1
19390,0
38983,1
84476,0
1430,0
107280,1
37864,1
55608,1
117062,0
68185,1
63475,1
113732,0
60254,1
14905,0
108591,0
20695,1
3226,0
42445,0
35803,1
110151,0
843,0
82969,0
66441,0
86450,0
33051,0
53532,1
11626,1
52147,1
32486,0
30912,0
59448,1
13846,0
105813,1
7789,1
5907,0
101304,0
15510,0
104104,1
1914,0
70924,1
28547,0
115760,0
18060,0
117383,1
37242,1
32837,0
107711,0
108815,0
3890,0
94696,0
40819,0
12319,0
22290,0
7076,1
86656,0
73012,1
25264,0
9641,0
62302,1
4195,1
17424,0
32888,1
61656,1
95351,1
58584,1
72508,1
85132,0
103640,0
77818,0
17419,0
35730,0
65977,1
111039,0
35858,1
85418,0
11637,1
47042,0
95512,0
83207,1
31170,0
74649,1
62158,1
37540,1
72286,1
32367,0
18352,0
19892,0
117850,1
105984,0
63501,0
38776,1
34664,0
48558,1
70731,1
117822,0
27586,0
69335,1
83136,0
113970,0
106802,0
12871,1
75573,0
101924,0
50559,1
31458,0
34763,0
21329,0
108165,0
54831,0
112898,1
29059,0
103844,1
75477,1
39164,0
12455,1
109695,0
82183,0
104367,0
12363,0
66725,0
92415,0
31417,0
66623,1
2225,0
6070,0
89372,0
20095,0
68201,1
14737,1
42777,1
29293,1
48289,0
112437,1
113560,0
10837,1
85170,0
10970,1
58583,0
32499,0
5258,0
70722,1
21509,1
93457,0
40401,0
1730,1
27039,0
55054,1
104559,1
100314,1
93092,0
95833,0
34631,0
79227,1
20914,1
117756,1
106280,0
32502,0
94510,0
109575,1
112153,1
71408,1
26654,0
107566,0
64253,0
44315,1
94143,0
30365,1
113209,1
28,0
48095,1
113498,1
21443,0
50867,0
77837,0
5433,1
32770,0
117057,1
70997,0
17509,0
93679,0
10191,0
32596,0
77286,0
2226,0
101222,0
48429,0
109327,0
108553,0
73579,1
12311,0
31270,0
19244,0
20169,0
99634,0
12186,1
67549,1
26102,0
99203,1
34333,1
71245,1
89170,0
107211,0
77056,1
33423,0
33195,1
102421,1
8702,0
115964,0
25825,0
75372,1
19124,0
4455,1
70094,1
95946,1
14589,0
114141,0
42448,0
43634,0
104756,1
114959,0
36344,0
98230,0
86800,0
19037,0
94502,0
5458,1
39453,0
119357,0
22261,0
45439,0
52280,0
108791,0
50341,1
68891,1
5591,0
105338,0
28920,0
60985,0
68622,1
10382,1
11011,1
102333,0
89450,0
103505,0
35126,1
41751,1
74241,1
30571,0
112513,0
34491,0
110235,0
18360,0
85876,1
282,1
50175,1
64843,0
49722,1
50937,1
93678,0
117817,1
116658,0
36695,0
44490,0
28099,0
101217,0
17281,0
55451,1
31844,0
18609,0
106680,0
13372,1
92473,0
30289,1
19009,0
10521,0
111079,0
83430,0
54191,1
90996,0
33330,0
34080,0
69891,1
45229,1
93741,1
59893,0
39239,0
40816,0
57704,1
101139,0
105626,0
36481,0
74805,0
27243,0
28124,1
81302,0
40313,0
56426,0
72601,1
100204,1
22591,0
91310,0
110904,1
7308,1
87310,0
32739,0
46643,1
30716,0
54730,0
12780,1
3145,0
107920,0
80795,1
4533,0
3158,0
50360,1
67780,0
64928,1
88106,1
76166,1
74158,1
53866,1
119260,1
100558,0
78813,0
10491,0
98300,0
62816,1
11835,1
113950,0
55579,0
9870,1
109790,0
81967,1
59259,0
1598,0
113006,1
88437,1
79192,0
59121,1
20958,0
15542,1
23115,1
76322,0
76220,1
110600,1
21368,1
74507,1
97167,0
31997,1
17346,0
16823,0
564,0
75239,1
98054,0
102594,0
77637,0
100183,0
91106,0
92592,0
15063,0
58042,0
66056,0
4826,1
108742,1
90812,1
115303,0
5607,0
47142,0
35738,0
29011,0
27914,0
114415,0
31544,0
105546,1
118263,1
80473,1
103756,1
24832,0
72998,0
24303,1
60934,0
51860,0
11504,1
89986,0
23556,0
98873,0
44301,0
92852,0
22592,1
3982,1
37005,0
42306,0
13573,1
95998,1
117723,0
114856,1
61944,1
37250,1
25821,1
15793,0
46794,0
92521,1
52923,1
24015,0
49254,1
60380,1
77895,0
82817,1
43208,0
57451,1
97581,1
82369,1
56386,0
111107,1
51373,0
43066,0
117043,0
108847,0
92290,0
109617,1
35378,0
85815,1
4792,0
14928,0
31647,0
62591,1
81816,1
27043,0
117251,0
104279,0
27933,0
27678,1
40351,0
101242,0
75456,1
18402,0
15918,0
71278,1
81268,1
92571,0
25001,0
76646,0
32559,1
55402,0
20097,0
84023,0
62177,0
97863,0
66075,1
33454,0
28402,1
597,0
81462,0
21808,0
2845,0
8445,0
17640,0
10108,0
81291,0
50819,1
31947,1
87015,0
56629,1
118211,0
106706,0
9459,1
101095,0
2540,0
84200,0
38133,0
12069,0
103107,1
72775,1
27753,1
44912,0
58797,1
26113,1
102084,0
80284,0
24584,0
68729,1
103349,0
48812,1
58177,1
34740,0
90596,1
78839,0
15475,0
88986,0
46364,1
47696,0
93449,0
21850,0
34663,0
100345,0
47643,0
47346,1
41181,0
101364,0
89363,0
83638,0
68137,1
66876,1
105946,0
83148,1
28430,0
65371,1
118262,0
100423,0
16555,1
33935,0
93422,0
88672,0
44526,0
108129,0
19553,0
93579,0
28764,0
41550,0
71808,1
78907,0
51518,0
39545,0
19567,0
73195,1
6927,0
18627,0
86433,0
8521,1
21351,0
52871,1
19109,0
107265,0
84681,1
8719,1
99569,0
28899,0
72222,1
45983,1
82744,1
64036,0
3544,0
114155,1
75102,1
12376,0
60386,1
71754,1
94424,0
95255,0
20420,0
76971,1
37607,0
28793,0
60309,1
80396,1
44339,0
9556,1
98531,1
51283,0
73327,1
62912,1
64671,1
86984,0
105945,0
37665,1
113299,1
97374,0
30844,1
38459,0
43376,0
33372,1
113172,0
103222,0
103636,0
88515,1
29912,1
8981,1
53514,1
18582,0
114585,0
66665,1
107168,0
1773,0
88192,0
78357,0
55662,1
7159,1
16605,1
100021,0
95724,0
108773,0
109754,0
40001,0
74854,1
17553,0
79059,0
46503,1
70667,0
60101,0
29245,1
23,0
42528,1
73977,1
58238,0
39337,1
98347,0
93083,0
76463,1
27467,1
2267,0
109370,0
117877,1
41077,0
59006,1
31319,0
46473,1
65750,1
83451,1
28254,1
62055,1
67093,0
65968,0
101780,0
114582,0
86946,1
97392,0
90733,0
64368,1
92729,1
47581,1
58091,1
54403,0
46598,1
56559,0
17094,1
66265,1
10833,1
89168,1
14126,0
117338,0
108638,1
118794,0
112247,1
93766,0
20311,0
24802,1
87174,1
22005,0
18400,1
54158,1
50348,1
59890,1
52284,1
31118,0
32255,0
38783,1
84142,0
44227,0
10552,1
91032,0
95754,0
69427,0
25416,0
460,0
84452,0
3398,1
95068,0
7370,1
112117,0
32456,0
46686,0
72701,1
63436,1
76687,0
85597,0
44182,0
27189,1
100137,0
117191,1
18453,0
39891,0
90711,0
59320,1
75675,0
84690,1
115601,0
103310,0
82092,0
75731,1
110838,1
40423,0
37916,0
12647,0
20269,0
100070,0
57978,0
73622,1
27252,1
99365,1
59932,1
118899,0
57035,1
33500,0
62926,1
85860,0
110619,1
46418,1
45798,0
58670,0
20202,0
73053,1
15050,0
69434,1
68359,1
36649,0
79935,0
61793,1
70205,1
106144,0
27830,0
63594,0
31246,0
21170,0
61602,1
64573,1
95449,0
71217,1
102251,0
20738,0
113285,0
22525,1
89943,0
48965,1
98154,1
66586,0
56926,1
44535,0
10780,1
106171,0
11002,0
22427,0
63496,0
93645,0
74657,1
88257,0
32136,1
30997,0
109901,0
42961,0
64414,1
70364,0
10914,1
74429,1
112387,0
95952,0
66854,1
64642,1
93145,0
93232,0
61172,0
45383,0
27273,0
74719,0
101663,0
57011,1
108072,0
47074,0
21137,0
25379,0
8716,1
86211,0
27863,1
86583,0
56745,1
81503,0
92645,0
5002,0
112461,1
22519,0
68225,1
58,0
8442,1
44166,0
29402,1
41000,0
71775,1
98107,0
67914,1
101659,1
70024,1
21082,0
14794,1
76763,1
76200,0
118941,0
68060,0
36855,0
69529,0
90718,0
89052,0
9266,1
12515,1
91683,0
30843,1
71666,1
109920,1
113354,1
89237,0
80907,0
117989,0
99739,0
18563,0
7741,1
70702,1
21193,1
75202,1
42125,0
29234,0
109985,1
3242,0
63272,0
43502,1
83296,0
19235,1
81602,0
86910,0
13091,1
10609,1
43640,0
95194,0
27795,0
81435,0
88715,1
24199,1
48147,1
102550,0
21653,0
6203,0
103795,0
34450,0
10757,1
22874,1
30557,0
22505,0
55687,1
83003,1
70788,0
86036,0
9038,0
42113,0
59753,1
90685,0
51108,1
60972,0
92837,0
13316,0
25772,0
69207,0
57697,1
56666,1
71572,1
43832,1
53466,1
18066,0
25049,0
69697,1
97375,1
59707,1
29441,0
39976,0
56891,1
60726,0
17806,1
6459,1
114080,0
99430,0
74369,0
103762,0
61896,0
99578,0
34172,0
36399,0
36179,0
84589,0
17693,0
93216,1
113365,0
109331,0
79673,0
39534,1
78869,0
14204,1
53911,1
28320,0
44568,0
105462,0
79933,0
9828,0
99997,0
103197,0
88607,0
14220,0
62095,1
33106,1
109067,1
18848,0
87479,0
94838,0
112572,0
119215,1
110651,0
86633,0
44055,0
15541,1
45882,0
32102,1
23312,0
102506,0
9031,1
54305,0
37865,0
37710,0
54400,0
63147,1
51832,0
21222,0
53362,1
106367,0
116228,1
85233,0
39652,0
113241,0
106709,1
59657,0
17523,0
41787,0
114895,1
112859,1
14380,1
28458,1
95876,0
16439,0
102667,0
117508,1
25762,0
8507,1
39587,1
82005,1
49769,1
3746,1
18076,0
79542,1
32244,0
32738,0
44762,0
60823,1
41154,0
4294,1
5544,1
85644,0
91162,0
92607,0
44138,0
21378,0
106623,0
34588,0
21165,0
47467,1
14874,1
80688,0
74153,1
98182,0
63932,0
111783,1
94069,0
99573,1
113969,1
71891,0
115026,0
12432,1
47023,0
34148,0
25922,0
69935,1
25520,0
74652,1
116820,1
28541,0
43387,0
71232,1
33493,0
42579,1
74192,1
13734,0
49679,1
79804,0
11440,1
12824,0
78040,1
22757,0
80373,1
34236,1
119034,0
6388,1
90227,0
71521,1
91166,0
79271,0
55792,0
72996,1
64121,1
117627,1
56246,1
25119,0
80079,1
38151,0
39229,0
3161,0
73824,1
73885,0
90642,1
25355,0
19893,1
63938,0
8967,1
34925,0
3930,1
92052,0
94144,1
37975,0
5141,0
90351,1
5372,0
84210,0
107197,0
19502,0
108891,1
22178,0
101836,0
39350,0
69268,1
51184,0
86806,0
27292,0
25297,0
109286,0
80852,0
63615,1
39960,1
4787,1
70439,1
26784,0
115381,0
78658,0
34689,1
50308,1
23495,0
80118,1
79063,0
68319,1
56243,0
88345,0
14381,0
10254,0
77402,0
75649,0
24332,0
72058,1
11357,1
36844,0
85408,0
58642,0
35508,1
73348,1
31258,0
79174,0
100853,0
51350,1
7664,1
57214,1
59112,1
12486,0
50043,0
85150,0
76656,0
108921,0
100272,1
82836,1
73903,0
19186,1
80011,0
117456,1
75727,0
89879,1
1092,0
57201,1
107182,0
100284,1
64667,1
98851,0
60742,0
56264,1
101524,0
50893,0
112189,0
96370,0
44136,0
71158,1
12320,1
25161,0
46997,0
111424,0
115255,0
7372,1
3027,0
114149,0
18799,1
95374,0
17758,1
70276,0
82495,0
56689,1
18322,1
13956,0
76226,1
88107,1
84259,0
41596,0
103635,0
5217,0
43482,0
73947,0
95917,0
33074,0
98302,1
40205,0
75390,1
62891,1
25256,0
5518,0
47028,0
85306,0
65515,0
18209,0
62081,1
116765,1
89886,1
8848,0
53326,0
65107,0
81970,1
18413,0
118375,0
74181,1
17591,0
56667,1
68474,1
110501,0
7330,1
113096,0
42162,1
37430,0
17508,0
35620,0
94402,0
91826,0
63233,0
84040,0
117229,0
32638,1
111559,0
56351,1
56342,0
57142,1
58733,1
105369,0
86112,0
13462,1
37116,0
24830,0
14507,0
21716,0
22163,0
66585,1
22049,0
55337,1
40932,1
102335,0
29958,1
39713,1
105040,0
48443,1
47688,0
60492,0
104774,0
97315,0
58523,1
53120,0
6728,0
6083,1
13753,0
114371,0
69998,0
36272,0
56260,1
95352,0
40656,0
87541,0
68886,1
92830,0
2241,0
49298,0
82105,0
107876,0
15709,1
76387,0
56586,0
85032,1
79056,0
100556,0
13419,1
103301,1
110832,1
42997,0
61581,0
38230,1
98029,0
118290,0
66172,1
23742,1
91001,0
94257,0
67610,1
106588,0
90358,0
19480,0
62262,0
77608,0
702,0
107788,1
70466,1
43531,0
59511,1
110238,0
22352,0
39632,0
2310,0
77306,0
76676,0
100630,0
81677,1
8818,0
5521,0
21471,0
17979,0
5765,0
45539,1
33275,0
23984,0
81876,1
77377,1
40531,0
67992,1
95523,0
92242,0
96323,1
12615,1
36281,0
39783,1
97930,0
66953,1
104649,0
28398,0
75566,0
91830,1
54388,0
62704,1
100723,1
40749,0
97099,0
107697,0
103435,1
39972,0
118882,0
66866,1
65797,1
8691,1
14838,1
24867,0
102929,1
97891,0
47847,1
34350,1
117731,0
98225,0
97881,0
36795,1
5153,0
94184,0
46162,1
117470,1
82088,0
32757,0
115307,1
65474,1
27930,1
80964,0
65605,1
71997,1
72559,0
53619,1
59343,0
89631,1
22762,0
10428,1
98937,0
48650,1
64736,1
39420,1
47648,0
33779,0
39715,1
89188,0
20970,0
13984,1
8810,0
74899,1
82858,1
52584,0
111866,0
12184,1
65538,1
115608,1
34738,1
49807,0
113923,0
72133,0
110096,0
7576,0
116340,0
47265,1
21627,1
6785,0
24323,0
112283,0
67851,1
30349,0
70672,1
107424,0
104647,0
11957,1
27025,0
88690,0
110885,0
73777,0
28949,0
74983,1
90585,0
22384,1
74905,1
28884,0
6281,1
811,0
86792,0
18737,0
38834,0
79451,1
3135,0
57382,0
19983,0
36640,1
84632,0
103847,1
17317,0
47714,1
116447,0
39443,0
50106,1
76987,0
98656,0
8727,1
7809,0
23080,0
112142,0
108648,1
104730,0
86797,0
117739,1
103583,0
36298,0
72993,1
37174,0
39641,1
93607,0
60755,0
55205,1
13887,0
7128,1
63820,0
118393,0
80352,0
40069,1
45146,0
90783,0
64167,1
66685,1
54406,0
24531,0
10983,0
73994,1
67381,1
104606,1
40642,0
10893,1
914,0
21794,0
83891,0
40937,0
2612,0
3794,0
112199,1
20890,0
103376,0
58867,1
25424,0
92448,0
18640,0
86115,0
44127,1
35424,1
54841,1
94633,0
62249,1
88050,0
79952,0
56654,1
116477,1
60009,1
26629,0
105937,0
58547,0
110333,1
4336,1
24077,0
39608,1
64801,0
104852,0
59958,1
57586,1
53574,0
28524,0
96893,0
52286,1
52150,1
12867,0
59040,0
110482,0
40941,1
62163,1
22325,0
21576,0
88502,0
96364,0
51960,0
77526,1
97086,0
58347,1
112048,0
108677,0
22546,1
739,0
77069,0
80785,0
115441,0
79373,0
83068,0
16368,0
37938,1
54409,0
15463,0
559,1
78100,0
5450,1
74005,1
3711,1
21003,0
118584,1
59726,1
10894,1
12461,0
115811,0
67974,1
8199,0
31793,1
102554,0
39464,0
56159,1
114350,0
99508,0
118252,0
66197,1
12229,1
54353,1
53547,1
6758,1
14066,1
1862,0
102044,0
9566,1
93738,0
1272,0
53398,0
82387,1
117011,0
34891,0
117233,1
75505,1
50945,1
72105,1
35976,0
2058,1
7191,1
1762,0
37442,1
46231,0
118999,1
78347,0
6272,1
7658,1
24985,1
80477,1
33532,0
41869,0
52046,0
67817,0
56232,0
61872,1
33881,0
45938,0
36099,0
72188,1
69565,1
103246,0
8103,0
94623,1
56759,0
117100,0
44123,1
53780,1
103202,1
58021,1
114764,0
27754,0
39396,1
68842,0
71574,1
71017,1
96423,1
98695,0
115176,0
91533,0
74362,0
58854,0
60719,0
4049,1
11674,1
29936,0
7029,1
44330,1
112318,0
55633,1
46553,0
48814,0
6036,0
35305,1
97244,0
66001,0
53997,1
96548,0
42079,1
24394,0
33022,0
62960,1
94142,0
3590,1
54717,0
28952,0
102818,1
37273,1
70296,1
49493,1
2380,1
49361,1
55756,1
12021,1
74332,0
83926,0
11706,1
26051,1
11777,1
46098,1
109946,0
1581,0
66717,0
113176,1
79593,0
45139,0
12510,1
71332,0
86842,0
19237,1
27834,1
1702,0
2570,0
82384,1
113362,0
107909,0
51261,1
65198,0
32750,0
48278,0
3122,0
8300,1
12328,0
79950,0
109166,0
6582,1
76072,1
69181,0
5006,1
73446,1
118182,0
111459,0
14332,0
105208,0
35594,0
82756,1
10373,1
19425,0
40429,0
40640,1
97380,0
118322,0
81120,1
106799,0
77293,0
108981,0
102296,0
75931,1
116266,0
113170,0
92291,0
21034,0
3705,0
80830,0
39413,0
103021,1
54231,0
69395,1
2895,0
65477,1
37246,0
41843,0
9645,1
20680,0
114760,0
90146,0
46835,1
93625,0
12238,0
91253,0
76739,0
46658,0
114271,0
101925,0
88718,0
2223,1
109516,0
113279,1
70828,1
10398,0
16666,0
103434,1
26812,0
100355,1
95211,0
117779,0
34952,1
66388,0
69749,1
10962,1
110468,1
47844,1
52423,0
63,0
6971,0
76103,1
105169,1
89329,0
66165,0
47207,1
116288,1
67185,1
28560,0
14423,0
118173,1
58987,1
78610,0
5114,1
42798,1
25443,0
35910,0
69779,1
111868,1
111011,0
63413,0
82386,1
69190,0
81959,1
15590,0
86839,0
81140,0
56919,1
56868,1
94927,0
17187,0
17952,1
7445,1
89871,0
27568,1
88430,0
55096,1
98361,0
45377,0
54225,0
53853,1
11195,1
54336,0
12500,1
41324,0
87213,0
74705,0
26572,1
117409,0
101163,0
99369,0
93472,0
105229,0
25507,0
15605,0
82515,0
86883,0
57136,1
59056,1
41023,0
13692,1
109330,1
72260,0
35329,0
93440,0
69866,1
49784,1
64327,1
6751,0
89972,0
16697,0
100804,0
17178,0
91578,1
77405,0
61680,1
66126,0
30566,0
54295,0
59560,1
45479,1
9121,1
8864,0
117592,0
63966,0
63466,1
23638,1
64536,1
40509,1
58927,1
100689,0
13352,1
81429,0
64835,1
7589,1
90503,0
17947,0
1475,0
100154,0
32667,1
115262,1
63243,0
110404,0
64193,1
88558,0
37094,0
35876,0
59386,0
8626,1
8825,0
41788,0
118662,0
26728,1
83123,0
28919,0
56315,1
21645,0
81662,0
91572,0
75187,1
63255,0
116453,1
2351,0
34986,0
109465,1
86950,1
79737,0
111596,0
36243,1
62757,1
107823,0
91028,0
108164,1
33126,0
3031,0
80026,0
112676,0
51779,0
10,0
81735,1
105511,1
86138,0
94462,0
88261,0
38293,1
96771,0
93502,0
72657,1
53663,1
103219,0
45537,1
23152,0
72309,0
107371,0
27854,0
32989,0
66708,1
80183,0
41135,0
116979,0
30830,0
53287,1
79682,0
7718,1
39430,0
30227,1
47130,0
75542,1
106161,1
75145,1
50541,0
112785,1
69045,1
93627,1
112241,1
45689,0
57381,1
56271,0
106582,1
44611,0
10874,1
108522,0
60429,1
42608,0
110629,0
9408,0
68974,0
101202,1
66065,1
82513,0
4845,1
36838,0
89832,0
86194,0
101532,0
40406,0
6506,0
96026,1
66439,0
66766,1
62619,1
72414,0
109077,0
756,0
12282,1
118856,1
88700,0
104125,0
88627,0
19982,0
105843,0
118980,0
116561,0
60877,1
78564,0
103012,0
9057,1
12956,0
32872,1
35347,0
118471,1
29038,0
5773,0
40603,1
73207,1
21695,1
27317,0
100567,0
52042,1
103073,0
75947,1
68085,1
78480,0
92623,1
42741,0
99822,0
47733,0
64091,1
77961,0
35844,0
108612,0
48399,1
84675,0
103117,0
61648,0
78535,1
34090,0
3581,0
87601,1
40325,0
37805,0
9841,0
41594,1
62321,1
111836,1
115615,0
30797,1
104529,1
103063,1
34774,1
103871,1
58602,0
82551,0
91936,0
27013,0
7670,0
110599,0
106640,0
42465,0
103479,0
43801,0
31774,0
94848,0
36952,1
59385,0
11778,1
58953,1
13797,1
72179,1
35090,0
27085,0
66769,1
1794,0
15471,0
109093,1
107893,0
101195,0
99353,0
40127,0
116788,0
43471,0
44247,1
72295,1
9421,1
45143,0
15548,0
100285,1
10826,1
106787,0
17505,0
64324,0
38643,0
117169,1
82334,0
64957,1
43478,0
94182,0
119072,1
45978,0
46851,0
13216,1
118644,1
94830,0
63040,1
69256,1
86428,0
46505,1
115906,0
114854,1
13875,0
82531,0
74621,1
29336,0
106419,1
103614,0
43953,1
60766,1
87529,0
6882,1
111116,1
25851,1
110556,1
97590,0
23444,0
16874,0
56028,1
83735,0
14812,1
10227,1
57885,1
37740,0
32495,0
68524,1
5480,1
15559,0
1534,0
67388,1
93694,0
47199,0
14626,1
39658,0
47094,1
9693,1
45262,0
54848,1
17738,0
34202,0
74072,1
38165,0
82909,1
88687,0
23604,0
93404,0
21216,0
87404,0
53286,1
23421,1
40488,1
102450,0
39793,1
40080,0
76416,1
1523,0
27995,0
95883,0
64861,0
56358,0
70207,1
42357,1
3107,0
19173,1
19728,0
11372,0
85173,0
88019,0
81152,0
34160,1
108387,0
85012,1
51214,1
74529,1
72482,0
50280,1
76564,1
70524,1
88028,1
3394,0
36935,1
7360,1
95136,0
30037,0
27919,0
97136,0
48276,1
54936,1
41465,0
89848,0
117192,0
76206,0
80669,0
101638,1
96243,1
72161,1
71893,1
49878,0
110991,1
27002,0
88020,1
86064,0
87918,0
73612,1
34193,0
108346,0
92479,0
71369,0
12680,1
33612,0
113647,1
111145,0
38215,1
97343,0
110025,0
62765,1
53121,1
31672,1
97869,0
80815,0
109195,1
10777,1
54051,1
80534,0
34098,1
6255,0
73859,0
32359,1
23931,1
116120,0
64128,1
114284,0
22032,0
74456,1
43921,1
7497,0
88764,0
113202,1
23259,0
53051,1
4714,1
103325,0
46270,1
33654,0
9298,0
16575,0
16239,0
92485,0
113877,0
1743,0
20883,0
42252,0
17301,0
13135,1
21202,0
19572,0
58490,1
5688,1
48829,1
43904,1
36330,1
99546,0
104432,0
91523,0
118990,1
85330,0
11056,1
8853,1
23338,0
20990,1
29114,0
82351,1
78533,0
73177,1
35150,0
11539,0
92178,0
28265,0
37949,0
73501,1
2418,0
34528,0
55733,1
7177,1
68144,1
66159,0
25791,0
13678,1
73113,1
53258,1
71751,0
86331,0
5514,0
83086,1
93026,1
93570,0
93596,0
52710,1
76045,1
106325,0
5572,0
9061,1
4122,1
21717,0
3172,0
68846,0
40323,1
69082,0
28996,0
43470,0
109311,0
76918,1
71648,1
62075,1
81338,1
31645,0
5644,0
35933,0
41628,0
25453,1
78565,0
19036,0
22084,0
102447,1
110031,0
86066,1
38736,0
42218,0
86274,0
65065,1
112840,1
101590,0
114769,0
9063,1
54689,1
93668,0
76488,1
111585,0
48184,0
69244,0
86974,1
92922,0
113932,0
17035,0
58366,1
74973,0
46738,1
5120,0
99564,1
84437,0
84938,0
94948,0
12771,1
24219,0
112035,0
119062,0
94369,1
108592,0
80945,0
67785,0
8053,1
103797,0
105895,0
10156,0
90188,1
27598,1
73268,1
109636,0
78605,0
34320,0
89853,1
70419,0
48931,1
36590,0
29522,1
41406,0
49336,1
13629,1
1459,1
56036,1
54785,1
17624,0
56706,1
67165,1
58884,1
103868,0
75640,0
18254,0
96208,0
47003,0
9576,0
13258,1
62496,1
42614,0
43688,0
66857,1
15743,0
112998,0
2804,0
100250,0
5300,1
10179,0
41091,0
91404,0
14142,0
110311,1
113217,1
26370,0
28529,0
116137,0
78642,0
99964,0
44894,1
44420,1
115671,0
43917,1
102983,0
26771,1
89999,0
118512,1
32121,0
78735,1
88896,0
89003,0
82870,1
38437,1
50497,1
14322,1
54417,1
49753,1
87901,0
43503,1
87666,0
82923,1
9135,1
103476,0
27938,1
62685,1
24429,0
46675,0
107018,0
101015,0
89991,0
902,0
102461,0
30847,1
80465,1
40408,0
42418,0
18901,0
99472,0
1358,0
39389,0
61370,0
83083,0
8444,0
94146,0
17977,0
39198,1
94535,0
114223,1
102564,1
16610,0
18990,0
61056,1
81507,0
53265,1
7728,1
25787,0
116576,1
82524,0
18010,1
9690,1
113119,0
30123,0
47617,0
119129,1
10624,1
46201,0
7022,1
65911,1
102071,0
41416,0
26764,0
94622,0
21867,0
88420,0
103823,0
116479,0
108477,0
49358,1
56040,1
64407,1
97479,0
81788,1
53677,0
84978,0
46008,1
65361,0
68468,1
116116,0
96791,1
1436,0
85379,0
98191,0
77334,0
113020,1
79883,1
35390,0
108621,0
50991,0
75165,1
69660,1
106099,0
74896,1
94251,0
115285,0
86638,0
8772,0
117317,0
64803,1
24226,0
2657,1
88872,0
22709,1
52752,0
38330,0
117550,0
20567,0
1005,0
36381,0
61473,1
97523,0
283,0
55548,0
117309,0
82118,0
95402,0
54107,1
115530,0
90942,0
118148,0
76308,0
5242,1
83208,0
108056,0
12042,1
110390,0
20009,0
95217,0
43579,1
68456,1
54458,1
91846,0
13370,1
6852,0
70750,1
72376,1
118560,1
39407,1
3241,0
2457,1
837,0
29800,1
90200,0
4382,0
66984,0
22850,0
110417,0
32636,0
77648,1
29183,0
63044,0
111766,0
93868,0
103915,1
89171,0
20151,1
1786,0
66576,1
43074,0
7388,0
56463,1
28783,1
16213,0
7261,1
43627,0
12091,1
59598,0
107599,0
84569,0
92200,0
111699,0
55642,1
113258,0
37494,0
46130,0
14546,0
93988,0
7365,1
118488,0
90138,0
53130,1
69506,1
22,0
53449,0
81217,0
70518,1
30024,0
106141,0
17585,0
52444,1
34140,0
64800,1
47380,0
36056,0
27879,1
77949,0
1341,0
3516,0
74869,1
18725,0
108,0
66968,1
5995,0
41008,1
20713,0
59693,1
71588,1
7189,1
67876,1
66007,1
89893,0
8972,1
63339,1
23515,0
29186,0
4969,0
22959,1
77805,0
113031,0
94288,1
71403,1
53085,1
52196,0
55443,1
69798,1
70756,0
110230,0
15551,0
77219,0
14078,0
83036,1
94515,0
28693,0
114498,0
22773,1
103623,0
27696,0
118328,1
70906,1
82169,0
70,0
89299,0
70304,1
54902,0
75496,1
58011,1
45404,0
20443,0
15324,0
109508,1
100675,0
68365,0
47826,0
14094,0
37182,0
67168,1
17196,0
81804,1
94657,1
67287,1
31811,1
113420,0
61147,0
1114,1
14647,0
66832,1
106968,0
42329,0
91688,1
102662,1
76815,1
50984,0
22396,0
109758,1
50267,1
54196,0
6221,1
78114,0
41213,0
69390,1
33312,0
1696,0
94233,0
85545,0
69344,1
75330,1
5048,0
41663,0
17860,0
12951,1
26954,1
81323,0
18931,0
3517,1
94607,0
69853,1
83657,0
81412,0
115074,1
50820,0
9779,1
108623,0
18215,1
34032,1
30714,0
87066,0
37596,0
100861,0
77024,0
77694,1
28788,1
61506,1
20538,0
81754,1
115329,1
119160,1
74406,1
57967,1
41459,1
83311,0
39274,1
19956,1
84004,0
72762,1
31803,0
4285,0
50519,0
51663,1
86706,1
69435,0
11018,0
38700,1
101893,0
13230,1
52590,0
77466,0
103830,0
86632,0
11224,1
48120,0
12495,1
66700,1
91171,0
30772,0
53372,0
91679,0
77723,0
98888,0
56791,1
26993,1
78245,1
102904,0
16475,0
103313,1
113758,0
26962,0
111388,0
16875,0
8449,0
104158,1
84230,0
17835,0
2003,0
85454,0
74807,0
118758,1
34017,1
61902,0
21057,0
111251,1
117729,0
10445,0
16694,1
67562,1
15784,0
60047,1
107815,0
47484,1
78185,0
71284,1
84534,0
59746,1
67246,1
74450,1
83643,0
108876,0
38455,0
18779,1
29610,0
14452,0
100496,1
14334,0
51166,0
18479,0
31121,0
100122,0
86802,0
81586,1
105699,0
62503,1
87910,1
10066,1
71231,1
62171,0
86903,0
4731,0
20920,1
32734,0
109770,0
72987,0
83567,0
111784,1
43321,0
18776,0
12885,1
119216,0
61678,1
100897,0
76042,1
96040,0
28236,0
67276,0
3648,0
114031,1
39920,1
4812,1
113179,0
119245,1
46613,1
68362,1
53751,0
5918,1
77532,0
99189,0
15332,0
52555,1
54265,1
64716,1
74394,1
71904,0
110288,0
82365,1
49513,1
65073,1
75342,1
14268,1
107085,0
7016,1
58579,0
45535,1
84774,0
13773,0
60038,1
2237,0
75152,1
63113,1
112209,0
112042,1
8306,0
29932,0
8173,0
28175,0
50828,1
68602,1
27976,1
54873,1
78646,0
19485,0
7553,0
5235,1
96822,0
100975,1
68096,1
82918,1
107436,0
112179,1
28710,0
35919,0
76606,0
29105,0
17007,0
60111,0
65487,1
106740,0
84703,0
87672,0
17420,0
57324,0
16769,0
65051,1
58046,1
48341,0
58270,0
47507,0
93011,0
63010,1
80893,0
71977,0
58475,1
75089,1
74751,0
71774,1
83297,0
113073,1
42881,0
42269,0
45733,0
105674,1
112085,1
46877,0
93239,0
100343,0
1790,0
14899,1
2883,0
50036,0
23109,0
39040,0
2296,0
67573,1
9754,1
80838,0
118955,0
108273,0
66195,1
40366,0
63743,0
43884,1
68884,1
66177,1
86990,1
36522,1
75091,1
110327,0
80404,1
102439,0
69036,0
41653,1
96573,0
65728,1
86918,0
86515,0
84206,0
44027,0
86577,0
91100,0
57749,1
102346,0
107448,1
6456,1
20747,0
93127,0
20694,0
113759,0
27520,0
81048,1
17090,0
34693,0
119240,1
16975,0
51618,1
454,1
47606,0
69981,1
76064,1
3802,1
67308,1
40357,0
79620,0
19108,0
57138,1
113144,1
267,0
49102,1
49007,1
59336,1
112719,1
43474,0
106245,0
59742,1
22473,0
7248,0
69732,1
90488,0
119023,0
8440,1
65528,1
46887,1
75138,1
114627,0
29994,0
1813,0
106698,0
117455,0
90111,0
91640,0
21301,0
17886,0
70516,1
3412,0
37939,0
68324,1
72406,0
116196,0
10084,0
90748,0
101274,0
97635,0
92088,1
106380,0
33134,0
40478,1
102770,0
96815,0
1337,0
23341,0
6057,0
4922,0
106503,0
76849,0
61753,1
73182,1
26164,1
71626,1
10503,0
22896,0
3124,0
26235,1
79893,0
48100,0
114003,1
33149,0
28769,1
63429,0
28170,0
98804,1
11533,0
23953,0
106749,0
102398,0
118503,1
100608,0
97477,0
98237,0
95301,0
20631,0
77449,0
4880,1
47323,1
9160,1
1771,0
117347,0
27538,0
23297,0
56225,0
115500,0
100090,0
57575,1
113003,1
99439,0
89037,1
61028,0
113726,1
104783,0
46111,0
88460,1
28813,0
89949,0
86031,0
77540,1
12398,1
36498,0
115399,1
66977,1
97141,0
45032,0
94128,0
3093,1
99003,1
71632,1
21288,0
17555,0
68053,1
20029,1
17235,0
48552,1
30021,0
68727,1
78724,0
55290,1
26787,1
49922,1
104377,0
72608,1
33607,1
46873,1
60787,0
10303,1
536,1
38472,0
39243,1
14901,0
18546,0
114293,1
95284,0
4522,0
64451,1
24948,0
104722,1
60565,0
1628,0
102704,0
57367,1
84533,0
107429,0
55596,0
34827,1
19380,0
89051,0
63866,1
112661,0
25549,0
48596,1
54522,1
37941,1
65206,0
75948,1
95730,0
75259,1
101779,0
100798,0
78087,0
19033,1
116827,0
48633,0
78389,0
86440,0
13618,1
108882,0
61077,1
103038,1
102899,1
92838,0
118394,0
33787,0
79449,1
10177,0
49557,1
62001,1
102352,0
103744,0
20416,0
26568,0
104316,0
107097,0
81138,0
72245,1
111738,1
15562,0
109731,0
107839,0
50270,0
28677,1
54342,1
6805,0
84033,0
94911,0
71138,0
13261,1
28678,0
42190,0
8028,1
66660,1
43938,1
47812,0
37841,0
41564,0
14918,0
14690,1
31725,1
28232,1
71927,0
9522,1
112508,0
19181,0
47001,0
118123,0
68300,1
3589,1
19433,1
88495,0
92359,0
14105,1
108267,0
31233,0
81603,0
72696,1
29113,1
99930,1
45268,0
19217,1
80685,0
96450,0
35409,0
16845,0
18436,0
38505,1
96931,0
2894,0
71209,1
98269,0
29695,0
84759,0
90124,0
43227,0
60572,0
2730,0
62471,1
10646,1
92482,1
83243,0
71310,1
90004,0
68751,0
102698,0
68885,1
19245,0
57075,1
31072,1
34894,0
14615,0
69638,1
31891,0
88432,1
8390,0
38919,0
53350,1
12248,1
71980,0
12241,1
79621,0
79197,0
97439,0
110381,0
73740,0
15802,0
9178,1
44672,0
88042,0
46747,1
72680,1
99608,0
116465,1
16487,1
20599,0
68570,1
97987,0
88438,0
73542,1
112739,1
117425,0
78723,0
82951,0
2891,0
2042,0
28197,0
94792,1
24841,0
16009,0
70733,1
117667,0
67473,1
20330,0
109001,0
24944,0
29866,1
22520,1
23619,0
49979,1
1903,0
83406,0
107250,0
26949,0
4236,0
25786,0
90799,0
104884,0
2056,1
95335,0
46298,0
78140,0
74052,1
34707,0
39934,1
89618,1
86679,1
24336,0
96184,0
38686,1
109060,0
114402,0
57141,1
19695,1
459,1
70255,0
79293,0
96994,0
93984,1
91187,0
91984,0
26376,0
35204,0
72978,1
17811,0
30468,0
37293,1
55315,1
80053,0
92370,0
80738,0
99613,1
67487,1
114438,1
61992,1
50022,1
79949,1
22108,0
30296,1
78870,0
58681,1
27526,1
114878,0
7611,0
3805,1
36613,0
44997,1
99538,0
104629,0
93012,1
57799,0
48225,1
90714,0
65807,0
110676,1
55113,0
8159,0
35668,0
81502,0
6786,1
4296,1
17602,0
25554,1
102179,0
67666,0
115474,0
118239,0
72283,0
71653,0
9920,0
6696,1
74400,1
104727,0
5727,0
72292,0
67550,1
47551,0
15833,0
108316,0
109366,0
25810,1
43854,1
95736,1
68710,0
13819,1
56037,0
24398,1
72603,1
109861,0
77742,0
105076,1
9646,1
78838,0
81434,0
18208,0
100238,0
21916,1
67547,1
14683,1
11918,0
115269,1
109423,0
41946,0
55057,1
106953,1
84464,0
82808,1
13350,1
58755,1
73059,1
53609,1
27162,0
71476,1
89024,0
86173,0
80887,0
1318,1
50254,0
28424,0
13430,1
32492,0
112514,1
86623,0
111593,0
16129,0
56937,1
70040,0
112208,0
71412,1
13320,1
90720,0
62297,1
33390,0
54627,0
36340,1
104827,1
71953,1
13838,0
23305,1
48373,1
63502,1
89092,0
72856,1
99074,1
110865,0
56214,1
67466,0
53695,0
27717,1
80663,0
53319,0
31426,0
38633,0
29551,0
72411,0
5711,0
17175,0
12204,1
3429,0
117776,0
49057,0
105681,0
23989,0
43793,0
69356,1
51442,0
3575,0
32880,0
93350,0
109128,1
34003,0
67597,1
63006,1
14986,1
27944,1
94178,0
87140,0
94869,1
103471,0
44767,0
4997,1
105856,0
15668,0
15333,0
71206,1
1955,0
75600,0
88592,0
66460,1
27868,0
78614,0
69664,1
18965,0
5666,1
104524,1
96345,1
109376,0
58505,1
108919,0
61071,0
56798,1
60367,1
110767,1
67917,1
30047,0
84228,0
34576,0
10560,1
61577,1
71451,0
82679,0
105228,1
112666,0
111712,0
106542,1
38343,1
54656,0
77883,0
59974,1
119211,1
13470,1
35765,1
94477,0
2346,0
4374,0
111000,0
25384,0
31365,0
768,0
9228,1
30490,0
109805,1
22626,0
18477,0
76694,0
85177,0
84140,0
30412,0
21364,0
94498,1
114475,1
39707,1
51869,0
64228,1
3525,1
31794,0
37932,0
221,1
98224,0
101456,1
57049,1
101314,1
5365,0
108361,0
3347,0
88976,0
60069,0
82750,1
46682,0
52707,1
115834,1
29173,0
73400,1
22110,0
51074,0
27595,0
103022,0
56382,0
84608,0
113392,1
103205,1
3495,1
45176,0
7232,1
1020,0
29399,0
64080,1
29718,1
10752,1
87483,0
90310,0
28843,1
215,0
8077,1
98980,0
66242,1
87682,0
59643,1
41420,0
38837,1
32205,1
17010,0
29370,1
87949,0
27377,0
22413,0
99455,0
109875,1
103558,0
101548,0
97418,0
87146,0
82538,0
100965,0
32357,1
86880,0
76979,0
111013,0
67145,1
105590,1
116454,0
93809,0
88045,0
99660,0
14659,0
15980,0
16419,1
97021,0
67193,1
26551,1
17251,0
9386,1
74403,1
63737,0
5515,1
95577,1
99662,0
96103,0
101621,0
54515,0
16191,0
95959,0
41784,0
118950,0
56425,1
38703,1
117992,1
87575,0
52350,1
53809,1
58371,0
33350,0
41655,0
29450,0
28960,1
67415,1
89690,0
31741,0
4886,1
22741,1
75140,1
22328,0
36043,0
100393,1
27342,1
28407,1
79310,0
45751,0
12751,1
98265,0
24738,0
25579,1
106809,0
58802,1
97319,1
109078,0
114589,1
21124,0
85156,0
80742,0
51915,0
104551,1
103627,0
71340,1
71623,1
85327,1
19477,0
109555,1
70821,1
99683,0
62367,1
107008,0
100444,1
83663,0
72906,1
47398,0
24197,0
113869,1
46861,1
65141,1
13346,1
103388,0
72142,0
73001,1
46757,0
107023,0
28797,0
23667,1
52511,1
65244,1
114063,1
110760,1
6410,1
84244,0
59768,1
97011,0
115745,1
117021,1
93274,0
20091,0
102391,1
16469,0
53798,1
70846,0
1491,1
74943,1
39132,0
47531,0
116439,0
58196,1
12057,1
56568,0
27882,1
104118,0
73297,1
79328,0
21499,0
69099,0
37104,0
103571,0
52345,1
71303,1
15716,1
9309,1
22474,0
101101,0
16347,0
54241,1
61749,0
57650,0
86698,0
48421,0
62181,0
28020,0
71407,1
43639,0
108600,0
33513,0
24707,1
19518,0
29204,0
107444,1
85822,0
109287,0
100924,0
85469,1
89241,0
16054,1
100117,1
77245,1
33211,0
1944,0
26577,1
117780,1
54646,0
38115,1
35570,0
79851,1
17212,0
105396,0
104441,0
30644,0
88936,0
37189,1
69997,1
56840,0
31931,1
27208,0
24371,0
34299,0
48343,0
22776,1
77534,0
44162,0
58325,1
70838,1
83951,0
98913,0
65410,0
104505,0
5840,0
90576,0
15158,0
4238,0
98502,0
77971,0
37695,0
25364,0
114990,0
32877,0
15616,0
56025,0
39676,0
35194,0
40161,0
82672,0
89089,1
60318,1
19666,0
3900,0
93199,0
84074,0
73865,1
8547,0
32156,1
117226,1
81390,0
70462,1
94384,0
111743,0
6073,0
95545,0
21557,0
67840,1
87552,0
90655,0
3500,1
4902,0
86452,0
15393,0
65320,1
114587,0
112123,0
51579,0
86023,0
116663,0
82618,0
16441,0
57111,0
38762,1
114815,0
74604,1
10878,0
46168,1
56855,1
76225,1
61610,1
15068,0
56805,0
77233,0
31114,0
96216,1
42389,0
83242,1
111694,0
14496,0
68222,1
61343,1
1156,1
82443,0
83535,0
20464,0
93707,1
42873,0
90817,0
32707,0
13004,1
81893,1
79331,0
32754,1
48914,1
65908,1
64148,1
87360,1
77258,1
81417,1
6131,0
99598,1
118354,0
10183,0
61108,1
54512,0
4052,0
84860,0
33565,1
12921,1
30070,0
44416,1
76613,0
8591,1
10817,1
50442,0
24882,0
52948,1
19175,0
103511,0
76949,1
16344,0
109729,0
56454,0
7070,1
61449,1
16895,1
6295,1
75167,1
80679,0
54368,1
112030,0
8292,1
79611,0
102738,0
96059,1
88467,0
35214,0
50919,0
89429,1
96394,1
109734,1
61019,1
119376,0
94232,0
31603,1
56902,1
73469,1
80475,1
104846,0
13652,1
90234,0
19203,1
111235,0
24684,0
53863,1
62439,1
62018,0
32204,0
42856,0
9798,0
116980,1
101696,0
52506,0
57986,0
104858,1
96408,0
118425,1
13886,0
80750,1
17526,1
55550,0
25144,0
104950,0
95459,0
41845,0
68645,1
69618,1
18478,0
110196,0
55465,1
82258,0
10013,1
47252,1
59132,1
55023,1
38462,0
94277,0
108740,0
113751,0
16388,0
67289,1
32260,0
5903,0
109893,1
29937,0
112476,0
109190,0
99640,0
46782,0
16077,1
104664,0
78964,0
61714,1
48641,0
58925,0
3289,0
97701,0
79761,0
67191,1
24520,0
12699,1
70760,1
34569,0
4255,0
48253,1
77844,0
34171,0
45796,1
33988,1
24702,1
78929,0
115858,0
34524,1
60933,0
42568,1
18608,0
8225,0
55159,1
95511,0
117720,1
117150,1
8033,1
11168,1
50489,0
6245,1
84331,1
20434,1
78726,0
8342,1
37422,0
6344,0
65508,1
110222,0
25351,0
111814,0
87469,0
84566,0
55083,1
88274,0
31494,0
45779,0
16406,0
69223,1
21291,0
48723,0
99398,0
112024,0
95056,1
73583,1
46811,0
25710,0
3947,0
19257,1
24208,0
104418,1
19898,1
6581,1
84161,0
41853,0
42170,1
108197,0
32007,0
44748,0
11965,1
99619,1
5539,0
60925,1
68045,0
39746,1
77239,0
62906,1
114304,0
80690,0
37110,1
107256,0
29944,0
3331,0
71510,0
56130,1
62184,1
50485,1
16767,0
20294,0
104375,0
14167,0
115710,0
46052,1
76716,0
72731,1
17796,0
7762,1
39550,1
103198,0
13392,1
89813,0
22524,0
117178,0
16816,0
116911,0
82775,1
31988,1
114042,1
69505,1
40485,0
70084,1
92368,0
3431,0
20642,0
69021,1
65170,1
55441,1
43851,1
27985,0
18879,0
62530,1
10608,1
48321,0
17557,0
109408,0
26880,0
52705,1
69137,1
66631,1
115212,1
116398,1
82754,1
114239,0
50200,0
29824,0
22488,0
29693,0
97602,0
65642,0
45986,1
96293,0
46565,0
29540,1
102191,0
103715,0
30744,0
95715,0
55599,1
2523,0
118279,0
76516,0
52733,1
7982,1
10739,1
103241,0
80904,0
45245,1
65260,0
7800,0
44215,0
42262,1
113291,0
85051,0
28980,0
111242,0
5321,1
65021,1
48539,1
24402,0
85,0
76208,0
58299,1
41692,0
21310,1
55005,1
80032,1
98776,1
75891,0
37171,1
105615,1
47496,1
17205,0
100970,1
91402,0
8963,1
98179,0
56460,1
37834,1
28041,0
105275,0
99400,0
93581,0
80510,1
74569,1
49760,1
116110,0
49196,1
58761,1
99046,0
52349,1
72927,1
80749,1
53961,0
116691,0
66889,1
107780,1
61964,0
110952,0
9618,0
55064,1
98471,1
47899,1
66741,1
4960,0
60401,1
85402,0
8152,0
47300,0
111571,0
20025,0
50070,0
91016,0
61471,0
94977,0
34646,1
99918,1
17098,0
15267,0
6117,1
118283,1
71532,1
116890,1
88285,0
60497,1
34027,0
83848,0
91209,0
103686,0
9701,1
77343,0
117546,1
64782,0
226,0
50163,0
87352,0
7558,1
49552,1
88506,0
114825,0
18511,1
12557,1
54333,0
61987,1
33587,0
97320,0
24296,0
30499,1
45691,0
22070,1
98393,0
91970,1
13436,1
60768,1
30155,0
44553,1
99059,0
52366,1
111708,1
26619,1
106269,0
56873,1
99970,1
57823,0
81158,0
90641,0
99163,0
26230,0
95916,0
102941,0
19281,0
52528,0
69723,0
82903,1
113812,1
104143,1
56789,1
37234,1
29776,1
67151,1
2191,1
112391,1
32705,0
62624,1
57107,1
105149,0
38209,0
33967,0
98046,0
105526,1
98434,1
33687,1
117976,0
116666,0
40688,0
106933,1
43196,0
79715,0
15415,0
877,0
94092,0
63068,0
119269,1
69141,0
12822,0
101898,0
14427,0
73663,0
30261,1
99752,0
47699,1
106386,1
68019,1
104589,1
76165,1
92423,0
17475,0
37417,0
91574,0
67854,0
48075,1
30652,0
20200,0
113265,0
105180,0
48828,0
27562,0
101786,0
20761,0
62888,0
34427,0
3282,0
96055,1
37799,0
111546,0
62190,1
85279,0
55297,1
7091,1
14379,0
117326,0
38285,1
51502,1
87105,1
20411,1
26348,0
60224,1
3386,1
91708,0
4456,1
101919,1
33855,0
75743,0
79907,0
89233,0
37142,0
89968,0
20231,0
42538,0
74123,1
41525,0
107821,0
13213,1
60912,1
107338,0
21426,0
55354,1
56353,1
14185,0
6439,0
41482,0
52093,0
111065,0
64874,0
20768,0
65878,0
35484,0
10266,0
103800,0
47525,0
99579,0
16234,0
101579,0
46055,1
90979,0
86751,0
62848,1
98598,0
36974,0
28242,0
75637,0
101540,0
68354,1
64875,1
50343,1
23367,0
68249,1
50184,0
84283,0
1246,0
17309,0
76233,1
3511,1
71794,1
114879,1
68552,1
116597,1
111633,0
25835,0
89947,0
72244,1
91546,0
64518,0
3820,1
55932,1
15361,0
105821,0
112900,0
25813,0
49079,1
45462,0
24301,0
13109,0
102644,0
35736,0
70814,1
116792,0
6384,1
110170,1
11033,1
98544,0
86562,0
84000,0
47538,0
28676,1
8064,1
87800,0
12599,1
39579,1
37878,1
43330,1
85223,1
9917,1
84168,0
64010,1
30862,0
62541,1
18959,0
65001,1
94814,0
69241,1
29360,1
86332,0
84160,0
61265,0
34594,0
111112,1
74502,1
110384,1
88270,0
39596,1
14805,1
16159,0
30294,0
27247,0
116405,0
18414,0
53422,1
23118,1
116301,1
69785,1
116936,0
86297,0
55406,1
87322,0
74824,1
32732,0
86172,0
3,0
29458,1
22787,1
114833,0
115899,0
5398,1
54706,0
54591,0
100626,1
114087,1
96746,1
38871,1
101910,0
78051,0
43414,1
117889,1
4443,0
96621,0
55906,1
36555,0
119297,0
1367,1
108599,1
107513,0
83493,0
107157,1
58464,0
38908,0
62294,1
79065,0
60236,1
56691,0
42009,0
95629,0
55698,1
34408,0
90486,0
67014,1
118897,0
95837,0
20523,1
21697,0
75078,1
91074,0
107672,1
59384,0
43683,0
53982,0
99517,1
77034,1
74080,1
26122,0
81854,1
112236,1
118939,1
32515,0
46292,0
14328,0
45973,1
95655,0
50788,0
109749,1
43477,0
42212,1
94415,0
59801,0
30536,1
48084,0
64700,1
55789,1
88079,1
75319,1
41600,0
80542,0
79966,0
68821,1
78571,0
92280,0
83633,0
80450,1
79086,0
90016,0
41780,0
6357,1
48935,0
17695,0
24385,1
108246,0
567,0
24424,0
107505,1
47879,0
115814,0
48122,0
7584,0
37097,0
42380,1
37214,0
18152,0
76894,1
26257,0
87366,0
9892,0
51423,1
108572,0
95565,0
100553,0
105258,0
88754,0
7851,0
38182,1
106619,0
108180,1
91551,0
109598,0
89854,0
70488,1
49905,0
103235,1
96538,0
43499,1
103801,1
101167,0
101434,1
48721,0
23277,0
63573,1
78801,0
67927,0
59471,1
1384,0
4932,1
81474,0
106924,0
96286,0
27118,0
35613,0
99979,0
27388,0
115023,0
38424,1
59020,0
82465,0
67966,1
16563,1
75246,1
110319,0
63914,1
20178,1
107247,1
57443,0
27099,1
89996,0
54955,0
68462,0
613,0
110919,0
14152,0
40617,0
17204,0
2617,0
4888,0
87311,1
100478,1
64492,1
39839,1
117545,0
71475,1
9050,1
66574,0
62316,1
64446,1
49567,0
106347,0
79847,1
97070,0
18942,0
22624,0
114097,0
89179,0
48824,1
44908,1
4428,0
34665,0
41546,0
1753,0
18484,0
109857,0
56259,1
109744,1
65271,0
20385,1
19781,0
101345,0
98522,1
22712,0
90220,0
61986,1
39987,1
68371,1
32131,1
95303,0
55954,1
94452,0
25323,0
51605,0
75565,0
75405,1
66497,0
116769,0
53974,0
940,0
54365,1
92873,0
59151,1
88851,0
105496,1
45659,0
73171,1
103229,0
5716,0
5992,0
46365,0
109421,1
101477,0
57942,1
99479,0
59589,1
91586,0
83389,1
47955,0
24026,1
86245,0
14462,0
52886,1
51356,1
97908,0
63669,1
27852,1
52839,1
49773,1
26473,1
94480,0
38662,0
82150,0
117833,0
87817,0
78322,0
1060,0
83914,0
84129,0
50554,0
15653,0
41170,0
47377,0
89917,0
4986,1
25455,1
83305,0
9923,0
149,1
21542,0
115638,1
48766,1
96973,0
100171,0
71165,1
118612,0
13371,1
81331,0
86231,0
95007,0
115355,0
25137,0
51711,1
74440,1
91125,0
35061,0
3294,0
45936,0
79732,1
47978,0
2125,0
58585,0
57573,1
105313,1
23714,0
45569,0
93878,0
13355,1
105455,0
22750,0
118277,0
60116,0
52340,1
37101,1
110927,1
13530,1
45173,1
94648,0
110550,1
67286,1
73183,1
51707,1
27713,0
28879,0
68460,0
28087,0
7488,0
41775,1
7680,1
100240,0
93498,0
72863,1
37764,0
52233,1
1605,1
82939,0
78638,0
59555,1
88725,0
18411,0
78471,0
43001,0
7195,1
13353,0
80733,0
96284,1
8607,1
72088,1
70492,1
56053,1
117081,0
100776,1
105961,0
118678,0
11191,1
53025,1
65377,1
110043,0
118206,0
1660,0
36889,0
49625,1
61045,0
27155,1
2693,1
57912,0
6301,0
1240,1
37881,0
7278,1
4626,1
39463,0
101732,0
9053,0
35695,0
55166,0
48972,1
63150,1
68770,1
113417,1
82270,0
64561,1
92488,0
55486,1
2084,0
112137,0
836,1
28355,0
20823,0
48531,1
95277,1
9616,0
16899,0
74098,1
52142,1
85258,0
6933,0
34295,0
93982,0
113675,1
53421,1
102093,0
23910,0
118114,0
49235,0
10821,1
13362,1
3330,0
54341,1
95445,0
24743,0
33183,0
20881,0
24234,0
111535,0
36233,0
43073,0
1034,0
21669,0
23585,0
88363,0
41916,0
30122,0
55316,1
115001,0
8942,1
10470,1
70019,1
19878,0
103315,0
43678,0
26470,1
23354,0
24878,0
95055,0
21847,0
63934,1
78788,0
81332,0
91862,0
3014,0
23481,0
105057,1
8066,0
73703,1
62854,1
8394,1
64397,0
41441,0
112296,0
76027,1
11542,1
60092,0
39414,0
19006,1
27913,0
30040,1
58764,0
19444,1
72804,0
61215,1
7264,0
20877,0
111427,0
106252,0
43714,0
52737,0
109780,0
41228,0
99155,1
101731,0
32826,1
86073,0
95855,0
66820,1
79822,0
2224,0
42504,0
19552,1
38593,0
76397,0
26686,0
47212,0
117046,0
80210,0
100875,0
18137,0
68508,1
77063,0
93980,0
17564,1
97307,0
62767,1
27578,1
70857,0
9485,1
55002,0
44461,1
110065,0
90849,0
31100,0
60994,1
108092,1
36938,0
33642,1
77953,0
60623,0
9070,0
88284,0
18366,0
33415,0
77468,0
69996,1
89919,0
31273,1
82838,1
95036,1
32237,1
50741,0
106752,0
10168,1
93068,0
104611,0
45815,0
78447,0
70636,1
44985,1
91449,0
15798,0
74651,1
47630,0
25232,0
107874,0
1547,0
80291,1
22595,0
3194,0
67256,0
71581,1
27588,0
84205,0
75834,0
98138,0
119128,1
100075,0
71878,1
119101,0
81835,1
104312,0
108453,0
61696,1
56608,1
18338,0
19403,1
107010,1
48732,0
27702,0
11451,0
73558,1
53382,1
48405,1
116529,1
11152,1
86100,0
14871,1
41007,0
39176,0
36172,0
119105,0
68235,1
41173,1
113449,0
32718,0
4841,1
17605,1
53990,1
115089,0
86227,0
108363,0
12603,1
60747,0
24968,0
107060,0
86453,1
63937,0
82748,1
39195,1
7630,1
98175,0
89374,0
105989,0
7111,0
63904,0
78396,0
64830,1
61374,0
88400,0
87958,1
19950,0
38640,0
49447,1
50465,0
47002,0
113367,0
8994,1
44682,0
116154,0
27817,1
37653,0
94211,0
57772,0
87289,0
60730,0
43519,0
40698,0
78155,1
31415,0
37637,0
92430,1
7704,1
37403,0
67425,1
36074,0
52940,1
27718,0
23853,0
20779,0
48007,0
41113,0
108128,0
73144,1
118617,0
93767,0
74482,1
35089,0
35890,0
107560,0
73916,0
50694,1
23492,1
25234,1
4387,0
109711,0
113506,1
119302,1
25765,0
39052,1
32088,0
1866,0
70375,0
8254,0
44903,1
16135,1
30016,0
33276,0
30663,0
77786,0
90932,1
8127,1
58932,1
27198,0
30705,1
4164,0
88064,0
3272,1
90846,0
10368,0
87790,0
36657,1
96071,0
22509,0
59906,1
98697,0
83816,0
58380,1
50484,1
106725,1
65970,0
67474,1
100465,1
20607,0
115240,0
231,0
75359,1
61615,0
83942,0
102082,1
49408,0
100910,0
18016,0
30605,0
20224,1
49908,0
72017,1
71247,0
29318,0
4676,0
26427,1
55668,0
18294,0
51993,1
40036,0
27016,1
53079,1
1778,1
48092,1
47565,1
15881,0
112426,1
8729,0
45905,0
21460,1
99823,0
21718,0
24626,0
19862,1
35798,0
89546,0
21600,0
103825,0
98346,0
98694,0
43069,0
43489,1
57499,0
21551,1
68117,1
56438,0
47586,0
33244,0
91897,0
51805,1
38356,0
10827,1
56119,0
92685,0
7890,0
114433,0
19112,0
57260,1
6442,0
19051,0
93799,0
13832,0
48245,0
39394,0
108555,0
83970,0
6372,1
41722,0
67676,1
114601,0
2076,1
102098,1
83628,0
70247,1
72599,1
79764,0
18648,1
78771,0
53637,1
40529,0
86333,0
10841,1
15853,0
46354,0
117258,1
78806,0
55457,0
97889,0
32370,0
15546,0
81902,1
39472,0
6008,0
20858,1
26831,1
2490,0
58164,1
107904,0
90715,0
76485,1
91601,0
45648,0
2350,0
51479,1
95963,0
33484,0
113652,0
62505,1
94378,0
3515,0
7302,1
60650,1
108579,1
32666,1
98786,0
45216,1
73956,0
59147,0
108967,0
93649,0
57006,1
28743,1
63395,0
25069,0
117765,1
118541,0
4531,0
47329,1
51825,1
33691,0
44862,0
111859,0
76505,1
6514,1
21598,0
1248,1
40329,0
36185,0
67154,1
21244,1
49887,1
49754,1
105818,0
109814,1
1275,0
39846,0
28263,0
52664,1
18610,0
11720,0
2587,1
41541,0
106823,1
34416,0
28936,1
62988,1
17198,0
34166,0
82692,0
64346,1
73961,0
10803,0
4038,1
65265,1
49581,1
8411,1
89623,0
35565,0
117294,0
102348,0
43048,0
86124,0
29457,0
104107,0
102521,0
85839,1
88223,0
89138,0
17334,0
78604,0
82449,1
29149,1
70236,0
26253,0
13542,1
95954,0
90133,0
17859,0
49505,1
8793,1
21413,0
96565,0
22733,0
81939,1
100771,1
117494,1
87586,0
114254,1
106625,1
83890,0
103736,0
70704,1
50651,1
112970,1
79525,1
52103,0
17696,0
95743,1
29013,1
80342,1
118157,0
9494,1
103728,0
54018,1
27325,1
110873,0
58885,1
73343,0
68151,1
94118,0
115979,1
49702,0
112722,1
44666,0
15564,0
72417,0
40722,0
90893,0
90462,0
44022,0
32827,1
24794,0
73830,0
7817,1
105199,1
16715,0
25974,0
41060,0
58132,0
100502,0
91973,1
87302,1
5538,1
20038,0
12639,0
3038,0
14771,1
53094,1
55532,1
4239,0
85135,1
107452,0
17300,0
23955,0
66041,1
25356,0
38733,0
83113,1
105730,0
107464,0
7995,1
91509,1
74485,1
11232,0
73911,0
112937,0
110394,0
109775,0
63370,0
5448,1
84948,0
63907,0
65827,1
31593,0
105581,1
31108,0
